
> app@0.8.1 e2e-test-browser
> node ./scripts/run-browser-tests.mjs --reporter=line --timeout=60000 --workers=1

Building browser tests...
   Compiling vm-rust v0.1.0 (/private/tmp/dirplayer-combined-reviewed-20260916/vm-rust)
warning: lint `static_mut_ref` has been renamed to `static_mut_refs`
 --> src/lib.rs:1:10
  |
1 | #![allow(static_mut_ref)]
  |          ^^^^^^^^^^^^^^ help: use the new name: `static_mut_refs`
  |
  = note: `#[warn(renamed_and_removed_lints)]` on by default

warning: unused import: `HashSet`
 --> src/js_api.rs:1:34
  |
1 | use std::{collections::{HashMap, HashSet}, iter::FromIterator};
  |                                  ^^^^^^^
  |
  = note: `#[warn(unused_imports)]` (part of `#[warn(unused)]`) on by default

warning: unused imports: `NativeBehaviorReference`, `NativeChannelSnapshot`, `NativeDatumSnapshot`, `NativeDatumValue`, `NativeMemberSnapshot`, `NativePlayerNotificationKind`, `NativePlayerNotification`, `NativeScoreSnapshot`, `NativeScoreSpan`, `NativeScriptInstanceSnapshot`, and `format_numeric_value`
  --> src/js_api.rs:22:94
   |
22 |         datum_formatting::{format_concrete_datum, format_datum, format_float_with_precision, format_numeric_value},
   |                                                                                              ^^^^^^^^^^^^^^^^^^^^
...
34 |             HostEvent, NativeBehaviorReference, NativeChannelSnapshot, NativeDatumSnapshot,
   |                        ^^^^^^^^^^^^^^^^^^^^^^^  ^^^^^^^^^^^^^^^^^^^^^  ^^^^^^^^^^^^^^^^^^^
35 |             NativeDatumValue, NativeMemberSnapshot, NativePlayerNotification,
   |             ^^^^^^^^^^^^^^^^  ^^^^^^^^^^^^^^^^^^^^  ^^^^^^^^^^^^^^^^^^^^^^^^
36 |             NativePlayerNotificationKind, NativeScoreSnapshot, NativeScoreSpan,
   |             ^^^^^^^^^^^^^^^^^^^^^^^^^^^^  ^^^^^^^^^^^^^^^^^^^  ^^^^^^^^^^^^^^^
37 |             NativeScriptInstanceSnapshot,
   |             ^^^^^^^^^^^^^^^^^^^^^^^^^^^^

warning: unused import: `super::blend_pixel`
    --> src/player/bitmap/drawing.rs:4374:9
     |
4374 |     use super::blend_pixel;
     |         ^^^^^^^^^^^^^^^^^^
     |
help: if this is a test module, consider adding a `#[cfg(test)]` to the containing module
    --> src/player/bitmap/drawing.rs:4373:1
     |
4373 | mod ink_colour_tests {
     | ^^^^^^^^^^^^^^^^^^^^

warning: unused import: `reserve_player_mut`
 --> src/player/bytecode/arithmetics.rs:7:9
  |
7 |         reserve_player_mut, DatumRef, DirPlayer, scope::StackDatum, HandlerExecutionResult, ScriptError,
  |         ^^^^^^^^^^^^^^^^^^

warning: unused import: `reserve_player_mut`
 --> src/player/bytecode/compare.rs:7:9
  |
7 |         reserve_player_mut, scope::StackDatum, HandlerExecutionResult, ScriptError,
  |         ^^^^^^^^^^^^^^^^^^

warning: unused import: `get_current_handler_def`
  --> src/player/bytecode/get_set.rs:15:13
   |
15 |             get_current_handler_def, get_obj_prop,
   |             ^^^^^^^^^^^^^^^^^^^^^^^

warning: unused import: `HashSet`
 --> src/player/cast_manager.rs:3:28
  |
3 |     collections::{HashMap, HashSet},
  |                            ^^^^^^^

warning: unused imports: `CiStr` and `CiString`
  --> src/player/cast_manager.rs:20:32
   |
20 | use crate::player::ci_string::{CiStr, CiString};
   |                                ^^^^^  ^^^^^^^^

warning: unused import: `web_sys::console`
    --> src/player/cast_manager.rs:1034:13
     |
1034 |         use web_sys::console;
     |             ^^^^^^^^^^^^^^^^

warning: unused import: `HashMap`
 --> src/player/commands.rs:1:40
  |
1 | use std::{cell::RefCell, collections::{HashMap, VecDeque}, future::Future, pin::Pin, rc::Rc};
  |                                        ^^^^^^^

warning: unused import: `chrono::Local`
 --> src/player/commands.rs:7:5
  |
7 | use chrono::Local;
  |     ^^^^^^^^^^^^^

warning: unused import: `PLAYER_OPT`
  --> src/player/commands.rs:17:84
   |
17 |     player::{call_datum_handler_active, active_player_id, retained_session_handle, PLAYER_OPT, symbols::{builtin::BuiltInSymbol, sym...
   |                                                                                    ^^^^^^^^^^

warning: unused imports: `get_sprites_at`, `player_dispatch_event_to_sprite`, `player_dispatch_movie_callback`, and `sprite_has_handler`
  --> src/player/commands.rs:27:41
   |
27 |         player_dispatch_callback_event, player_dispatch_event_to_sprite,
   |                                         ^^^^^^^^^^^^^^^^^^^^^^^^^^^^^^^
28 |         player_dispatch_movie_callback, player_wait_available,
   |         ^^^^^^^^^^^^^^^^^^^^^^^^^^^^^^
...
38 |         concrete_sprite_hit_test, get_concrete_sprite_rect, get_sprite_at, get_sprites_at,
   |                                                                            ^^^^^^^^^^^^^^
39 |         sprite_has_handler,
   |         ^^^^^^^^^^^^^^^^^^

warning: unused imports: `HostRequest`, `InternalInvocationRequest`, `InternalVmRequest`, and `SetupCallbackKind`
    --> src/player/commands.rs:1611:27
     |
1611 |         ActionCompletion, HostRequest, InternalInvocationRequest, InternalVmRequest,
     |                           ^^^^^^^^^^^  ^^^^^^^^^^^^^^^^^^^^^^^^^  ^^^^^^^^^^^^^^^^^
1612 |         PendingAction, SetupCallbackKind,
     |                        ^^^^^^^^^^^^^^^^^

warning: unused import: `serde::de::Deserializer as _`
    --> src/player/commands.rs:2726:9
     |
2726 |     use serde::de::Deserializer as _;
     |         ^^^^^^^^^^^^^^^^^^^^^^^^^^^^

warning: unused import: `allocator::DatumAllocatorTrait`
 --> src/player/datum_ref.rs:3:13
  |
3 | use super::{allocator::DatumAllocatorTrait, ownership::OwnerToken};
  |             ^^^^^^^^^^^^^^^^^^^^^^^^^^^^^^

warning: unused import: `itertools::Itertools`
 --> src/player/handlers/datum_handlers/cast_member/field.rs:2:5
  |
2 | use itertools::Itertools;
  |     ^^^^^^^^^^^^^^^^^^^^

warning: unused imports: `reserve_player_mut` and `reserve_player_ref`
  --> src/player/handlers/datum_handlers/cast_member/shockwave3d.rs:13:9
   |
13 |         reserve_player_mut, reserve_player_ref,
   |         ^^^^^^^^^^^^^^^^^^  ^^^^^^^^^^^^^^^^^^

warning: unused import: `decompiler::TokenType::Builtin`
 --> src/player/handlers/datum_handlers/cast_member/text.rs:7:8
  |
7 |     }, decompiler::TokenType::Builtin}},
  |        ^^^^^^^^^^^^^^^^^^^^^^^^^^^^^^

warning: unused import: `reserve_player_mut`
  --> src/player/handlers/datum_handlers/cast_member/physx.rs:27:12
   |
27 |         }, reserve_player_mut, symbols::{builtin::BuiltInSymbol, symbol::Symbol, symbol_table::SymbolTable}
   |            ^^^^^^^^^^^^^^^^^^

warning: unused import: `std::collections::VecDeque`
 --> src/player/handlers/datum_handlers/cast_member_ref.rs:1:5
  |
1 | use std::collections::VecDeque;
  |     ^^^^^^^^^^^^^^^^^^^^^^^^^^

warning: unused imports: `cast_lib::CastMemberRef`, `player_handle_scope_return`, `reserve_player_mut`, and `reserve_player_ref`
 --> src/player/handlers/datum_handlers/script_instance.rs:5:101
  |
5 | ...ait, cast_lib::CastMemberRef, handlers::types::TypeUtils, player_handle_scope_return, reserve_player_mut, reserve_player_ref, scri...
  |         ^^^^^^^^^^^^^^^^^^^^^^^                              ^^^^^^^^^^^^^^^^^^^^^^^^^^  ^^^^^^^^^^^^^^^^^^  ^^^^^^^^^^^^^^^^^^

warning: unused import: `wasm_bindgen_futures::spawn_local`
  --> src/player/handlers/datum_handlers/sound_channel.rs:35:5
   |
35 | use wasm_bindgen_futures::spawn_local;
   |     ^^^^^^^^^^^^^^^^^^^^^^^^^^^^^^^^^

warning: unused imports: `player_handle_scope_return` and `reserve_player_mut`
  --> src/player/handlers/datum_handlers/sprite.rs:13:5
   |
13 |     player_handle_scope_return,
   |     ^^^^^^^^^^^^^^^^^^^^^^^^^^
14 |     owner_key_string, reserve_player_mut, reserve_player_ref,
   |                       ^^^^^^^^^^^^^^^^^^

warning: unused import: `super::script_instance::ScriptInstanceUtils`
  --> src/player/handlers/datum_handlers/sprite.rs:22:5
   |
22 | use super::script_instance::ScriptInstanceUtils;
   |     ^^^^^^^^^^^^^^^^^^^^^^^^^^^^^^^^^^^^^^^^^^^

warning: unused import: `crate::player::ci_string::CiString`
    --> src/player/handlers/datum_handlers/sprite.rs:1854:21
     |
1854 |                 use crate::player::ci_string::CiString;
     |                     ^^^^^^^^^^^^^^^^^^^^^^^^^^^^^^^^^^

warning: unused imports: `reserve_player_mut` and `reserve_player_ref`
 --> src/player/handlers/datum_handlers/timeout.rs:4:101
  |
4 | ...ode, allocator::ScriptInstanceAllocatorTrait, reserve_player_mut, reserve_player_ref, symbols::{builtin::BuiltInSymbol, symbol::Sy...
  |                                                  ^^^^^^^^^^^^^^^^^^  ^^^^^^^^^^^^^^^^^^

warning: unused import: `builtin::BuiltInSymbol`
 --> src/player/handlers/datum_handlers/flash_object.rs:9:19
  |
9 |         symbols::{builtin::BuiltInSymbol, symbol::Symbol, symbol_table::SymbolTable}
  |                   ^^^^^^^^^^^^^^^^^^^^^^

warning: unnecessary braces around block return value
    --> src/player/handlers/datum_handlers/shockwave3d_object.rs:2096:50
     |
2096 | ...                   "loc" => { if let Some(v) = loc_vals { ov.loc = v; } },
     |                                ^^                                         ^^
     |
     = note: `#[warn(unused_braces)]` (part of `#[warn(unused)]`) on by default
help: remove these braces
     |
2096 -                                         "loc" => { if let Some(v) = loc_vals { ov.loc = v; } },
2096 +                                         "loc" => if let Some(v) = loc_vals { ov.loc = v; },
     |

warning: unnecessary braces around block return value
    --> src/player/handlers/datum_handlers/shockwave3d_object.rs:2100:55
     |
2100 | ...                   "regPoint" => { if let Some(v) = reg_vals { ov.reg_point = v; } },
     |                                     ^^                                               ^^
     |
help: remove these braces
     |
2100 -                                         "regPoint" => { if let Some(v) = reg_vals { ov.reg_point = v; } },
2100 +                                         "regPoint" => if let Some(v) = reg_vals { ov.reg_point = v; },
     |

warning: unused imports: `PhysXObjectRef` and `reserve_player_mut`
  --> src/player/handlers/datum_handlers/physx_object.rs:11:48
   |
11 |     director::lingo::datum::{Datum, DatumType, PhysXObjectRef},
   |                                                ^^^^^^^^^^^^^^
...
15 |         reserve_player_mut, DatumRef, ScriptError,
   |         ^^^^^^^^^^^^^^^^^^

warning: unnecessary braces around block return value
   --> src/player/handlers/datum_handlers/physx_object.rs:968:25
    |
968 | ...=> { if let Datum::Vector(v) = &value { c.anchor_a = *v; } else { return Err(ScriptError::new("Expected vector".to_string())); } },
    |       ^^                                                                                                                           ^^
    |
help: remove these braces
    |
968 -             "pointA" => { if let Datum::Vector(v) = &value { c.anchor_a = *v; } else { return Err(ScriptError::new("Expected vector".to_string())); } },
968 +             "pointA" => if let Datum::Vector(v) = &value { c.anchor_a = *v; } else { return Err(ScriptError::new("Expected vector".to_string())); },
    |

warning: unnecessary braces around block return value
   --> src/player/handlers/datum_handlers/physx_object.rs:969:25
    |
969 | ...=> { if let Datum::Vector(v) = &value { c.anchor_b = *v; } else { return Err(ScriptError::new("Expected vector".to_string())); } },
    |       ^^                                                                                                                           ^^
    |
help: remove these braces
    |
969 -             "pointB" => { if let Datum::Vector(v) = &value { c.anchor_b = *v; } else { return Err(ScriptError::new("Expected vector".to_string())); } },
969 +             "pointB" => if let Datum::Vector(v) = &value { c.anchor_b = *v; } else { return Err(ScriptError::new("Expected vector".to_string())); },
    |

warning: unnecessary braces around block return value
   --> src/player/handlers/datum_handlers/physx_object.rs:997:29
    |
997 |             "localAxisA" => { if let Datum::Vector(v) = &value { c.d6_local_axis_a = Some(*v); } },
    |                             ^^                                                                  ^^
    |
help: remove these braces
    |
997 -             "localAxisA" => { if let Datum::Vector(v) = &value { c.d6_local_axis_a = Some(*v); } },
997 +             "localAxisA" => if let Datum::Vector(v) = &value { c.d6_local_axis_a = Some(*v); },
    |

warning: unnecessary braces around block return value
   --> src/player/handlers/datum_handlers/physx_object.rs:998:31
    |
998 |             "localNormalA" => { if let Datum::Vector(v) = &value { c.d6_local_normal_a = Some(*v); } },
    |                               ^^                                                                    ^^
    |
help: remove these braces
    |
998 -             "localNormalA" => { if let Datum::Vector(v) = &value { c.d6_local_normal_a = Some(*v); } },
998 +             "localNormalA" => if let Datum::Vector(v) = &value { c.d6_local_normal_a = Some(*v); },
    |

warning: unnecessary braces around block return value
   --> src/player/handlers/datum_handlers/physx_object.rs:999:29
    |
999 |             "localAxisB" => { if let Datum::Vector(v) = &value { c.d6_local_axis_b = Some(*v); } },
    |                             ^^                                                                  ^^
    |
help: remove these braces
    |
999 -             "localAxisB" => { if let Datum::Vector(v) = &value { c.d6_local_axis_b = Some(*v); } },
999 +             "localAxisB" => if let Datum::Vector(v) = &value { c.d6_local_axis_b = Some(*v); },
    |

warning: unnecessary braces around block return value
    --> src/player/handlers/datum_handlers/physx_object.rs:1000:31
     |
1000 |             "localNormalB" => { if let Datum::Vector(v) = &value { c.d6_local_normal_b = Some(*v); } },
     |                               ^^                                                                    ^^
     |
help: remove these braces
     |
1000 -             "localNormalB" => { if let Datum::Vector(v) = &value { c.d6_local_normal_b = Some(*v); } },
1000 +             "localNormalB" => if let Datum::Vector(v) = &value { c.d6_local_normal_b = Some(*v); },
     |

warning: unnecessary braces around block return value
    --> src/player/handlers/datum_handlers/physx_object.rs:1001:31
     |
1001 |             "localAnchorA" => { if let Datum::Vector(v) = &value { c.d6_local_anchor_a = Some(*v); } },
     |                               ^^                                                                    ^^
     |
help: remove these braces
     |
1001 -             "localAnchorA" => { if let Datum::Vector(v) = &value { c.d6_local_anchor_a = Some(*v); } },
1001 +             "localAnchorA" => if let Datum::Vector(v) = &value { c.d6_local_anchor_a = Some(*v); },
     |

warning: unnecessary braces around block return value
    --> src/player/handlers/datum_handlers/physx_object.rs:1002:31
     |
1002 |             "localAnchorB" => { if let Datum::Vector(v) = &value { c.d6_local_anchor_b = Some(*v); } },
     |                               ^^                                                                    ^^
     |
help: remove these braces
     |
1002 -             "localAnchorB" => { if let Datum::Vector(v) = &value { c.d6_local_anchor_b = Some(*v); } },
1002 +             "localAnchorB" => if let Datum::Vector(v) = &value { c.d6_local_anchor_b = Some(*v); },
     |

warning: unused import: `warn`
 --> src/player/handlers/movie.rs:1:18
  |
1 | use log::{debug, warn, error};
  |                  ^^^^

warning: unused imports: `DatumType`, `Score`, `dispatch_event_to_all_behaviors`, `get_score_sprite_mut`, `handlers::datum_handlers::player_call_datum_handler`, `player_dispatch_event_beginsprite`, `player_invoke_static_event`, `player_invoke_targeted_event`, `player_wait_available`, `reserve_player_mut_async`, and `reserve_player_ref`
 --> src/player/handlers/movie.rs:4:37
  |
4 | ...ctor::lingo::datum::{Datum, DatumType},
  |                                ^^^^^^^^^
...
7 | ...DatumRef, MovieFrameTarget, Score, ScriptError, ScriptErrorCode, ScriptInstanceRef, cast_lib::{CastMemberRef, INVALID_CAST_MEMBER_REF, NULL_CAST_MEMBER_RE...
  |                                ^^^^^
8 | ...    dispatch_event_to_all_behaviors, player_dispatch_event_beginsprite, player_invoke_static_event, player_invoke_targeted_event, player_wait_available
  |        ^^^^^^^^^^^^^^^^^^^^^^^^^^^^^^^  ^^^^^^^^^^^^^^^^^^^^^^^^^^^^^^^^^  ^^^^^^^^^^^^^^^^^^^^^^^^^^  ^^^^^^^^^^^^^^^^^^^^^^^^^^^^  ^^^^^^^^^^^^^^^^^^^^^
9 | ...}, get_score_sprite_mut, handlers::datum_handlers::player_call_datum_handler, reserve_player_mut, reserve_player_mut_async, reserve_player_ref, score::{co...
  |       ^^^^^^^^^^^^^^^^^^^^  ^^^^^^^^^^^^^^^^^^^^^^^^^^^^^^^^^^^^^^^^^^^^^^^^^^^                      ^^^^^^^^^^^^^^^^^^^^^^^^  ^^^^^^^^^^^^^^^^^^

warning: unused import: `itertools::Itertools`
 --> src/player/handlers/types.rs:2:5
  |
2 | use itertools::Itertools;
  |     ^^^^^^^^^^^^^^^^^^^^

warning: unused imports: `ci_string::CiStr` and `reserve_player_ref`
  --> src/player/handlers/types.rs:10:9
   |
10 |         ci_string::CiStr,
   |         ^^^^^^^^^^^^^^^^
...
15 |         reserve_player_mut, reserve_player_ref,
   |                             ^^^^^^^^^^^^^^^^^^

warning: unused import: `player_call_datum_handler`
  --> src/player/handlers/types.rs:28:5
   |
28 |     player_call_datum_handler,
   |     ^^^^^^^^^^^^^^^^^^^^^^^^^

warning: unused import: `JsArray`
  --> src/player/js_lingo/builtins.rs:20:20
   |
20 | use super::value::{JsArray, JsError, JsObject, JsValue, NativeFn};
   |                    ^^^^^^^

warning: unused import: `JsArrayRef`
  --> src/player/js_lingo/interpreter.rs:21:14
   |
21 |     JsArray, JsArrayRef, JsError, JsFunction, JsFunctionRef, JsObject, JsObjectRef, JsValue,
   |              ^^^^^^^^^^

warning: unused imports: `JsFunctionAtom` and `iter_ops`
  --> src/player/js_lingo/interpreter.rs:26:5
   |
26 |     iter_ops, JsAtom, JsBindingKind, JsFunctionAtom, JsFunctionBinding, JsScriptIR, JsTryNote,
   |     ^^^^^^^^                         ^^^^^^^^^^^^^^

warning: unused import: `std::collections::HashMap`
  --> src/player/js_lingo/value.rs:11:5
   |
11 | use std::collections::HashMap;
   |     ^^^^^^^^^^^^^^^^^^^^^^^^^

warning: unused import: `StubBridge`
  --> src/player/js_lingo_loader.rs:26:58
   |
26 | use crate::player::js_lingo::host_bridge::{JsHostBridge, StubBridge};
   |                                                          ^^^^^^^^^^

warning: unused imports: `builtin::BuiltInSymbol` and `symbol::Symbol`
  --> src/player/js_lingo_loader.rs:32:30
   |
32 | use crate::player::symbols::{builtin::BuiltInSymbol, symbol::Symbol};
   |                              ^^^^^^^^^^^^^^^^^^^^^^  ^^^^^^^^^^^^^^

warning: unused import: `self`
  --> src/player/movie.rs:14:23
   |
14 |             builtin::{self, BuiltInSymbol},
   |                       ^^^^

warning: unused import: `fxhash::FxHashMap`
 --> src/player/scope.rs:1:5
  |
1 | use fxhash::FxHashMap;
  |     ^^^^^^^^^^^^^^^^^

warning: unused import: `js_api::JsApi`
  --> src/player/score.rs:16:5
   |
16 |     js_api::JsApi,
   |     ^^^^^^^^^^^^^

warning: unused imports: `ExecutionContext` and `PLAYER_OPT`
  --> src/player/score.rs:38:15
   |
38 |     session::{ExecutionContext, RuntimeSessionHandle, PlayerId},
   |               ^^^^^^^^^^^^^^^^
...
42 |     DirPlayer, ScriptError, PLAYER_OPT,
   |                             ^^^^^^^^^^

warning: unused imports: `CiStr` and `CiString`
  --> src/player/script.rs:13:24
   |
13 | use super::ci_string::{CiStr, CiString};
   |                        ^^^^^  ^^^^^^^^

warning: unused imports: `cast_member::shockwave3d::Shockwave3dMemberHandlers`, `reserve_player_mut`, and `reserve_player_ref`
  --> src/player/script.rs:31:13
   |
31 |             cast_member::shockwave3d::Shockwave3dMemberHandlers,
   |             ^^^^^^^^^^^^^^^^^^^^^^^^^^^^^^^^^^^^^^^^^^^^^^^^^^^
...
35 |     reserve_player_mut, reserve_player_ref,
   |     ^^^^^^^^^^^^^^^^^^  ^^^^^^^^^^^^^^^^^^

warning: unused import: `allocator::ScriptInstanceAllocatorTrait`
 --> src/player/script_ref.rs:1:13
  |
1 | use super::{allocator::ScriptInstanceAllocatorTrait, ownership::OwnerToken, script::ScriptInstanceId};
  |             ^^^^^^^^^^^^^^^^^^^^^^^^^^^^^^^^^^^^^^^

warning: unused import: `crate::player::symbols::symbol::Symbol`
 --> src/player/sprite.rs:1:5
  |
1 | use crate::player::symbols::symbol::Symbol;
  |     ^^^^^^^^^^^^^^^^^^^^^^^^^^^^^^^^^^^^^^

warning: unused import: `super::symbol::Symbol`
 --> src/player/symbols/builtin.rs:4:5
  |
4 | use super::symbol::Symbol;
  |     ^^^^^^^^^^^^^^^^^^^^^

warning: variant `_Angle_World` should have an upper camel case name
   --> src/player/symbols/builtin.rs:948:18
    |
948 |     "<world>" => _Angle_World,
    |                  ^^^^^^^^^^^^ help: convert the identifier to upper camel case: `AngleWorld`
    |
    = note: `#[warn(non_camel_case_types)]` (part of `#[warn(nonstandard_style)]`) on by default

warning: unused imports: `CastMemberType`, `CastMember`, and `ScriptMember`
  --> src/player/virtual_scripts/mod.rs:16:26
   |
16 | use super::cast_member::{CastMember, CastMemberType, ScriptMember};
   |                          ^^^^^^^^^^  ^^^^^^^^^^^^^^  ^^^^^^^^^^^^

warning: unused import: `super::ci_string::CiString`
  --> src/player/virtual_scripts/mod.rs:17:5
   |
17 | use super::ci_string::CiString;
   |     ^^^^^^^^^^^^^^^^^^^^^^^^^^

warning: unused import: `super::sprite::ColorRef`
  --> src/player/virtual_scripts/mod.rs:20:5
   |
20 | use super::sprite::ColorRef;
   |     ^^^^^^^^^^^^^^^^^^^^^^^

warning: unused import: `symbol::Symbol`
  --> src/player/xtra/curl/mod.rs:19:19
   |
19 |         symbols::{symbol::Symbol, symbol_table::SymbolTable}, ownership::OwnerToken,
   |                   ^^^^^^^^^^^^^^

warning: unused import: `itertools::Itertools`
  --> src/player/xtra/multiuser/mod.rs:11:5
   |
11 | use itertools::Itertools;
   |     ^^^^^^^^^^^^^^^^^^^^

warning: unused imports: `XtraPendingOrValue`, `reserve_player_mut`, and `reserve_player_ref`
  --> src/player/xtra/multiuser/mod.rs:27:106
   |
27 | ...t, reserve_player_mut, reserve_player_ref, symbols::{builtin::BuiltInSymbol, symbol::Symbol, symbol_table::SymbolTable}, xtra::manager::{MultiuserConnectRequest, MultiuserSendRequest, XtraPendingOrValue}, ...
   |       ^^^^^^^^^^^^^^^^^^  ^^^^^^^^^^^^^^^^^^                                                                                                                                               ^^^^^^^^^^^^^^^^^^

warning: unused import: `async_recursion::async_recursion`
   --> src/player/mod.rs:208:5
    |
208 | use async_recursion::async_recursion;
    |     ^^^^^^^^^^^^^^^^^^^^^^^^^^^^^^^^

warning: unused import: `DriverStart`
   --> src/player/mod.rs:227:14
    |
227 | use driver::{DriverStart, DriverTurn};
    |              ^^^^^^^^^^^

warning: unused imports: `HandlerDef`, `ProfileScope`, `datum_formatting::format_datum`, `enums::ScriptType`, `geometry::IntRect`, `try_execute_bytecode_sync`, and `try_execute_opcode_sync`
   --> src/player/mod.rs:243:37
    |
243 |         chunks::handler::{Bytecode, HandlerDef},
    |                                     ^^^^^^^^^^
244 |         enums::ScriptType,
    |         ^^^^^^^^^^^^^^^^^
...
254 |             BytecodeHandlerContext, HandlerCode, try_execute_bytecode_sync,
    |                                                  ^^^^^^^^^^^^^^^^^^^^^^^^^
255 |             try_execute_opcode_sync,
    |             ^^^^^^^^^^^^^^^^^^^^^^^
256 |         },
257 |         datum_formatting::format_datum,
    |         ^^^^^^^^^^^^^^^^^^^^^^^^^^^^^^
...
263 |         geometry::IntRect,
    |         ^^^^^^^^^^^^^^^^^
264 |         profiling::{ProfileScope, ProfileScopeOwned, get_profiler_report},
    |                     ^^^^^^^^^^^^

warning: unused imports: `Script` and `handlers::manager::BuiltInHandlerManager`
   --> src/player/mod.rs:290:5
    |
290 |     handlers::manager::BuiltInHandlerManager,
    |     ^^^^^^^^^^^^^^^^^^^^^^^^^^^^^^^^^^^^^^^^
...
296 |     script::{Script, ScriptHandlerRef},
    |              ^^^^^^

warning: unused import: `crate::player::handlers::datum_handlers::player_call_datum_handler`
   --> src/player/mod.rs:303:5
    |
303 | use crate::player::handlers::datum_handlers::player_call_datum_handler;
    |     ^^^^^^^^^^^^^^^^^^^^^^^^^^^^^^^^^^^^^^^^^^^^^^^^^^^^^^^^^^^^^^^^^^

warning: unused import: `crate::player::datum_formatting::format_datum`
    --> src/player/mod.rs:3080:13
     |
3080 |         use crate::player::datum_formatting::format_datum;
     |             ^^^^^^^^^^^^^^^^^^^^^^^^^^^^^^^^^^^^^^^^^^^^^

warning: unused imports: `CursorRef` and `PLAYER_OPT`
  --> src/rendering.rs:29:28
   |
29 |         sprite::{ColorRef, CursorRef, Sprite},
   |                            ^^^^^^^^^
30 |         DirPlayer, PLAYER_OPT,
   |                    ^^^^^^^^^^

warning: unused imports: `CursorRef` and `datum_ref::DatumRef`
  --> src/rendering_gpu/webgl2/mod.rs:25:214
   |
25 | ...e, datum_ref::DatumRef, font::{GlyphPreference, get_glyph_preference, measure_text, measure_text_wrapped}, geometry::IntRect, handlers::datum_handlers::cast_member::font::{FontMemberHandlers, HtmlStyle, StyledSpan, TextAlignment}, score::{ScoreRef, get_concrete_sprite_render_rect as get_concrete_sprite_rect, get_sprite_at}, sprite::{ColorRef, CursorRef, i...
   |       ^^^^^^^^^^^^^^^^^^^                                                                                                                                                                                                                                                                                                                                   ^^^^^^^^^

warning: unused import: `crate::director::lingo::datum::Datum`
  --> src/rendering_gpu/webgl2/mod.rs:27:5
   |
27 | use crate::director::lingo::datum::Datum;
   |     ^^^^^^^^^^^^^^^^^^^^^^^^^^^^^^^^^^^^

warning: unused import: `Local`
 --> src/utils.rs:2:24
  |
2 | use chrono::{DateTime, Local, TimeDelta};
  |                        ^^^^^

warning: unused import: `warn`
  --> src/lib.rs:11:18
   |
11 | use log::{debug, warn};
   |                  ^^^^

warning: unused import: `web_sys::console`
 --> src/director/chunks/sound.rs:5:5
  |
5 | use web_sys::console;
  |     ^^^^^^^^^^^^^^^^

warning: unused import: `symbol::Symbol`
 --> src/director/lingo/constants.rs:3:54
  |
3 | use crate::player::symbols::{builtin::BuiltInSymbol, symbol::Symbol};
  |                                                      ^^^^^^^^^^^^^^

warning: unused import: `std::borrow::Borrow`
 --> src/director/static_datum.rs:1:5
  |
1 | use std::borrow::Borrow;
  |     ^^^^^^^^^^^^^^^^^^^

warning: unused import: `std::io::Read`
 --> src/director/static_datum.rs:3:5
  |
3 | use std::io::Read;
  |     ^^^^^^^^^^^^^

warning: unused import: `itertools::Itertools`
 --> src/director/static_datum.rs:7:5
  |
7 | use itertools::Itertools;
  |     ^^^^^^^^^^^^^^^^^^^^

warning: unused import: `crate::player::cast_member::Media`
  --> src/director/static_datum.rs:13:5
   |
13 | use crate::player::cast_member::Media;
   |     ^^^^^^^^^^^^^^^^^^^^^^^^^^^^^^^^^

warning: unused import: `crate::player::symbols::symbol::Symbol`
  --> src/director/static_datum.rs:18:5
   |
18 | use crate::player::symbols::symbol::Symbol;
   |     ^^^^^^^^^^^^^^^^^^^^^^^^^^^^^^^^^^^^^^

warning: unused import: `player::symbols::symbol::Symbol`
  --> src/lib.rs:44:13
   |
44 | use crate::{player::symbols::symbol::Symbol};
   |             ^^^^^^^^^^^^^^^^^^^^^^^^^^^^^^^

warning: variable does not need to be mutable
   --> src/player/commands.rs:383:9
    |
383 |     let mut abort_buffered = |deferred: &mut VecDeque<PlayerVMExecutionItem>| {
    |         ----^^^^^^^^^^^^^^
    |         |
    |         help: remove this `mut`
    |
    = note: `#[warn(unused_mut)]` (part of `#[warn(unused)]`) on by default

warning: variable does not need to be mutable
    --> src/player/commands.rs:2031:71
     |
2031 |             let result = session.borrow_mut().with_player(player_id, |mut context| {
     |                                                                       ----^^^^^^^
     |                                                                       |
     |                                                                       help: remove this `mut`

warning: variable does not need to be mutable
    --> src/player/commands.rs:2363:70
     |
2363 |         let installed = session.borrow_mut().with_player(player_id, |mut context| {
     |                                                                      ----^^^^^^^
     |                                                                      |
     |                                                                      help: remove this `mut`

warning: variable does not need to be mutable
    --> src/player/commands.rs:2801:83
     |
2801 |             let call_params = session_handle.borrow_mut().with_player(player_id, |mut context| {
     |                                                                                   ----^^^^^^^
     |                                                                                   |
     |                                                                                   help: remove this `mut`

warning: variable does not need to be mutable
    --> src/player/events.rs:1699:34
     |
1699 |         .with_player(player_id, |mut context| -> Result<_, ScriptError> {
     |                                  ----^^^^^^^
     |                                  |
     |                                  help: remove this `mut`

warning: variable does not need to be mutable
   --> src/player/handlers/datum_handlers/cast_member_ref.rs:485:54
    |
485 |                     .with_player(request.player_id, |mut context| {
    |                                                      ----^^^^^^^
    |                                                      |
    |                                                      help: remove this `mut`

warning: use of deprecated method `web_sys::AudioBufferSourceNode::stop`
    --> src/player/handlers/datum_handlers/sound_channel.rs:1796:28
     |
1796 |             let _ = source.stop();
     |                            ^^^^
     |
     = note: `#[warn(deprecated)]` on by default

warning: variable does not need to be mutable
    --> src/player/handlers/datum_handlers/sound_channel.rs:2491:17
     |
2491 |             let mut ch = self_rc.borrow_mut();
     |                 ----^^
     |                 |
     |                 help: remove this `mut`

warning: variable does not need to be mutable
    --> src/player/handlers/datum_handlers/sound_channel.rs:2480:17
     |
2480 |             let mut ch = self_rc.borrow_mut();
     |                 ----^^
     |                 |
     |                 help: remove this `mut`

warning: use of deprecated method `web_sys::BlobPropertyBag::type_`: Use `set_type()` instead.
    --> src/player/handlers/datum_handlers/sound_channel.rs:3443:45
     |
3443 |             web_sys::BlobPropertyBag::new().type_("audio/mpeg"),
     |                                             ^^^^^

warning: variable does not need to be mutable
    --> src/player/handlers/datum_handlers/sound_channel.rs:3438:13
     |
3438 |         let mut blob_parts = js_sys::Array::new();
     |             ----^^^^^^^^^^
     |             |
     |             help: remove this `mut`

warning: use of deprecated method `web_sys::AudioBufferSourceNode::stop_with_when`
    --> src/player/handlers/datum_handlers/sound_channel.rs:3530:28
     |
3530 |             let _ = source.stop_with_when(0.0);
     |                            ^^^^^^^^^^^^^^

warning: use of deprecated method `web_sys::AudioBufferSourceNode::stop_with_when`
    --> src/player/handlers/datum_handlers/sound_channel.rs:4279:28
     |
4279 |             let _ = source.stop_with_when(0.0);
     |                            ^^^^^^^^^^^^^^

warning: use of deprecated method `web_sys::RequestInit::method`: Use `set_method()` instead.
   --> src/player/net_task.rs:102:18
    |
102 |             opts.method("POST");
    |                  ^^^^^^

warning: use of deprecated method `web_sys::RequestInit::body`: Use `set_body()` instead.
   --> src/player/net_task.rs:105:22
    |
105 |                 opts.body(Some(&JsValue::from_str(post_data)));
    |                      ^^^^

warning: use of deprecated method `web_sys::RequestInit::headers`: Use `set_headers()` instead.
   --> src/player/net_task.rs:116:18
    |
116 |             opts.headers(&headers);
    |                  ^^^^^^^

warning: variable does not need to be mutable
   --> src/player/score.rs:475:42
    |
475 |                 .with_player(player_id, |mut context| {
    |                                          ----^^^^^^^
    |                                          |
    |                                          help: remove this `mut`

warning: variable does not need to be mutable
   --> src/player/score.rs:724:46
    |
724 |                     .with_player(player_id, |mut context| {
    |                                              ----^^^^^^^
    |                                              |
    |                                              help: remove this `mut`

warning: variable does not need to be mutable
   --> src/player/score.rs:791:38
    |
791 |             .with_player(player_id, |mut context| {
    |                                      ----^^^^^^^
    |                                      |
    |                                      help: remove this `mut`

warning: variable does not need to be mutable
   --> src/player/testing_browser.rs:926:28
    |
926 |             .with_context(|mut context| context.symbols.intern(name))
    |                            ----^^^^^^^
    |                            |
    |                            help: remove this `mut`

warning: variable does not need to be mutable
   --> src/player/testing_browser.rs:956:28
    |
956 |             .with_context(|mut context| context.symbols.intern(name))
    |                            ----^^^^^^^
    |                            |
    |                            help: remove this `mut`

warning: variable does not need to be mutable
    --> src/player/testing_browser.rs:1031:28
     |
1031 |             .with_context(|mut context| {
     |                            ----^^^^^^^
     |                            |
     |                            help: remove this `mut`

warning: variable does not need to be mutable
    --> src/player/testing_browser.rs:1095:28
     |
1095 |             .with_context(|mut context| {
     |                            ----^^^^^^^
     |                            |
     |                            help: remove this `mut`

warning: variable does not need to be mutable
    --> src/player/testing_browser.rs:1154:32
     |
1154 |                 .with_context(|mut context| {
     |                                ----^^^^^^^
     |                                |
     |                                help: remove this `mut`

warning: variable does not need to be mutable
    --> src/player/testing_browser.rs:1190:28
     |
1190 |             .with_context(|mut context| {
     |                            ----^^^^^^^
     |                            |
     |                            help: remove this `mut`

warning: variable does not need to be mutable
    --> src/player/testing_browser.rs:1297:32
     |
1297 |                 .with_context(|mut context| {
     |                                ----^^^^^^^
     |                                |
     |                                help: remove this `mut`

warning: variable does not need to be mutable
    --> src/player/testing_browser.rs:1309:32
     |
1309 |                 .with_context(|mut context| {
     |                                ----^^^^^^^
     |                                |
     |                                help: remove this `mut`

warning: variable does not need to be mutable
    --> src/player/testing_browser.rs:2170:13
     |
2170 |         let mut second = BrowserTestPlayer::new().await;
     |             ----^^^^^^
     |             |
     |             help: remove this `mut`

warning: variable does not need to be mutable
    --> src/player/testing_browser.rs:2223:28
     |
2223 |             .with_context(|mut context| {
     |                            ----^^^^^^^
     |                            |
     |                            help: remove this `mut`

warning: variable does not need to be mutable
    --> src/player/testing_browser.rs:2248:28
     |
2248 |             .with_context(|mut context| {
     |                            ----^^^^^^^
     |                            |
     |                            help: remove this `mut`

warning: variable does not need to be mutable
    --> src/player/testing_browser.rs:2286:28
     |
2286 |             .with_context(|mut context| {
     |                            ----^^^^^^^
     |                            |
     |                            help: remove this `mut`

warning: variable does not need to be mutable
   --> src/player/xtra/curl/mod.rs:602:9
    |
602 |     let mut init = web_sys::RequestInit::new();
    |         ----^^^^
    |         |
    |         help: remove this `mut`

warning: variable does not need to be mutable
    --> src/player/mod.rs:2014:38
     |
2014 |             .with_player(player_id, |mut context| {
     |                                      ----^^^^^^^
     |                                      |
     |                                      help: remove this `mut`

warning: variable does not need to be mutable
    --> src/player/mod.rs:2039:38
     |
2039 |             .with_player(player_id, |mut context| {
     |                                      ----^^^^^^^
     |                                      |
     |                                      help: remove this `mut`

warning: variable does not need to be mutable
    --> src/player/mod.rs:5013:42
     |
5013 |                 .with_player(player_id, |mut context| {
     |                                          ----^^^^^^^
     |                                          |
     |                                          help: remove this `mut`

warning: variable does not need to be mutable
    --> src/player/mod.rs:5094:17
     |
5094 |             let mut player = context.player;
     |                 ----^^^^^^
     |                 |
     |                 help: remove this `mut`

warning: variable does not need to be mutable
    --> src/player/mod.rs:7136:34
     |
7136 |         .with_player(player_id, |mut context| {
     |                                  ----^^^^^^^
     |                                  |
     |                                  help: remove this `mut`

warning: variable does not need to be mutable
    --> src/player/mod.rs:7630:34
     |
7630 |         .with_player(player_id, |mut context| {
     |                                  ----^^^^^^^
     |                                  |
     |                                  help: remove this `mut`

warning: variable does not need to be mutable
    --> src/player/mod.rs:8799:34
     |
8799 |         .with_player(player_id, |mut context| {
     |                                  ----^^^^^^^
     |                                  |
     |                                  help: remove this `mut`

warning: variable does not need to be mutable
     --> src/player/mod.rs:10075:34
      |
10075 |         .with_player(player_id, |mut context| {
      |                                  ----^^^^^^^
      |                                  |
      |                                  help: remove this `mut`

warning: variable does not need to be mutable
     --> src/player/mod.rs:10467:34
      |
10467 |         .with_player(player_id, |mut context| {
      |                                  ----^^^^^^^
      |                                  |
      |                                  help: remove this `mut`

warning: variable does not need to be mutable
     --> src/player/mod.rs:11314:93
      |
11314 |                 let Some((args, cue_symbol)) = session.borrow_mut().with_player(player_id, |mut context| {
      |                                                                                             ----^^^^^^^
      |                                                                                             |
      |                                                                                             help: remove this `mut`

warning: use of deprecated method `web_sys::WebGlContextAttributes::alpha`: Use `set_alpha()` instead.
    --> src/player/handlers/datum_handlers/cast_member/shockwave3d.rs:3422:19
     |
3422 |     context_attrs.alpha(true);
     |                   ^^^^^

warning: use of deprecated method `web_sys::WebGlContextAttributes::depth`: Use `set_depth()` instead.
    --> src/player/handlers/datum_handlers/cast_member/shockwave3d.rs:3423:19
     |
3423 |     context_attrs.depth(true);
     |                   ^^^^^

warning: use of deprecated method `web_sys::WebGlContextAttributes::preserve_drawing_buffer`: Use `set_preserve_drawing_buffer()` instead.
    --> src/player/handlers/datum_handlers/cast_member/shockwave3d.rs:3424:19
     |
3424 |     context_attrs.preserve_drawing_buffer(true); // needed for readPixels
     |                   ^^^^^^^^^^^^^^^^^^^^^^^

warning: use of deprecated method `web_sys::AudioBufferSourceNode::stop_with_when`
    --> src/player/handlers/datum_handlers/sound_channel.rs:2900:28
     |
2900 |             let _ = source.stop_with_when(0.0);
     |                            ^^^^^^^^^^^^^^

warning: use of deprecated method `web_sys::AudioBufferSourceNode::stop_with_when`
    --> src/player/handlers/datum_handlers/sound_channel.rs:4046:28
     |
4046 |             let _ = source.stop_with_when(0.0);
     |                            ^^^^^^^^^^^^^^

warning: use of deprecated method `web_sys::AudioBufferSourceNode::stop_with_when`
    --> src/player/handlers/datum_handlers/sound_channel.rs:4384:28
     |
4384 |             let _ = source.stop_with_when(0.0);
     |                            ^^^^^^^^^^^^^^

warning: use of deprecated method `web_sys::AudioBufferSourceNode::stop_with_when`
    --> src/player/handlers/datum_handlers/sound_channel.rs:4398:28
     |
4398 |             let _ = source.stop_with_when(0.0);
     |                            ^^^^^^^^^^^^^^

warning: unused variable: `js_name`
  --> src/player/handlers/movie.rs:43:16
   |
43 | #[wasm_bindgen(js_name = "dirplayer_rufflePlay")]
   |                ^^^^^^^ help: if this is intentional, prefix it with an underscore: `_js_name`
   |
   = note: `#[warn(unused_variables)]` (part of `#[warn(unused)]`) on by default

warning: use of deprecated method `web_sys::CanvasRenderingContext2d::set_fill_style`
    --> src/rendering.rs:3568:20
     |
3568 |         self.ctx2d.set_fill_style(&safe_js_string("white"));
     |                    ^^^^^^^^^^^^^^

warning: use of deprecated method `web_sys::BlobPropertyBag::type_`: Use `set_type()` instead.
    --> src/lib.rs:4647:13
     |
4647 |     options.type_(mime_type);
     |             ^^^^^

warning: unused import: `num::ToPrimitive`
 --> src/player/bitmap/bitmap.rs:5:5
  |
5 | use num::ToPrimitive;
  |     ^^^^^^^^^^^^^^^^

warning: unused import: `itertools::Itertools`
 --> src/player/mcp.rs:8:5
  |
8 | use itertools::Itertools;
  |     ^^^^^^^^^^^^^^^^^^^^

warning: unused import: `DatumAllocatorTrait`
  --> src/player/movie.rs:24:33
   |
24 |     allocator::{DatumAllocator, DatumAllocatorTrait, ScriptInstanceAllocatorTrait},
   |                                 ^^^^^^^^^^^^^^^^^^^

warning: unused import: `wasm_bindgen::JsCast`
   --> src/player/mod.rs:234:5
    |
234 | use wasm_bindgen::JsCast;
    |     ^^^^^^^^^^^^^^^^^^^^

warning: unused variable: `scan_height`
   --> src/player/bitmap/bitmap.rs:434:5
    |
434 |     scan_height: u16,
    |     ^^^^^^^^^^^ help: if this is intentional, prefix it with an underscore: `_scan_height`

warning: unused variable: `palette_cast_lib`
   --> src/player/bitmap/bitmap.rs:696:9
    |
696 |     let palette_cast_lib = if info.clut_cast_lib > 0 {
    |         ^^^^^^^^^^^^^^^^ help: if this is intentional, prefix it with an underscore: `_palette_cast_lib`

warning: variable `sprite_num` is assigned to, but never used
    --> src/player/bitmap/drawing.rs:2258:13
     |
2258 |         let mut sprite_num = 0;
     |             ^^^^^^^^^^^^^^
     |
     = note: consider using `_sprite_num` instead

warning: value assigned to `sprite_num` is never read
    --> src/player/bitmap/drawing.rs:2264:13
     |
2264 |             sprite_num = sprite.number;
     |             ^^^^^^^^^^^^^^^^^^^^^^^^^^
     |
     = help: maybe it is overwritten before being read?
     = note: `#[warn(unused_assignments)]` (part of `#[warn(unused)]`) on by default

warning: unused variable: `palettes`
  --> src/player/bitmap/mask.rs:73:28
   |
73 |     pub fn get_mask(&self, palettes: &PaletteMap, bg_color: &ColorRef) -> BitmapMask {
   |                            ^^^^^^^^ help: if this is intentional, prefix it with an underscore: `_palettes`

warning: unused variable: `palettes`
  --> src/player/bitmap/mask.rs:84:41
   |
84 |     pub fn create_matte_text(&mut self, palettes: &PaletteMap) {
   |                                         ^^^^^^^^ help: if this is intentional, prefix it with an underscore: `_palettes`

warning: variable does not need to be mutable
   --> src/player/bytecode/flow_control.rs:214:17
    |
214 |             let mut receiver;
    |                 ----^^^^^^^^
    |                 |
    |                 help: remove this `mut`

warning: unused variable: `player`
  --> src/player/bytecode/get_set.rs:92:9
   |
92 |         player: &mut DirPlayer,
   |         ^^^^^^ help: if this is intentional, prefix it with an underscore: `_player`

warning: unused variable: `xml_id`
   --> src/player/bytecode/get_set.rs:260:39
    |
260 |             if let Some(Datum::XmlRef(xml_id)) = player.allocator.try_get_datum(&obj_datum_ref) {
    |                                       ^^^^^^ help: if this is intentional, prefix it with an underscore: `_xml_id`

warning: unreachable pattern
   --> src/player/bytecode/handler_manager.rs:272:13
    |
219 |             OpCode::PushVarRef => StackBytecodeHandler::push_var_ref(runtime, ctx),
    |             ------------------ matches all the relevant values
...
272 |             OpCode::PushVarRef => StackBytecodeHandler::push_var_ref(runtime, ctx),
    |             ^^^^^^^^^^^^^^^^^^ no value can reach this
    |
    = note: `#[warn(unreachable_patterns)]` (part of `#[warn(unused)]`) on by default

warning: unused variable: `datums`
   --> src/player/cast_lib.rs:695:9
    |
695 |         datums: &DatumAllocator,
    |         ^^^^^^ help: if this is intentional, prefix it with an underscore: `_datums`

warning: unused variable: `dir_cache`
   --> src/player/cast_manager.rs:141:9
    |
141 |         dir_cache: &mut HashMap<Box<str>, Rc<DirectorFile>>,
    |         ^^^^^^^^^ help: if this is intentional, prefix it with an underscore: `_dir_cache`

warning: unused variable: `datums`
   --> src/player/cast_manager.rs:632:9
    |
632 |         datums: &DatumAllocator,
    |         ^^^^^^ help: if this is intentional, prefix it with an underscore: `_datums`

warning: unused variable: `cm`
    --> src/player/cast_member.rs:3481:31
     |
3481 |             Chunk::CastMember(cm) => {
     |                               ^^ help: if this is intentional, prefix it with an underscore: `_cm`

warning: variable does not need to be mutable
    --> src/player/cast_member.rs:5633:21
     |
5633 |                 let mut script_id = member_info.header.script_id;
     |                     ----^^^^^^^^^
     |                     |
     |                     help: remove this `mut`

warning: unused variable: `has_script`
    --> src/player/cast_member.rs:5635:21
     |
5635 |                 let has_script = lctx.as_ref()
     |                     ^^^^^^^^^^ help: if this is intentional, prefix it with an underscore: `_has_script`

warning: unused variable: `script_chunk`
    --> src/player/cast_member.rs:6006:25
     |
6006 |                     let script_chunk = &lctx.as_ref().unwrap().scripts[&script_id];
     |                         ^^^^^^^^^^^^ help: if this is intentional, prefix it with an underscore: `_script_chunk`

warning: unused variable: `handler`
    --> src/player/commands.rs:3945:21
     |
3945 |                 let handler = script.get_own_handler_ref(Symbol::builtin(BuiltInSymbol::MouseUp))?;
     |                     ^^^^^^^ help: if this is intentional, prefix it with an underscore: `_handler`

warning: unused variable: `key`
   --> src/player/keyboard_events.rs:755:30
    |
755 | async fn player_key_up_inner(key: String, code: u16) -> Result<DatumRef, ScriptError> {
    |                              ^^^ help: if this is intentional, prefix it with an underscore: `_key`

warning: unused variable: `code`
   --> src/player/keyboard_events.rs:755:43
    |
755 | async fn player_key_up_inner(key: String, code: u16) -> Result<DatumRef, ScriptError> {
    |                                           ^^^^ help: if this is intentional, prefix it with an underscore: `_code`

warning: unused variable: `result`
   --> src/player/handlers/movie.rs:788:17
    |
788 |             let result = session.borrow_mut().with_player(player_id, |context| {
    |                 ^^^^^^ help: if this is intentional, prefix it with an underscore: `_result`

warning: unused variable: `a`
   --> src/player/compare.rs:273:20
    |
273 |         (CursorRef(a), o) | (o, CursorRef(a)) => Ok(match o {
    |                    ^                      ^
    |
help: if this is intentional, prefix it with an underscore
    |
273 |         (CursorRef(_a), o) | (o, CursorRef(_a)) => Ok(match o {
    |                    +                       +

warning: unused variable: `a`
   --> src/player/compare.rs:406:16
    |
406 |         (Media(a), o) | (o, Media(a)) => Ok(match o {
    |                ^                  ^
    |
help: if this is intentional, prefix it with an underscore
    |
406 |         (Media(_a), o) | (o, Media(_a)) => Ok(match o {
    |                +                   +

warning: unreachable pattern
   --> src/player/compare.rs:732:9
    |
729 |         (Datum::String(left), Datum::String(right)) => Ok(str_lt_ci(left, right)),
    |         ------------------------------------------- matches all the relevant values
...
732 |         (Datum::String(..), Datum::String(..)) => Ok(false),
    |         ^^^^^^^^^^^^^^^^^^^^^^^^^^^^^^^^^^^^^^ no value can reach this

warning: unused variable: `datums`
   --> src/player/compare.rs:784:5
    |
784 |     datums: &DatumAllocator,
    |     ^^^^^^ help: if this is intentional, prefix it with an underscore: `_datums`

warning: unreachable pattern
   --> src/player/datum_operations.rs:683:9
    |
449 |         (Datum::Void, Datum::Int(r)) => Ok(Datum::Int(-r)),
    |         ---------------------------- matches all the relevant values
...
683 |         (Datum::Void, Datum::Int(r)) => Ok(Datum::Float(0.0 - (*r as f64))),
    |         ^^^^^^^^^^^^^^^^^^^^^^^^^^^^ no value can reach this

warning: unreachable pattern
   --> src/player/datum_operations.rs:684:9
    |
451 |         (Datum::Void, Datum::Float(r)) => Ok(Datum::Float(-r)),
    |         ------------------------------ matches all the relevant values
...
684 |         (Datum::Void, Datum::Float(r)) => Ok(Datum::Float(0.0 - r)),
    |         ^^^^^^^^^^^^^^^^^^^^^^^^^^^^^^ no value can reach this

warning: unreachable pattern
   --> src/player/datum_operations.rs:685:9
    |
448 |         (Datum::Void, Datum::Void) => Ok(Datum::Int(0)),
    |         -------------------------- matches all the relevant values
...
685 |         (Datum::Void, Datum::Void) => Ok(Datum::Int(0)),
    |         ^^^^^^^^^^^^^^^^^^^^^^^^^^ no value can reach this

warning: unreachable pattern
   --> src/player/datum_operations.rs:686:9
    |
450 |         (Datum::Int(l), Datum::Void) => Ok(Datum::Int(*l)),
    |         ---------------------------- matches all the relevant values
...
686 |         (Datum::Int(l), Datum::Void) => Ok(Datum::Float((*l as f64) - 0.0)),
    |         ^^^^^^^^^^^^^^^^^^^^^^^^^^^^ no value can reach this

warning: unreachable pattern
   --> src/player/datum_operations.rs:687:9
    |
452 |         (Datum::Float(l), Datum::Void) => Ok(Datum::Float(*l)),
    |         ------------------------------ matches all the relevant values
...
687 |         (Datum::Float(l), Datum::Void) => Ok(Datum::Float(*l - 0.0)),
    |         ^^^^^^^^^^^^^^^^^^^^^^^^^^^^^^ no value can reach this

warning: unreachable pattern
    --> src/player/datum_operations.rs:1125:9
     |
1002 |         (Datum::Void, _) => Datum::Int(0),
     |         ---------------- matches all the relevant values
...
1125 |         (Datum::Void, _) => Datum::Int(0),
     |         ^^^^^^^^^^^^^^^^ no value can reach this

warning: unreachable pattern
    --> src/player/datum_operations.rs:1139:9
     |
1110 |         (Datum::List(list_type, items, sorted), Datum::Int(_)) | (Datum::List(list_type, items, sorted), Datum::Float(_)) => {
     |         ----------------------------------------------------------------------------------------------------------------- matches all the relevant values
...
1139 |         (Datum::List(_, list, _), Datum::Int(_) | Datum::Float(_)) => {
     |         ^^^^^^^^^^^^^^^^^^^^^^^^^^^^^^^^^^^^^^^^^^^^^^^^^^^^^^^^^^ no value can reach this

warning: unused variable: `bf`
    --> src/player/datum_operations.rs:1040:46
     |
1040 |         (Datum::Float(left), Datum::Point(b, bf)) => {
     |                                              ^^ help: if this is intentional, prefix it with an underscore: `_bf`

warning: unreachable pattern
  --> src/player/datum_ref.rs:71:13
   |
71 |             _ => false,
   |             ^ no value can reach this
   |
note: multiple earlier patterns match some of the same values
  --> src/player/datum_ref.rs:71:13
   |
65 |             (DatumRef::Void, DatumRef::Void) => true,
   |             -------------------------------- matches some of the same values
66 |             (DatumRef::Ref(handle), DatumRef::Void) => handle.id == 0,
   |             --------------------------------------- matches some of the same values
67 |             (DatumRef::Void, DatumRef::Ref(handle)) => handle.id == 0,
   |             --------------------------------------- matches some of the same values
68 |             (DatumRef::Ref(handle1), DatumRef::Ref(handle2)) => {
   |             ------------------------------------------------ matches some of the same values
...
71 |             _ => false,
   |             ^ collectively making this unreachable

warning: variable does not need to be mutable
    --> src/player/eval.rs:1858:17
     |
1858 |             let mut inner = pair.into_inner();
     |                 ----^^^^^
     |                 |
     |                 help: remove this `mut`

warning: variable does not need to be mutable
    --> src/player/eval.rs:2038:17
     |
2038 |             let mut inner = pair.into_inner();
     |                 ----^^^^^
     |                 |
     |                 help: remove this `mut`

warning: unused variable: `a`
    --> src/player/font/mod.rs:1643:17
     |
1643 |             let a = font_bitmap.data[idx + 3];
     |                 ^ help: if this is intentional, prefix it with an underscore: `_a`

warning: unused variable: `symbols`
   --> src/player/handlers/datum_handlers/cast_member/button.rs:189:38
    |
189 |                 |cast_member, value, symbols| {
    |                                      ^^^^^^^ help: if this is intentional, prefix it with an underscore: `_symbols`

warning: unused variable: `symbols`
   --> src/player/handlers/datum_handlers/cast_member/button.rs:188:27
    |
188 |                 |_player, symbols| value.int_value(),
    |                           ^^^^^^^ help: if this is intentional, prefix it with an underscore: `_symbols`

warning: unused variable: `symbols`
   --> src/player/handlers/datum_handlers/cast_member/button.rs:179:38
    |
179 |                 |cast_member, value, symbols| {
    |                                      ^^^^^^^ help: if this is intentional, prefix it with an underscore: `_symbols`

warning: unused variable: `symbols`
   --> src/player/handlers/datum_handlers/cast_member/button.rs:178:27
    |
178 |                 |_player, symbols| value.int_value(),
    |                           ^^^^^^^ help: if this is intentional, prefix it with an underscore: `_symbols`

warning: unused variable: `symbols`
   --> src/player/handlers/datum_handlers/cast_member/button.rs:157:38
    |
157 |                 |cast_member, value, symbols| {
    |                                      ^^^^^^^ help: if this is intentional, prefix it with an underscore: `_symbols`

warning: unused variable: `symbols`
   --> src/player/handlers/datum_handlers/cast_member/button.rs:156:27
    |
156 |                 |_player, symbols| value.int_value(),
    |                           ^^^^^^^ help: if this is intentional, prefix it with an underscore: `_symbols`

warning: unused variable: `symbols`
   --> src/player/handlers/datum_handlers/cast_member/button.rs:147:38
    |
147 |                 |cast_member, value, symbols| {
    |                                      ^^^^^^^ help: if this is intentional, prefix it with an underscore: `_symbols`

warning: unused variable: `symbols`
   --> src/player/handlers/datum_handlers/cast_member/button.rs:130:38
    |
130 |                 |cast_member, value, symbols| {
    |                                      ^^^^^^^ help: if this is intentional, prefix it with an underscore: `_symbols`

warning: unused variable: `symbols`
   --> src/player/handlers/datum_handlers/cast_member/button.rs:120:38
    |
120 |                 |cast_member, value, symbols| {
    |                                      ^^^^^^^ help: if this is intentional, prefix it with an underscore: `_symbols`

warning: unused variable: `symbols`
   --> src/player/handlers/datum_handlers/cast_member/button.rs:119:27
    |
119 |                 |_player, symbols| value.bool_value(),
    |                           ^^^^^^^ help: if this is intentional, prefix it with an underscore: `_symbols`

warning: unused variable: `symbols`
   --> src/player/handlers/datum_handlers/cast_member/button.rs:110:38
    |
110 |                 |cast_member, value, symbols| {
    |                                      ^^^^^^^ help: if this is intentional, prefix it with an underscore: `_symbols`

warning: unreachable pattern
   --> src/player/handlers/datum_handlers/cast_member/field.rs:603:13
    |
582 |             "selection" => {
    |             ----------- matches all the relevant values
...
603 |             "selection" => {
    |             ^^^^^^^^^^^ no value can reach this

warning: unused variable: `symbols`
   --> src/player/handlers/datum_handlers/cast_member/field.rs:246:9
    |
246 |         symbols: &mut SymbolTable,
    |         ^^^^^^^ help: if this is intentional, prefix it with an underscore: `_symbols`

warning: unused variable: `alignment`
   --> src/player/handlers/datum_handlers/cast_member/field.rs:419:21
    |
419 |                 let alignment = field.alignment.clone();
    |                     ^^^^^^^^^
    |
help: you might have meant to pattern match on the similarly named variant `Alignment`
    |
419 -                 let alignment = field.alignment.clone();
419 +                 let player::symbols::builtin::BuiltInSymbol::Alignment = field.alignment.clone();
    |
help: if this is intentional, prefix it with an underscore
    |
419 |                 let _alignment = field.alignment.clone();
    |                     +

warning: unused variable: `symbols`
    --> src/player/handlers/datum_handlers/cast_member/field.rs:1022:38
     |
1022 |                 |cast_member, value, symbols| {
     |                                      ^^^^^^^ help: if this is intentional, prefix it with an underscore: `_symbols`

warning: unused variable: `symbols`
    --> src/player/handlers/datum_handlers/cast_member/field.rs:1021:27
     |
1021 |                 |_player, symbols| value.bool_value(),
     |                           ^^^^^^^ help: if this is intentional, prefix it with an underscore: `_symbols`

warning: unused variable: `symbols`
    --> src/player/handlers/datum_handlers/cast_member/field.rs:1012:38
     |
1012 |                 |cast_member, value, symbols| {
     |                                      ^^^^^^^ help: if this is intentional, prefix it with an underscore: `_symbols`

warning: unused variable: `symbols`
    --> src/player/handlers/datum_handlers/cast_member/field.rs:1011:27
     |
1011 |                 |_player, symbols| value.int_value(),
     |                           ^^^^^^^ help: if this is intentional, prefix it with an underscore: `_symbols`

warning: unused variable: `symbols`
    --> src/player/handlers/datum_handlers/cast_member/field.rs:1002:38
     |
1002 |                 |cast_member, value, symbols| {
     |                                      ^^^^^^^ help: if this is intentional, prefix it with an underscore: `_symbols`

warning: unused variable: `symbols`
    --> src/player/handlers/datum_handlers/cast_member/field.rs:1001:27
     |
1001 |                 |_player, symbols| value.bool_value(),
     |                           ^^^^^^^ help: if this is intentional, prefix it with an underscore: `_symbols`

warning: unused variable: `symbols`
   --> src/player/handlers/datum_handlers/cast_member/field.rs:983:38
    |
983 |                 |cast_member, value, symbols| {
    |                                      ^^^^^^^ help: if this is intentional, prefix it with an underscore: `_symbols`

warning: unused variable: `symbols`
   --> src/player/handlers/datum_handlers/cast_member/field.rs:973:38
    |
973 |                 |cast_member, value, symbols| {
    |                                      ^^^^^^^ help: if this is intentional, prefix it with an underscore: `_symbols`

warning: unused variable: `symbols`
   --> src/player/handlers/datum_handlers/cast_member/field.rs:972:27
    |
972 |                 |_player, symbols| value.int_value(),
    |                           ^^^^^^^ help: if this is intentional, prefix it with an underscore: `_symbols`

warning: unused variable: `symbols`
   --> src/player/handlers/datum_handlers/cast_member/field.rs:963:38
    |
963 |                 |cast_member, value, symbols| {
    |                                      ^^^^^^^ help: if this is intentional, prefix it with an underscore: `_symbols`

warning: unused variable: `symbols`
   --> src/player/handlers/datum_handlers/cast_member/field.rs:962:27
    |
962 |                 |_player, symbols| value.int_value(),
    |                           ^^^^^^^ help: if this is intentional, prefix it with an underscore: `_symbols`

warning: unused variable: `symbols`
   --> src/player/handlers/datum_handlers/cast_member/field.rs:949:38
    |
949 |                 |cast_member, value, symbols| {
    |                                      ^^^^^^^ help: if this is intentional, prefix it with an underscore: `_symbols`

warning: unused variable: `player`
   --> src/player/handlers/datum_handlers/cast_member/field.rs:948:18
    |
948 |                 |player, symbols| value.media_value(),
    |                  ^^^^^^ help: if this is intentional, prefix it with an underscore: `_player`

warning: unused variable: `symbols`
   --> src/player/handlers/datum_handlers/cast_member/field.rs:948:26
    |
948 |                 |player, symbols| value.media_value(),
    |                          ^^^^^^^ help: if this is intentional, prefix it with an underscore: `_symbols`

warning: unused variable: `symbols`
   --> src/player/handlers/datum_handlers/cast_member/field.rs:938:38
    |
938 |                 |cast_member, value, symbols| {
    |                                      ^^^^^^^ help: if this is intentional, prefix it with an underscore: `_symbols`

warning: unused variable: `player`
   --> src/player/handlers/datum_handlers/cast_member/field.rs:937:18
    |
937 |                 |player, symbols| value.int_value(),
    |                  ^^^^^^ help: if this is intentional, prefix it with an underscore: `_player`

warning: unused variable: `symbols`
   --> src/player/handlers/datum_handlers/cast_member/field.rs:937:26
    |
937 |                 |player, symbols| value.int_value(),
    |                          ^^^^^^^ help: if this is intentional, prefix it with an underscore: `_symbols`

warning: unused variable: `symbols`
   --> src/player/handlers/datum_handlers/cast_member/field.rs:927:38
    |
927 |                 |cast_member, value, symbols| {
    |                                      ^^^^^^^ help: if this is intentional, prefix it with an underscore: `_symbols`

warning: unused variable: `player`
   --> src/player/handlers/datum_handlers/cast_member/field.rs:926:18
    |
926 |                 |player, symbols| value.int_value(),
    |                  ^^^^^^ help: if this is intentional, prefix it with an underscore: `_player`

warning: unused variable: `symbols`
   --> src/player/handlers/datum_handlers/cast_member/field.rs:926:26
    |
926 |                 |player, symbols| value.int_value(),
    |                          ^^^^^^^ help: if this is intentional, prefix it with an underscore: `_symbols`

warning: unused variable: `symbols`
   --> src/player/handlers/datum_handlers/cast_member/field.rs:917:38
    |
917 |                 |cast_member, value, symbols| {
    |                                      ^^^^^^^ help: if this is intentional, prefix it with an underscore: `_symbols`

warning: unused variable: `player`
   --> src/player/handlers/datum_handlers/cast_member/field.rs:916:18
    |
916 |                 |player, symbols| value.bool_value(),
    |                  ^^^^^^ help: if this is intentional, prefix it with an underscore: `_player`

warning: unused variable: `symbols`
   --> src/player/handlers/datum_handlers/cast_member/field.rs:916:26
    |
916 |                 |player, symbols| value.bool_value(),
    |                          ^^^^^^^ help: if this is intentional, prefix it with an underscore: `_symbols`

warning: unused variable: `symbols`
   --> src/player/handlers/datum_handlers/cast_member/field.rs:898:38
    |
898 |                 |cast_member, value, symbols| {
    |                                      ^^^^^^^ help: if this is intentional, prefix it with an underscore: `_symbols`

warning: unused variable: `player`
   --> src/player/handlers/datum_handlers/cast_member/field.rs:897:18
    |
897 |                 |player, symbols| value.int_value(),
    |                  ^^^^^^ help: if this is intentional, prefix it with an underscore: `_player`

warning: unused variable: `symbols`
   --> src/player/handlers/datum_handlers/cast_member/field.rs:897:26
    |
897 |                 |player, symbols| value.int_value(),
    |                          ^^^^^^^ help: if this is intentional, prefix it with an underscore: `_symbols`

warning: unused variable: `symbols`
   --> src/player/handlers/datum_handlers/cast_member/field.rs:888:38
    |
888 |                 |cast_member, value, symbols| {
    |                                      ^^^^^^^ help: if this is intentional, prefix it with an underscore: `_symbols`

warning: unused variable: `player`
   --> src/player/handlers/datum_handlers/cast_member/field.rs:887:18
    |
887 |                 |player, symbols| value.int_value(),
    |                  ^^^^^^ help: if this is intentional, prefix it with an underscore: `_player`

warning: unused variable: `symbols`
   --> src/player/handlers/datum_handlers/cast_member/field.rs:887:26
    |
887 |                 |player, symbols| value.int_value(),
    |                          ^^^^^^^ help: if this is intentional, prefix it with an underscore: `_symbols`

warning: unused variable: `symbols`
   --> src/player/handlers/datum_handlers/cast_member/field.rs:878:38
    |
878 |                 |cast_member, value, symbols| {
    |                                      ^^^^^^^ help: if this is intentional, prefix it with an underscore: `_symbols`

warning: unused variable: `player`
   --> src/player/handlers/datum_handlers/cast_member/field.rs:877:18
    |
877 |                 |player, symbols| value.int_value(),
    |                  ^^^^^^ help: if this is intentional, prefix it with an underscore: `_player`

warning: unused variable: `symbols`
   --> src/player/handlers/datum_handlers/cast_member/field.rs:877:26
    |
877 |                 |player, symbols| value.int_value(),
    |                          ^^^^^^^ help: if this is intentional, prefix it with an underscore: `_symbols`

warning: unused variable: `symbols`
   --> src/player/handlers/datum_handlers/cast_member/field.rs:868:38
    |
868 |                 |cast_member, value, symbols| {
    |                                      ^^^^^^^ help: if this is intentional, prefix it with an underscore: `_symbols`

warning: unused variable: `player`
   --> src/player/handlers/datum_handlers/cast_member/field.rs:867:18
    |
867 |                 |player, symbols| value.int_value(),
    |                  ^^^^^^ help: if this is intentional, prefix it with an underscore: `_player`

warning: unused variable: `symbols`
   --> src/player/handlers/datum_handlers/cast_member/field.rs:867:26
    |
867 |                 |player, symbols| value.int_value(),
    |                          ^^^^^^^ help: if this is intentional, prefix it with an underscore: `_symbols`

warning: unused variable: `symbols`
   --> src/player/handlers/datum_handlers/cast_member/field.rs:858:38
    |
858 |                 |cast_member, value, symbols| {
    |                                      ^^^^^^^ help: if this is intentional, prefix it with an underscore: `_symbols`

warning: unused variable: `player`
   --> src/player/handlers/datum_handlers/cast_member/field.rs:857:18
    |
857 |                 |player, symbols| value.int_value(),
    |                  ^^^^^^ help: if this is intentional, prefix it with an underscore: `_player`

warning: unused variable: `symbols`
   --> src/player/handlers/datum_handlers/cast_member/field.rs:857:26
    |
857 |                 |player, symbols| value.int_value(),
    |                          ^^^^^^^ help: if this is intentional, prefix it with an underscore: `_symbols`

warning: unused variable: `symbols`
   --> src/player/handlers/datum_handlers/cast_member/field.rs:848:38
    |
848 |                 |cast_member, value, symbols| {
    |                                      ^^^^^^^ help: if this is intentional, prefix it with an underscore: `_symbols`

warning: unused variable: `player`
   --> src/player/handlers/datum_handlers/cast_member/field.rs:847:18
    |
847 |                 |player, symbols| value.bool_value(),
    |                  ^^^^^^ help: if this is intentional, prefix it with an underscore: `_player`

warning: unused variable: `symbols`
   --> src/player/handlers/datum_handlers/cast_member/field.rs:847:26
    |
847 |                 |player, symbols| value.bool_value(),
    |                          ^^^^^^^ help: if this is intentional, prefix it with an underscore: `_symbols`

warning: unused variable: `symbols`
   --> src/player/handlers/datum_handlers/cast_member/field.rs:838:38
    |
838 |                 |cast_member, value, symbols| {
    |                                      ^^^^^^^ help: if this is intentional, prefix it with an underscore: `_symbols`

warning: unused variable: `player`
   --> src/player/handlers/datum_handlers/cast_member/field.rs:837:18
    |
837 |                 |player, symbols| value.bool_value(),
    |                  ^^^^^^ help: if this is intentional, prefix it with an underscore: `_player`

warning: unused variable: `symbols`
   --> src/player/handlers/datum_handlers/cast_member/field.rs:837:26
    |
837 |                 |player, symbols| value.bool_value(),
    |                          ^^^^^^^ help: if this is intentional, prefix it with an underscore: `_symbols`

warning: unused variable: `symbols`
   --> src/player/handlers/datum_handlers/cast_member/field.rs:828:38
    |
828 |                 |cast_member, value, symbols| {
    |                                      ^^^^^^^ help: if this is intentional, prefix it with an underscore: `_symbols`

warning: unused variable: `player`
   --> src/player/handlers/datum_handlers/cast_member/field.rs:827:18
    |
827 |                 |player, symbols| value.bool_value(),
    |                  ^^^^^^ help: if this is intentional, prefix it with an underscore: `_player`

warning: unused variable: `symbols`
   --> src/player/handlers/datum_handlers/cast_member/field.rs:827:26
    |
827 |                 |player, symbols| value.bool_value(),
    |                          ^^^^^^^ help: if this is intentional, prefix it with an underscore: `_symbols`

warning: unused variable: `player`
   --> src/player/handlers/datum_handlers/cast_member/field.rs:815:18
    |
815 |                 |player, symbols| value.string_value(symbols),
    |                  ^^^^^^ help: if this is intentional, prefix it with an underscore: `_player`

warning: unused variable: `symbols`
   --> src/player/handlers/datum_handlers/cast_member/field.rs:806:38
    |
806 |                 |cast_member, value, symbols| {
    |                                      ^^^^^^^ help: if this is intentional, prefix it with an underscore: `_symbols`

warning: unused variable: `player`
   --> src/player/handlers/datum_handlers/cast_member/field.rs:805:18
    |
805 |                 |player, symbols| value.int_value(),
    |                  ^^^^^^ help: if this is intentional, prefix it with an underscore: `_player`

warning: unused variable: `symbols`
   --> src/player/handlers/datum_handlers/cast_member/field.rs:805:26
    |
805 |                 |player, symbols| value.int_value(),
    |                          ^^^^^^^ help: if this is intentional, prefix it with an underscore: `_symbols`

warning: unused variable: `symbols`
   --> src/player/handlers/datum_handlers/cast_member/field.rs:792:38
    |
792 |                 |cast_member, value, symbols| {
    |                                      ^^^^^^^ help: if this is intentional, prefix it with an underscore: `_symbols`

warning: unused variable: `player`
   --> src/player/handlers/datum_handlers/cast_member/field.rs:791:18
    |
791 |                 |player, symbols| value.int_value(),
    |                  ^^^^^^ help: if this is intentional, prefix it with an underscore: `_player`

warning: unused variable: `symbols`
   --> src/player/handlers/datum_handlers/cast_member/field.rs:791:26
    |
791 |                 |player, symbols| value.int_value(),
    |                          ^^^^^^^ help: if this is intentional, prefix it with an underscore: `_symbols`

warning: unused variable: `symbols`
   --> src/player/handlers/datum_handlers/cast_member/field.rs:776:38
    |
776 |                 |cast_member, value, symbols| {
    |                                      ^^^^^^^ help: if this is intentional, prefix it with an underscore: `_symbols`

warning: unused variable: `player`
   --> src/player/handlers/datum_handlers/cast_member/field.rs:775:18
    |
775 |                 |player, symbols| value.string_value(symbols),
    |                  ^^^^^^ help: if this is intentional, prefix it with an underscore: `_player`

warning: unused variable: `symbols`
   --> src/player/handlers/datum_handlers/cast_member/field.rs:758:38
    |
758 |                 |cast_member, value, symbols| {
    |                                      ^^^^^^^ help: if this is intentional, prefix it with an underscore: `_symbols`

warning: unused variable: `player`
   --> src/player/handlers/datum_handlers/cast_member/field.rs:757:18
    |
757 |                 |player, symbols| value.int_value(),
    |                  ^^^^^^ help: if this is intentional, prefix it with an underscore: `_player`

warning: unused variable: `symbols`
   --> src/player/handlers/datum_handlers/cast_member/field.rs:757:26
    |
757 |                 |player, symbols| value.int_value(),
    |                          ^^^^^^^ help: if this is intentional, prefix it with an underscore: `_symbols`

warning: unused variable: `symbols`
   --> src/player/handlers/datum_handlers/cast_member/field.rs:748:38
    |
748 |                 |cast_member, value, symbols| {
    |                                      ^^^^^^^ help: if this is intentional, prefix it with an underscore: `_symbols`

warning: unused variable: `player`
   --> src/player/handlers/datum_handlers/cast_member/field.rs:747:18
    |
747 |                 |player, symbols| value.string_value(symbols),
    |                  ^^^^^^ help: if this is intentional, prefix it with an underscore: `_player`

warning: unused variable: `symbols`
   --> src/player/handlers/datum_handlers/cast_member/field.rs:730:38
    |
730 |                 |cast_member, value, symbols| {
    |                                      ^^^^^^^ help: if this is intentional, prefix it with an underscore: `_symbols`

warning: unused variable: `player`
   --> src/player/handlers/datum_handlers/cast_member/field.rs:729:18
    |
729 |                 |player, symbols| value.int_value(),
    |                  ^^^^^^ help: if this is intentional, prefix it with an underscore: `_player`

warning: unused variable: `symbols`
   --> src/player/handlers/datum_handlers/cast_member/field.rs:729:26
    |
729 |                 |player, symbols| value.int_value(),
    |                          ^^^^^^^ help: if this is intentional, prefix it with an underscore: `_symbols`

warning: unused variable: `symbols`
   --> src/player/handlers/datum_handlers/cast_member/field.rs:715:38
    |
715 |                 |cast_member, value, symbols| {
    |                                      ^^^^^^^ help: if this is intentional, prefix it with an underscore: `_symbols`

warning: unused variable: `player`
   --> src/player/handlers/datum_handlers/cast_member/field.rs:714:18
    |
714 |                 |player, symbols| value.int_value(),
    |                  ^^^^^^ help: if this is intentional, prefix it with an underscore: `_player`

warning: unused variable: `symbols`
   --> src/player/handlers/datum_handlers/cast_member/field.rs:714:26
    |
714 |                 |player, symbols| value.int_value(),
    |                          ^^^^^^^ help: if this is intentional, prefix it with an underscore: `_symbols`

warning: unused variable: `symbols`
   --> src/player/handlers/datum_handlers/cast_member/field.rs:705:38
    |
705 |                 |cast_member, value, symbols| {
    |                                      ^^^^^^^ help: if this is intentional, prefix it with an underscore: `_symbols`

warning: unused variable: `player`
   --> src/player/handlers/datum_handlers/cast_member/field.rs:704:18
    |
704 |                 |player, symbols| value.bool_value(),
    |                  ^^^^^^ help: if this is intentional, prefix it with an underscore: `_player`

warning: unused variable: `symbols`
   --> src/player/handlers/datum_handlers/cast_member/field.rs:704:26
    |
704 |                 |player, symbols| value.bool_value(),
    |                          ^^^^^^^ help: if this is intentional, prefix it with an underscore: `_symbols`

warning: unused variable: `player`
   --> src/player/handlers/datum_handlers/cast_member/field.rs:692:18
    |
692 |                 |player, symbols| value.string_value(symbols),
    |                  ^^^^^^ help: if this is intentional, prefix it with an underscore: `_player`

warning: unused variable: `symbols`
   --> src/player/handlers/datum_handlers/cast_member/field.rs:657:87
    |
657 |                 |cast_member, rect_values: Result<(i32, i32, i32, i32), ScriptError>, symbols| {
    |                                                                                       ^^^^^^^ help: if this is intentional, prefix it with an underscore: `_symbols`

warning: unused variable: `symbols`
   --> src/player/handlers/datum_handlers/cast_member/field.rs:647:27
    |
647 |                 |_player, symbols| -> Result<(i32, i32, i32, i32), ScriptError> {
    |                           ^^^^^^^ help: if this is intentional, prefix it with an underscore: `_symbols`

warning: unused variable: `symbols`
   --> src/player/handlers/datum_handlers/cast_member/field.rs:637:38
    |
637 |                 |cast_member, value, symbols| {
    |                                      ^^^^^^^ help: if this is intentional, prefix it with an underscore: `_symbols`

warning: unused variable: `player`
   --> src/player/handlers/datum_handlers/cast_member/field.rs:636:18
    |
636 |                 |player, symbols| value.string_value(symbols),
    |                  ^^^^^^ help: if this is intentional, prefix it with an underscore: `_player`

warning: variable does not need to be mutable
   --> src/player/handlers/datum_handlers/cast_member/font.rs:560:13
    |
560 |         let mut y = top_spacing.max(0) as f64;
    |             ----^
    |             |
    |             help: remove this `mut`

warning: unused variable: `y`
   --> src/player/handlers/datum_handlers/cast_member/font.rs:560:13
    |
560 |         let mut y = top_spacing.max(0) as f64;
    |             ^^^^^ help: if this is intentional, prefix it with an underscore: `_y`

warning: variable does not need to be mutable
   --> src/player/handlers/datum_handlers/cast_member/font.rs:808:13
    |
808 |         let mut push_line = |line: &mut NativeLine, lines_out: &mut Vec<NativeLine>| {
    |             ----^^^^^^^^^
    |             |
    |             help: remove this `mut`

warning: variable does not need to be mutable
   --> src/player/handlers/datum_handlers/cast_member/font.rs:827:17
    |
827 |             let mut flush_token = |token_text: &mut String,
    |                 ----^^^^^^^^^^^
    |                 |
    |                 help: remove this `mut`

warning: value assigned to `token_start_byte` is never read
   --> src/player/handlers/datum_handlers/cast_member/font.rs:965:13
    |
949 |                     token_start_byte = cur_byte_offset;
    |                     ---------------------------------- `token_start_byte` is overwritten here before the previous value is read
...
965 |             token_start_byte = cur_byte_offset;
    |             ^^^^^^^^^^^^^^^^^^^^^^^^^^^^^^^^^^ this value is reassigned later and never used

warning: value assigned to `current_line` is never read
    --> src/player/handlers/datum_handlers/cast_member/font.rs:2164:21
     |
2164 |                     current_line = String::new();
     |                     ^^^^^^^^^^^^
     |
     = help: maybe it is overwritten before being read?

warning: unused variable: `rgb`
    --> src/player/handlers/datum_handlers/cast_member/font.rs:2192:34
     |
2192 |     fn rgb_to_palette_index_safe(rgb: u32, palettes: &PaletteMap) -> u32 {
     |                                  ^^^ help: if this is intentional, prefix it with an underscore: `_rgb`

warning: unused variable: `palettes`
    --> src/player/handlers/datum_handlers/cast_member/font.rs:2192:44
     |
2192 |     fn rgb_to_palette_index_safe(rgb: u32, palettes: &PaletteMap) -> u32 {
     |                                            ^^^^^^^^ help: if this is intentional, prefix it with an underscore: `_palettes`

warning: unused variable: `bitmap`
    --> src/player/handlers/datum_handlers/cast_member/font.rs:2243:9
     |
2243 |         bitmap: &mut Bitmap,
     |         ^^^^^^ help: if this is intentional, prefix it with an underscore: `_bitmap`

warning: unused variable: `x`
    --> src/player/handlers/datum_handlers/cast_member/font.rs:2245:9
     |
2245 |         x: i32,
     |         ^ help: if this is intentional, prefix it with an underscore: `_x`

warning: unused variable: `y`
    --> src/player/handlers/datum_handlers/cast_member/font.rs:2246:9
     |
2246 |         y: i32,
     |         ^ help: if this is intentional, prefix it with an underscore: `_y`

warning: unused variable: `font`
    --> src/player/handlers/datum_handlers/cast_member/font.rs:2247:9
     |
2247 |         font: BitmapFont,
     |         ^^^^ help: if this is intentional, prefix it with an underscore: `_font`

warning: unused variable: `font_bitmap`
    --> src/player/handlers/datum_handlers/cast_member/font.rs:2248:9
     |
2248 |         font_bitmap: &Bitmap,
     |         ^^^^^^^^^^^ help: if this is intentional, prefix it with an underscore: `_font_bitmap`

warning: unused variable: `bg_color`
    --> src/player/handlers/datum_handlers/cast_member/font.rs:2250:9
     |
2250 |         bg_color: u8,
     |         ^^^^^^^^ help: if this is intentional, prefix it with an underscore: `_bg_color`

warning: unused variable: `glyph_index`
    --> src/player/handlers/datum_handlers/cast_member/font.rs:2255:13
     |
2255 |         let glyph_index = ch as usize;
     |             ^^^^^^^^^^^ help: if this is intentional, prefix it with an underscore: `_glyph_index`

warning: unused variable: `final_color`
    --> src/player/handlers/datum_handlers/cast_member/font.rs:2261:13
     |
2261 |         let final_color = color_override.unwrap_or({
     |             ^^^^^^^^^^^ help: if this is intentional, prefix it with an underscore: `_final_color`

warning: unused variable: `palette`
    --> src/player/handlers/datum_handlers/cast_member/font.rs:2272:21
     |
2272 |         if let Some(palette) = palettes.palettes.first() {
     |                     ^^^^^^^ help: if this is intentional, prefix it with an underscore: `_palette`

warning: unreachable pattern
    --> src/player/handlers/datum_handlers/cast_member/font.rs:2287:13
     |
2287 |             _ => 0, // fallback
     |             ^ no value can reach this
     |
note: multiple earlier patterns match some of the same values
    --> src/player/handlers/datum_handlers/cast_member/font.rs:2287:13
     |
2282 |             ColorRef::PaletteIndex(idx) => idx,
     |             --------------------------- matches some of the same values
2283 |             ColorRef::Rgb(r, g, b) => {
     |             ---------------------- matches some of the same values
...
2287 |             _ => 0, // fallback
     |             ^ collectively making this unreachable

warning: unused variable: `r`
    --> src/player/handlers/datum_handlers/cast_member/font.rs:2283:27
     |
2283 |             ColorRef::Rgb(r, g, b) => {
     |                           ^ help: if this is intentional, prefix it with an underscore: `_r`

warning: unused variable: `g`
    --> src/player/handlers/datum_handlers/cast_member/font.rs:2283:30
     |
2283 |             ColorRef::Rgb(r, g, b) => {
     |                              ^ help: if this is intentional, prefix it with an underscore: `_g`

warning: unused variable: `b`
    --> src/player/handlers/datum_handlers/cast_member/font.rs:2283:33
     |
2283 |             ColorRef::Rgb(r, g, b) => {
     |                                 ^ help: if this is intentional, prefix it with an underscore: `_b`

warning: unused variable: `bg_color`
    --> src/player/handlers/datum_handlers/cast_member/font.rs:2323:25
     |
2323 |                     let bg_color = if let Some(bg) = span.style.bg_color {
     |                         ^^^^^^^^ help: if this is intentional, prefix it with an underscore: `_bg_color`

warning: unused variable: `player`
    --> src/player/handlers/datum_handlers/cast_member/font.rs:2610:14
     |
2610 |             |player, symbols| (), // no extra data needed
     |              ^^^^^^ help: if this is intentional, prefix it with an underscore: `_player`

warning: unused variable: `symbols`
    --> src/player/handlers/datum_handlers/cast_member/font.rs:2610:22
     |
2610 |             |player, symbols| (), // no extra data needed
     |                      ^^^^^^^ help: if this is intentional, prefix it with an underscore: `_symbols`

warning: unused variable: `symbols`
    --> src/player/handlers/datum_handlers/cast_member/shockwave3d.rs:3295:43
     |
3295 |                 (|player: &mut DirPlayer, symbols: &mut SymbolTable| {
     |                                           ^^^^^^^ help: if this is intentional, prefix it with an underscore: `_symbols`

warning: unused variable: `handler_sym`
    --> src/player/handlers/datum_handlers/cast_member/shockwave3d.rs:1320:29
     |
1320 |                         let handler_sym = if let Some(a) = args.get(1) {
     |                             ^^^^^^^^^^^ help: if this is intentional, prefix it with an underscore: `_handler_sym`

warning: unreachable pattern
    --> src/player/handlers/datum_handlers/cast_member/text.rs:1155:13
     |
 429 |             "scrolltop" => Ok(Datum::Int(
     |             ----------- matches all the relevant values
...
1155 |             "scrolltop" => {
     |             ^^^^^^^^^^^ no value can reach this

warning: variable does not need to be mutable
    --> src/player/handlers/datum_handlers/cast_member/text.rs:1348:22
     |
1348 |                 let (mut width, mut height) = if measure_with_canvas {
     |                      ----^^^^^
     |                      |
     |                      help: remove this `mut`

warning: variable does not need to be mutable
    --> src/player/handlers/datum_handlers/cast_member/text.rs:1348:33
     |
1348 |                 let (mut width, mut height) = if measure_with_canvas {
     |                                 ----^^^^^^
     |                                 |
     |                                 help: remove this `mut`

warning: variable does not need to be mutable
    --> src/player/handlers/datum_handlers/cast_member/text.rs:1946:25
     |
1946 |                     let mut flush_line = |line: &str, line_char_offset: usize, y_pos: i32, bitmap: &mut Bitmap| {
     |                         ----^^^^^^^^^^
     |                         |
     |                         help: remove this `mut`

warning: unused variable: `symbols`
   --> src/player/handlers/datum_handlers/cast_member/text.rs:414:9
    |
414 |         symbols: &mut SymbolTable,
    |         ^^^^^^^ help: if this is intentional, prefix it with an underscore: `_symbols`

warning: unreachable pattern
    --> src/player/handlers/datum_handlers/cast_member/text.rs:3216:13
     |
2351 |             "scrolltop" => borrow_member_mut_with_player(
     |             ----------- matches all the relevant values
...
3216 |             "scrolltop" => borrow_member_mut_with_player(
     |             ^^^^^^^^^^^ no value can reach this

warning: unused variable: `symbols`
    --> src/player/handlers/datum_handlers/cast_member/text.rs:3410:46
     |
3410 |                     |cast_member, tab_stops, symbols| {
     |                                              ^^^^^^^ help: if this is intentional, prefix it with an underscore: `_symbols`

warning: unused variable: `symbols`
    --> src/player/handlers/datum_handlers/cast_member/text.rs:3347:38
     |
3347 |                 |cast_member, value, symbols| {
     |                                      ^^^^^^^ help: if this is intentional, prefix it with an underscore: `_symbols`

warning: unused variable: `symbols`
    --> src/player/handlers/datum_handlers/cast_member/text.rs:3337:38
     |
3337 |                 |cast_member, value, symbols| {
     |                                      ^^^^^^^ help: if this is intentional, prefix it with an underscore: `_symbols`

warning: unused variable: `symbols`
    --> src/player/handlers/datum_handlers/cast_member/text.rs:3336:27
     |
3336 |                 |_player, symbols| value.int_value(),
     |                           ^^^^^^^ help: if this is intentional, prefix it with an underscore: `_symbols`

warning: unused variable: `symbols`
    --> src/player/handlers/datum_handlers/cast_member/text.rs:3327:38
     |
3327 |                 |cast_member, value, symbols| {
     |                                      ^^^^^^^ help: if this is intentional, prefix it with an underscore: `_symbols`

warning: unused variable: `symbols`
    --> src/player/handlers/datum_handlers/cast_member/text.rs:3326:27
     |
3326 |                 |_player, symbols| value.int_value(),
     |                           ^^^^^^^ help: if this is intentional, prefix it with an underscore: `_symbols`

warning: unused variable: `symbols`
    --> src/player/handlers/datum_handlers/cast_member/text.rs:3317:38
     |
3317 |                 |cast_member, value, symbols| {
     |                                      ^^^^^^^ help: if this is intentional, prefix it with an underscore: `_symbols`

warning: unused variable: `symbols`
    --> src/player/handlers/datum_handlers/cast_member/text.rs:3316:27
     |
3316 |                 |_player, symbols| value.int_value(),
     |                           ^^^^^^^ help: if this is intentional, prefix it with an underscore: `_symbols`

warning: unused variable: `symbols`
    --> src/player/handlers/datum_handlers/cast_member/text.rs:3307:38
     |
3307 |                 |cast_member, value, symbols| {
     |                                      ^^^^^^^ help: if this is intentional, prefix it with an underscore: `_symbols`

warning: unused variable: `symbols`
    --> src/player/handlers/datum_handlers/cast_member/text.rs:3306:27
     |
3306 |                 |_player, symbols| value.int_value(),
     |                           ^^^^^^^ help: if this is intentional, prefix it with an underscore: `_symbols`

warning: unused variable: `symbols`
    --> src/player/handlers/datum_handlers/cast_member/text.rs:3250:38
     |
3250 |                 |cast_member, value, symbols| {
     |                                      ^^^^^^^ help: if this is intentional, prefix it with an underscore: `_symbols`

warning: unused variable: `player`
    --> src/player/handlers/datum_handlers/cast_member/text.rs:3249:18
     |
3249 |                 |player, symbols| value.string_value(symbols),
     |                  ^^^^^^ help: if this is intentional, prefix it with an underscore: `_player`

warning: unused variable: `symbols`
    --> src/player/handlers/datum_handlers/cast_member/text.rs:3234:38
     |
3234 |                 |cast_member, value, symbols| {
     |                                      ^^^^^^^ help: if this is intentional, prefix it with an underscore: `_symbols`

warning: unused variable: `player`
    --> src/player/handlers/datum_handlers/cast_member/text.rs:3233:18
     |
3233 |                 |player, symbols| value.bool_value(),
     |                  ^^^^^^ help: if this is intentional, prefix it with an underscore: `_player`

warning: unused variable: `symbols`
    --> src/player/handlers/datum_handlers/cast_member/text.rs:3233:26
     |
3233 |                 |player, symbols| value.bool_value(),
     |                          ^^^^^^^ help: if this is intentional, prefix it with an underscore: `_symbols`

warning: unused variable: `symbols`
    --> src/player/handlers/datum_handlers/cast_member/text.rs:3221:38
     |
3221 |                 |cast_member, value, symbols| {
     |                                      ^^^^^^^ help: if this is intentional, prefix it with an underscore: `_symbols`

warning: unused variable: `player`
    --> src/player/handlers/datum_handlers/cast_member/text.rs:3220:18
     |
3220 |                 |player, symbols| value.int_value(),
     |                  ^^^^^^ help: if this is intentional, prefix it with an underscore: `_player`

warning: unused variable: `symbols`
    --> src/player/handlers/datum_handlers/cast_member/text.rs:3220:26
     |
3220 |                 |player, symbols| value.int_value(),
     |                          ^^^^^^^ help: if this is intentional, prefix it with an underscore: `_symbols`

warning: unused variable: `symbols`
    --> src/player/handlers/datum_handlers/cast_member/text.rs:3208:38
     |
3208 |                 |cast_member, value, symbols| {
     |                                      ^^^^^^^ help: if this is intentional, prefix it with an underscore: `_symbols`

warning: unused variable: `player`
    --> src/player/handlers/datum_handlers/cast_member/text.rs:3207:18
     |
3207 |                 |player, symbols| value.int_value(),
     |                  ^^^^^^ help: if this is intentional, prefix it with an underscore: `_player`

warning: unused variable: `symbols`
    --> src/player/handlers/datum_handlers/cast_member/text.rs:3207:26
     |
3207 |                 |player, symbols| value.int_value(),
     |                          ^^^^^^^ help: if this is intentional, prefix it with an underscore: `_symbols`

warning: unused variable: `symbols`
    --> src/player/handlers/datum_handlers/cast_member/text.rs:3195:38
     |
3195 |                 |cast_member, value, symbols| {
     |                                      ^^^^^^^ help: if this is intentional, prefix it with an underscore: `_symbols`

warning: unused variable: `player`
    --> src/player/handlers/datum_handlers/cast_member/text.rs:3194:18
     |
3194 |                 |player, symbols| value.bool_value(),
     |                  ^^^^^^ help: if this is intentional, prefix it with an underscore: `_player`

warning: unused variable: `symbols`
    --> src/player/handlers/datum_handlers/cast_member/text.rs:3194:26
     |
3194 |                 |player, symbols| value.bool_value(),
     |                          ^^^^^^^ help: if this is intentional, prefix it with an underscore: `_symbols`

warning: unused variable: `symbols`
    --> src/player/handlers/datum_handlers/cast_member/text.rs:3182:38
     |
3182 |                 |cast_member, value, symbols| {
     |                                      ^^^^^^^ help: if this is intentional, prefix it with an underscore: `_symbols`

warning: unused variable: `player`
    --> src/player/handlers/datum_handlers/cast_member/text.rs:3181:18
     |
3181 |                 |player, symbols| value.int_value(),
     |                  ^^^^^^ help: if this is intentional, prefix it with an underscore: `_player`

warning: unused variable: `symbols`
    --> src/player/handlers/datum_handlers/cast_member/text.rs:3181:26
     |
3181 |                 |player, symbols| value.int_value(),
     |                          ^^^^^^^ help: if this is intentional, prefix it with an underscore: `_symbols`

warning: unused variable: `symbols`
    --> src/player/handlers/datum_handlers/cast_member/text.rs:3169:38
     |
3169 |                 |cast_member, value, symbols| {
     |                                      ^^^^^^^ help: if this is intentional, prefix it with an underscore: `_symbols`

warning: unused variable: `player`
    --> src/player/handlers/datum_handlers/cast_member/text.rs:3168:18
     |
3168 |                 |player, symbols| value.bool_value(),
     |                  ^^^^^^ help: if this is intentional, prefix it with an underscore: `_player`

warning: unused variable: `symbols`
    --> src/player/handlers/datum_handlers/cast_member/text.rs:3168:26
     |
3168 |                 |player, symbols| value.bool_value(),
     |                          ^^^^^^^ help: if this is intentional, prefix it with an underscore: `_symbols`

warning: unused variable: `symbols`
    --> src/player/handlers/datum_handlers/cast_member/text.rs:3156:38
     |
3156 |                 |cast_member, value, symbols| {
     |                                      ^^^^^^^ help: if this is intentional, prefix it with an underscore: `_symbols`

warning: unused variable: `player`
    --> src/player/handlers/datum_handlers/cast_member/text.rs:3155:18
     |
3155 |                 |player, symbols| value.bool_value(),
     |                  ^^^^^^ help: if this is intentional, prefix it with an underscore: `_player`

warning: unused variable: `symbols`
    --> src/player/handlers/datum_handlers/cast_member/text.rs:3155:26
     |
3155 |                 |player, symbols| value.bool_value(),
     |                          ^^^^^^^ help: if this is intentional, prefix it with an underscore: `_symbols`

warning: unused variable: `symbols`
    --> src/player/handlers/datum_handlers/cast_member/text.rs:3137:38
     |
3137 |                 |cast_member, value, symbols| {
     |                                      ^^^^^^^ help: if this is intentional, prefix it with an underscore: `_symbols`

warning: unused variable: `player`
    --> src/player/handlers/datum_handlers/cast_member/text.rs:3136:18
     |
3136 |                 |player, symbols| value.string_value(symbols),
     |                  ^^^^^^ help: if this is intentional, prefix it with an underscore: `_player`

warning: unused variable: `symbols`
    --> src/player/handlers/datum_handlers/cast_member/text.rs:3124:38
     |
3124 |                 |cast_member, value, symbols| {
     |                                      ^^^^^^^ help: if this is intentional, prefix it with an underscore: `_symbols`

warning: unused variable: `player`
    --> src/player/handlers/datum_handlers/cast_member/text.rs:3123:18
     |
3123 |                 |player, symbols| value.bool_value(),
     |                  ^^^^^^ help: if this is intentional, prefix it with an underscore: `_player`

warning: unused variable: `symbols`
    --> src/player/handlers/datum_handlers/cast_member/text.rs:3123:26
     |
3123 |                 |player, symbols| value.bool_value(),
     |                          ^^^^^^^ help: if this is intentional, prefix it with an underscore: `_symbols`

warning: unused variable: `symbols`
    --> src/player/handlers/datum_handlers/cast_member/text.rs:3111:38
     |
3111 |                 |cast_member, value, symbols| {
     |                                      ^^^^^^^ help: if this is intentional, prefix it with an underscore: `_symbols`

warning: unused variable: `player`
    --> src/player/handlers/datum_handlers/cast_member/text.rs:3110:18
     |
3110 |                 |player, symbols| value.bool_value(),
     |                  ^^^^^^ help: if this is intentional, prefix it with an underscore: `_player`

warning: unused variable: `symbols`
    --> src/player/handlers/datum_handlers/cast_member/text.rs:3110:26
     |
3110 |                 |player, symbols| value.bool_value(),
     |                          ^^^^^^^ help: if this is intentional, prefix it with an underscore: `_symbols`

warning: unused variable: `symbols`
    --> src/player/handlers/datum_handlers/cast_member/text.rs:3098:38
     |
3098 |                 |cast_member, value, symbols| {
     |                                      ^^^^^^^ help: if this is intentional, prefix it with an underscore: `_symbols`

warning: unused variable: `player`
    --> src/player/handlers/datum_handlers/cast_member/text.rs:3097:18
     |
3097 |                 |player, symbols| value.bool_value(),
     |                  ^^^^^^ help: if this is intentional, prefix it with an underscore: `_player`

warning: unused variable: `symbols`
    --> src/player/handlers/datum_handlers/cast_member/text.rs:3097:26
     |
3097 |                 |player, symbols| value.bool_value(),
     |                          ^^^^^^^ help: if this is intentional, prefix it with an underscore: `_symbols`

warning: unused variable: `symbols`
    --> src/player/handlers/datum_handlers/cast_member/text.rs:3084:38
     |
3084 |                 |cast_member, value, symbols| {
     |                                      ^^^^^^^ help: if this is intentional, prefix it with an underscore: `_symbols`

warning: unused variable: `symbols`
    --> src/player/handlers/datum_handlers/cast_member/text.rs:3054:38
     |
3054 |                 |cast_member, value, symbols| {
     |                                      ^^^^^^^ help: if this is intentional, prefix it with an underscore: `_symbols`

warning: unused variable: `player`
    --> src/player/handlers/datum_handlers/cast_member/text.rs:3053:18
     |
3053 |                 |player, symbols| value.string_value(symbols),
     |                  ^^^^^^ help: if this is intentional, prefix it with an underscore: `_player`

warning: unused variable: `symbols`
    --> src/player/handlers/datum_handlers/cast_member/text.rs:3038:38
     |
3038 |                 |cast_member, value, symbols| {
     |                                      ^^^^^^^ help: if this is intentional, prefix it with an underscore: `_symbols`

warning: unused variable: `symbols`
    --> src/player/handlers/datum_handlers/cast_member/text.rs:3012:38
     |
3012 |                 |cast_member, value, symbols| {
     |                                      ^^^^^^^ help: if this is intentional, prefix it with an underscore: `_symbols`

warning: unused variable: `symbols`
    --> src/player/handlers/datum_handlers/cast_member/text.rs:2985:38
     |
2985 |                 |cast_member, value, symbols| {
     |                                      ^^^^^^^ help: if this is intentional, prefix it with an underscore: `_symbols`

warning: unused variable: `player`
    --> src/player/handlers/datum_handlers/cast_member/text.rs:2984:18
     |
2984 |                 |player, symbols| value.int_value(),
     |                  ^^^^^^ help: if this is intentional, prefix it with an underscore: `_player`

warning: unused variable: `symbols`
    --> src/player/handlers/datum_handlers/cast_member/text.rs:2984:26
     |
2984 |                 |player, symbols| value.int_value(),
     |                          ^^^^^^^ help: if this is intentional, prefix it with an underscore: `_symbols`

warning: unused variable: `symbols`
    --> src/player/handlers/datum_handlers/cast_member/text.rs:2968:38
     |
2968 |                 |cast_member, value, symbols| {
     |                                      ^^^^^^^ help: if this is intentional, prefix it with an underscore: `_symbols`

warning: unused variable: `player`
    --> src/player/handlers/datum_handlers/cast_member/text.rs:2967:18
     |
2967 |                 |player, symbols| value.int_value(),
     |                  ^^^^^^ help: if this is intentional, prefix it with an underscore: `_player`

warning: unused variable: `symbols`
    --> src/player/handlers/datum_handlers/cast_member/text.rs:2967:26
     |
2967 |                 |player, symbols| value.int_value(),
     |                          ^^^^^^^ help: if this is intentional, prefix it with an underscore: `_symbols`

warning: unused variable: `symbols`
    --> src/player/handlers/datum_handlers/cast_member/text.rs:2950:38
     |
2950 |                 |cast_member, value, symbols| {
     |                                      ^^^^^^^ help: if this is intentional, prefix it with an underscore: `_symbols`

warning: unused variable: `player`
    --> src/player/handlers/datum_handlers/cast_member/text.rs:2949:18
     |
2949 |                 |player, symbols| value.int_value(),
     |                  ^^^^^^ help: if this is intentional, prefix it with an underscore: `_player`

warning: unused variable: `symbols`
    --> src/player/handlers/datum_handlers/cast_member/text.rs:2949:26
     |
2949 |                 |player, symbols| value.int_value(),
     |                          ^^^^^^^ help: if this is intentional, prefix it with an underscore: `_symbols`

warning: unused variable: `symbols`
    --> src/player/handlers/datum_handlers/cast_member/text.rs:2931:38
     |
2931 |                 |cast_member, value, symbols| {
     |                                      ^^^^^^^ help: if this is intentional, prefix it with an underscore: `_symbols`

warning: unused variable: `player`
    --> src/player/handlers/datum_handlers/cast_member/text.rs:2930:18
     |
2930 |                 |player, symbols| value.string_value(symbols),
     |                  ^^^^^^ help: if this is intentional, prefix it with an underscore: `_player`

warning: unused variable: `symbols`
    --> src/player/handlers/datum_handlers/cast_member/text.rs:2905:38
     |
2905 |                 |cast_member, value, symbols| {
     |                                      ^^^^^^^ help: if this is intentional, prefix it with an underscore: `_symbols`

warning: unused variable: `player`
    --> src/player/handlers/datum_handlers/cast_member/text.rs:2904:18
     |
2904 |                 |player, symbols| value.string_value(symbols),
     |                  ^^^^^^ help: if this is intentional, prefix it with an underscore: `_player`

warning: unused variable: `symbols`
    --> src/player/handlers/datum_handlers/cast_member/text.rs:2887:38
     |
2887 |                 |cast_member, value, symbols| {
     |                                      ^^^^^^^ help: if this is intentional, prefix it with an underscore: `_symbols`

warning: unused variable: `player`
    --> src/player/handlers/datum_handlers/cast_member/text.rs:2886:18
     |
2886 |                 |player, symbols| value.string_value(symbols),
     |                  ^^^^^^ help: if this is intentional, prefix it with an underscore: `_player`

warning: unused variable: `symbols`
    --> src/player/handlers/datum_handlers/cast_member/text.rs:2868:38
     |
2868 |                 |cast_member, value, symbols| {
     |                                      ^^^^^^^ help: if this is intentional, prefix it with an underscore: `_symbols`

warning: unused variable: `player`
    --> src/player/handlers/datum_handlers/cast_member/text.rs:2867:18
     |
2867 |                 |player, symbols| value.string_value(symbols),
     |                  ^^^^^^ help: if this is intentional, prefix it with an underscore: `_player`

warning: unused variable: `symbols`
    --> src/player/handlers/datum_handlers/cast_member/text.rs:2855:38
     |
2855 |                 |cast_member, value, symbols| {
     |                                      ^^^^^^^ help: if this is intentional, prefix it with an underscore: `_symbols`

warning: unused variable: `player`
    --> src/player/handlers/datum_handlers/cast_member/text.rs:2854:18
     |
2854 |                 |player, symbols| value.float_value().or_else(|_| value.int_value().map(|i| i as f64)),
     |                  ^^^^^^ help: if this is intentional, prefix it with an underscore: `_player`

warning: unused variable: `symbols`
    --> src/player/handlers/datum_handlers/cast_member/text.rs:2854:26
     |
2854 |                 |player, symbols| value.float_value().or_else(|_| value.int_value().map(|i| i as f64)),
     |                          ^^^^^^^ help: if this is intentional, prefix it with an underscore: `_symbols`

warning: unused variable: `symbols`
    --> src/player/handlers/datum_handlers/cast_member/text.rs:2842:38
     |
2842 |                 |cast_member, value, symbols| {
     |                                      ^^^^^^^ help: if this is intentional, prefix it with an underscore: `_symbols`

warning: unused variable: `player`
    --> src/player/handlers/datum_handlers/cast_member/text.rs:2841:18
     |
2841 |                 |player, symbols| value.int_value(),
     |                  ^^^^^^ help: if this is intentional, prefix it with an underscore: `_player`

warning: unused variable: `symbols`
    --> src/player/handlers/datum_handlers/cast_member/text.rs:2841:26
     |
2841 |                 |player, symbols| value.int_value(),
     |                          ^^^^^^^ help: if this is intentional, prefix it with an underscore: `_symbols`

warning: unused variable: `symbols`
    --> src/player/handlers/datum_handlers/cast_member/text.rs:2829:38
     |
2829 |                 |cast_member, value, symbols| {
     |                                      ^^^^^^^ help: if this is intentional, prefix it with an underscore: `_symbols`

warning: unused variable: `player`
    --> src/player/handlers/datum_handlers/cast_member/text.rs:2828:18
     |
2828 |                 |player, symbols| value.int_value(),
     |                  ^^^^^^ help: if this is intentional, prefix it with an underscore: `_player`

warning: unused variable: `symbols`
    --> src/player/handlers/datum_handlers/cast_member/text.rs:2828:26
     |
2828 |                 |player, symbols| value.int_value(),
     |                          ^^^^^^^ help: if this is intentional, prefix it with an underscore: `_symbols`

warning: unused variable: `symbols`
    --> src/player/handlers/datum_handlers/cast_member/text.rs:2816:38
     |
2816 |                 |cast_member, value, symbols| {
     |                                      ^^^^^^^ help: if this is intentional, prefix it with an underscore: `_symbols`

warning: unused variable: `player`
    --> src/player/handlers/datum_handlers/cast_member/text.rs:2815:18
     |
2815 |                 |player, symbols| value.int_value(),
     |                  ^^^^^^ help: if this is intentional, prefix it with an underscore: `_player`

warning: unused variable: `symbols`
    --> src/player/handlers/datum_handlers/cast_member/text.rs:2815:26
     |
2815 |                 |player, symbols| value.int_value(),
     |                          ^^^^^^^ help: if this is intentional, prefix it with an underscore: `_symbols`

warning: unused variable: `symbols`
    --> src/player/handlers/datum_handlers/cast_member/text.rs:2805:38
     |
2805 |                 |cast_member, value, symbols| {
     |                                      ^^^^^^^ help: if this is intentional, prefix it with an underscore: `_symbols`

warning: unused variable: `player`
    --> src/player/handlers/datum_handlers/cast_member/text.rs:2804:18
     |
2804 |                 |player, symbols| value.int_value(),
     |                  ^^^^^^ help: if this is intentional, prefix it with an underscore: `_player`

warning: unused variable: `symbols`
    --> src/player/handlers/datum_handlers/cast_member/text.rs:2804:26
     |
2804 |                 |player, symbols| value.int_value(),
     |                          ^^^^^^^ help: if this is intentional, prefix it with an underscore: `_symbols`

warning: unused variable: `symbols`
    --> src/player/handlers/datum_handlers/cast_member/text.rs:2786:38
     |
2786 |                 |cast_member, value, symbols| {
     |                                      ^^^^^^^ help: if this is intentional, prefix it with an underscore: `_symbols`

warning: unused variable: `player`
    --> src/player/handlers/datum_handlers/cast_member/text.rs:2785:18
     |
2785 |                 |player, symbols| value.int_value(),
     |                  ^^^^^^ help: if this is intentional, prefix it with an underscore: `_player`

warning: unused variable: `symbols`
    --> src/player/handlers/datum_handlers/cast_member/text.rs:2785:26
     |
2785 |                 |player, symbols| value.int_value(),
     |                          ^^^^^^^ help: if this is intentional, prefix it with an underscore: `_symbols`

warning: unused variable: `symbols`
    --> src/player/handlers/datum_handlers/cast_member/text.rs:2754:38
     |
2754 |                 |cast_member, value, symbols| {
     |                                      ^^^^^^^ help: if this is intentional, prefix it with an underscore: `_symbols`

warning: unused variable: `player`
    --> src/player/handlers/datum_handlers/cast_member/text.rs:2753:18
     |
2753 |                 |player, symbols| value.int_value(),
     |                  ^^^^^^ help: if this is intentional, prefix it with an underscore: `_player`

warning: unused variable: `symbols`
    --> src/player/handlers/datum_handlers/cast_member/text.rs:2753:26
     |
2753 |                 |player, symbols| value.int_value(),
     |                          ^^^^^^^ help: if this is intentional, prefix it with an underscore: `_symbols`

warning: unused variable: `symbols`
    --> src/player/handlers/datum_handlers/cast_member/text.rs:2740:38
     |
2740 |                 |cast_member, value, symbols| {
     |                                      ^^^^^^^ help: if this is intentional, prefix it with an underscore: `_symbols`

warning: unused variable: `player`
    --> src/player/handlers/datum_handlers/cast_member/text.rs:2739:18
     |
2739 |                 |player, symbols| value.int_value(),
     |                  ^^^^^^ help: if this is intentional, prefix it with an underscore: `_player`

warning: unused variable: `symbols`
    --> src/player/handlers/datum_handlers/cast_member/text.rs:2739:26
     |
2739 |                 |player, symbols| value.int_value(),
     |                          ^^^^^^^ help: if this is intentional, prefix it with an underscore: `_symbols`

warning: unused variable: `symbols`
    --> src/player/handlers/datum_handlers/cast_member/text.rs:2709:38
     |
2709 |                 |cast_member, value, symbols| {
     |                                      ^^^^^^^ help: if this is intentional, prefix it with an underscore: `_symbols`

warning: unused variable: `symbols`
    --> src/player/handlers/datum_handlers/cast_member/text.rs:2699:27
     |
2699 |                 |_player, symbols| {
     |                           ^^^^^^^ help: if this is intentional, prefix it with an underscore: `_symbols`

warning: unused variable: `symbols`
    --> src/player/handlers/datum_handlers/cast_member/text.rs:2566:38
     |
2566 |                 |cast_member, value, symbols| {
     |                                      ^^^^^^^ help: if this is intentional, prefix it with an underscore: `_symbols`

warning: unused variable: `player`
    --> src/player/handlers/datum_handlers/cast_member/text.rs:2565:18
     |
2565 |                 |player, symbols| value.string_value(symbols),
     |                  ^^^^^^ help: if this is intentional, prefix it with an underscore: `_player`

warning: unused variable: `symbols`
    --> src/player/handlers/datum_handlers/cast_member/text.rs:2556:38
     |
2556 |                 |cast_member, value, symbols| {
     |                                      ^^^^^^^ help: if this is intentional, prefix it with an underscore: `_symbols`

warning: unused variable: `player`
    --> src/player/handlers/datum_handlers/cast_member/text.rs:2555:18
     |
2555 |                 |player, symbols| value.bool_value(),
     |                  ^^^^^^ help: if this is intentional, prefix it with an underscore: `_player`

warning: unused variable: `symbols`
    --> src/player/handlers/datum_handlers/cast_member/text.rs:2555:26
     |
2555 |                 |player, symbols| value.bool_value(),
     |                          ^^^^^^^ help: if this is intentional, prefix it with an underscore: `_symbols`

warning: unused variable: `player`
    --> src/player/handlers/datum_handlers/cast_member/text.rs:2545:18
     |
2545 |                 |player, symbols| value.symbol_value(symbols),
     |                  ^^^^^^ help: if this is intentional, prefix it with an underscore: `_player`

warning: unused variable: `symbols`
    --> src/player/handlers/datum_handlers/cast_member/text.rs:2536:38
     |
2536 |                 |cast_member, value, symbols| {
     |                                      ^^^^^^^ help: if this is intentional, prefix it with an underscore: `_symbols`

warning: unused variable: `player`
    --> src/player/handlers/datum_handlers/cast_member/text.rs:2535:18
     |
2535 |                 |player, symbols| value.int_value(),
     |                  ^^^^^^ help: if this is intentional, prefix it with an underscore: `_player`

warning: unused variable: `symbols`
    --> src/player/handlers/datum_handlers/cast_member/text.rs:2535:26
     |
2535 |                 |player, symbols| value.int_value(),
     |                          ^^^^^^^ help: if this is intentional, prefix it with an underscore: `_symbols`

warning: unused variable: `symbols`
    --> src/player/handlers/datum_handlers/cast_member/text.rs:2522:38
     |
2522 |                 |cast_member, value, symbols| {
     |                                      ^^^^^^^ help: if this is intentional, prefix it with an underscore: `_symbols`

warning: unused variable: `player`
    --> src/player/handlers/datum_handlers/cast_member/text.rs:2521:18
     |
2521 |                 |player, symbols| value.int_value(),
     |                  ^^^^^^ help: if this is intentional, prefix it with an underscore: `_player`

warning: unused variable: `symbols`
    --> src/player/handlers/datum_handlers/cast_member/text.rs:2521:26
     |
2521 |                 |player, symbols| value.int_value(),
     |                          ^^^^^^^ help: if this is intentional, prefix it with an underscore: `_symbols`

warning: unused variable: `symbols`
    --> src/player/handlers/datum_handlers/cast_member/text.rs:2458:38
     |
2458 |                 |cast_member, value, symbols| {
     |                                      ^^^^^^^ help: if this is intentional, prefix it with an underscore: `_symbols`

warning: unused variable: `player`
    --> src/player/handlers/datum_handlers/cast_member/text.rs:2457:18
     |
2457 |                 |player, symbols| value.int_value(),
     |                  ^^^^^^ help: if this is intentional, prefix it with an underscore: `_player`

warning: unused variable: `symbols`
    --> src/player/handlers/datum_handlers/cast_member/text.rs:2457:26
     |
2457 |                 |player, symbols| value.int_value(),
     |                          ^^^^^^^ help: if this is intentional, prefix it with an underscore: `_symbols`

warning: unused variable: `symbols`
    --> src/player/handlers/datum_handlers/cast_member/text.rs:2443:38
     |
2443 |                 |cast_member, value, symbols| {
     |                                      ^^^^^^^ help: if this is intentional, prefix it with an underscore: `_symbols`

warning: unused variable: `player`
    --> src/player/handlers/datum_handlers/cast_member/text.rs:2442:18
     |
2442 |                 |player, symbols| value.string_value(symbols),
     |                  ^^^^^^ help: if this is intentional, prefix it with an underscore: `_player`

warning: unused variable: `symbols`
    --> src/player/handlers/datum_handlers/cast_member/text.rs:2433:38
     |
2433 |                 |cast_member, value, symbols| {
     |                                      ^^^^^^^ help: if this is intentional, prefix it with an underscore: `_symbols`

warning: unused variable: `player`
    --> src/player/handlers/datum_handlers/cast_member/text.rs:2432:18
     |
2432 |                 |player, symbols| value.int_value(),
     |                  ^^^^^^ help: if this is intentional, prefix it with an underscore: `_player`

warning: unused variable: `symbols`
    --> src/player/handlers/datum_handlers/cast_member/text.rs:2432:26
     |
2432 |                 |player, symbols| value.int_value(),
     |                          ^^^^^^^ help: if this is intentional, prefix it with an underscore: `_symbols`

warning: unused variable: `symbols`
    --> src/player/handlers/datum_handlers/cast_member/text.rs:2423:38
     |
2423 |                 |cast_member, value, symbols| {
     |                                      ^^^^^^^ help: if this is intentional, prefix it with an underscore: `_symbols`

warning: unused variable: `player`
    --> src/player/handlers/datum_handlers/cast_member/text.rs:2422:18
     |
2422 |                 |player, symbols| value.bool_value(),
     |                  ^^^^^^ help: if this is intentional, prefix it with an underscore: `_player`

warning: unused variable: `symbols`
    --> src/player/handlers/datum_handlers/cast_member/text.rs:2422:26
     |
2422 |                 |player, symbols| value.bool_value(),
     |                          ^^^^^^^ help: if this is intentional, prefix it with an underscore: `_symbols`

warning: unused variable: `player`
    --> src/player/handlers/datum_handlers/cast_member/text.rs:2412:18
     |
2412 |                 |player, symbols| value.symbol_value(symbols),
     |                  ^^^^^^ help: if this is intentional, prefix it with an underscore: `_player`

warning: unused variable: `symbols`
    --> src/player/handlers/datum_handlers/cast_member/text.rs:2371:38
     |
2371 |                 |cast_member, value, symbols| {
     |                                      ^^^^^^^ help: if this is intentional, prefix it with an underscore: `_symbols`

warning: unused variable: `player`
    --> src/player/handlers/datum_handlers/cast_member/text.rs:2370:18
     |
2370 |                 |player, symbols| value.string_value(symbols),
     |                  ^^^^^^ help: if this is intentional, prefix it with an underscore: `_player`

warning: unused variable: `symbols`
    --> src/player/handlers/datum_handlers/cast_member/text.rs:2356:34
     |
2356 |                 |cast_member, v, symbols| -> Result<(), ScriptError> {
     |                                  ^^^^^^^ help: if this is intentional, prefix it with an underscore: `_symbols`

warning: unused variable: `symbols`
    --> src/player/handlers/datum_handlers/cast_member/text.rs:2355:27
     |
2355 |                 |_player, symbols| value.int_value(),
     |                           ^^^^^^^ help: if this is intentional, prefix it with an underscore: `_symbols`

warning: variable does not need to be mutable
    --> src/player/handlers/datum_handlers/cast_member/text.rs:3794:13
     |
3794 |         let mut flush_run = |run_buf: &mut String,
     |             ----^^^^^^^^^
     |             |
     |             help: remove this `mut`

warning: unused variable: `model_names`
   --> src/player/handlers/datum_handlers/cast_member/havok.rs:741:14
    |
741 |         let (model_names, model_transforms): (Vec<Symbol>, std::collections::HashMap<Symbol, [f32; 16]>) = {
    |              ^^^^^^^^^^^ help: if this is intentional, prefix it with an underscore: `_model_names`

warning: unused variable: `symbols`
    --> src/player/handlers/datum_handlers/cast_member/havok.rs:1264:9
     |
1264 |         symbols: &mut SymbolTable,
     |         ^^^^^^^ help: if this is intentional, prefix it with an underscore: `_symbols`

warning: unused variable: `symbols`
   --> src/player/handlers/datum_handlers/cast_member/physx.rs:565:9
    |
565 |         symbols: &mut SymbolTable,
    |         ^^^^^^^ help: if this is intentional, prefix it with an underscore: `_symbols`

warning: unused variable: `symbols`
   --> src/player/handlers/datum_handlers/cast_member/physx.rs:583:9
    |
583 |         symbols: &mut SymbolTable,
    |         ^^^^^^^ help: if this is intentional, prefix it with an underscore: `_symbols`

warning: unused variable: `symbols`
   --> src/player/handlers/datum_handlers/cast_member/physx.rs:598:9
    |
598 |         symbols: &mut SymbolTable,
    |         ^^^^^^^ help: if this is intentional, prefix it with an underscore: `_symbols`

warning: unused variable: `symbols`
   --> src/player/handlers/datum_handlers/cast_member/physx.rs:713:9
    |
713 |         symbols: &mut SymbolTable,
    |         ^^^^^^^ help: if this is intentional, prefix it with an underscore: `_symbols`

warning: unused variable: `symbols`
    --> src/player/handlers/datum_handlers/cast_member/physx.rs:1511:66
     |
1511 | ...ate::player::DirPlayer, symbols: &mut SymbolTable, member_ref: &CastMemberRef) -> Result<Option<([f64; 3], [f64; 3])>, ScriptEr...
     |                            ^^^^^^^ help: if this is intentional, prefix it with an underscore: `_symbols`

warning: unused variable: `symbols`
    --> src/player/handlers/datum_handlers/cast_member/physx.rs:1632:9
     |
1632 |         symbols: &mut SymbolTable,
     |         ^^^^^^^ help: if this is intentional, prefix it with an underscore: `_symbols`

warning: unused variable: `symbols`
    --> src/player/handlers/datum_handlers/cast_member/physx.rs:1852:73
     |
1852 | ...ate::player::DirPlayer, symbols: &mut SymbolTable, member_ref: &CastMemberRef) -> Result<DatumRef, ScriptError> {
     |                            ^^^^^^^ help: if this is intentional, prefix it with an underscore: `_symbols`

warning: variable does not need to be mutable
   --> src/player/handlers/datum_handlers/cast_member/physx_gu_capsule_box.rs:202:21
    |
202 |     let (mut f_tmp, mut f_param, mut f_t, mut f_delta);
    |                     ----^^^^^^^
    |                     |
    |                     help: remove this `mut`

warning: variable does not need to be mutable
   --> src/player/handlers/datum_handlers/cast_member/physx_gu_capsule_box.rs:202:34
    |
202 |     let (mut f_tmp, mut f_param, mut f_t, mut f_delta);
    |                                  ----^^^
    |                                  |
    |                                  help: remove this `mut`

warning: variable does not need to be mutable
   --> src/player/handlers/datum_handlers/cast_member/physx_gu_capsule_box.rs:202:43
    |
202 |     let (mut f_tmp, mut f_param, mut f_t, mut f_delta);
    |                                           ----^^^^^^^
    |                                           |
    |                                           help: remove this `mut`

warning: variable does not need to be mutable
   --> src/player/handlers/datum_handlers/cast_member/physx_soa_solver.rs:166:17
    |
166 |             let mut hdr = SolverContactHeader {
    |                 ----^^^
    |                 |
    |                 help: remove this `mut`

warning: unused variable: `atom_a`
   --> src/player/handlers/datum_handlers/cast_member/physx_soa_solver.rs:184:21
    |
184 |                 let atom_a = &bodies[a as usize];
    |                     ^^^^^^ help: if this is intentional, prefix it with an underscore: `_atom_a`

warning: unused variable: `atom_b`
   --> src/player/handlers/datum_handlers/cast_member/physx_soa_solver.rs:185:21
    |
185 |                 let atom_b = &bodies[b as usize];
    |                     ^^^^^^ help: if this is intentional, prefix it with an underscore: `_atom_b`

warning: unused variable: `player`
    --> src/player/handlers/datum_handlers/cast_member_ref.rs:1127:9
     |
1127 |         player: &mut DirPlayer,
     |         ^^^^^^ help: if this is intentional, prefix it with an underscore: `_player`

warning: unused variable: `error`
    --> src/player/handlers/datum_handlers/cast_member_ref.rs:1252:25
     |
1252 |                     Err(error) => {
     |                         ^^^^^ help: if this is intentional, prefix it with an underscore: `_error`

warning: variable does not need to be mutable
   --> src/player/handlers/datum_handlers/date.rs:111:25
    |
111 |                     let mut js_date = js_sys::Date::new(&wasm_bindgen::JsValue::from_f64(
    |                         ----^^^^^^^
    |                         |
    |                         help: remove this `mut`

warning: variable does not need to be mutable
   --> src/player/handlers/datum_handlers/date.rs:128:25
    |
128 |                     let mut js_date = js_sys::Date::new(&wasm_bindgen::JsValue::from_f64(
    |                         ----^^^^^^^
    |                         |
    |                         help: remove this `mut`

warning: variable does not need to be mutable
   --> src/player/handlers/datum_handlers/date.rs:144:25
    |
144 |                     let mut js_date = js_sys::Date::new(&wasm_bindgen::JsValue::from_f64(
    |                         ----^^^^^^^
    |                         |
    |                         help: remove this `mut`

warning: variable does not need to be mutable
   --> src/player/handlers/datum_handlers/date.rs:160:25
    |
160 |                     let mut js_date = js_sys::Date::new(&wasm_bindgen::JsValue::from_f64(
    |                         ----^^^^^^^
    |                         |
    |                         help: remove this `mut`

warning: variable does not need to be mutable
   --> src/player/handlers/datum_handlers/date.rs:176:25
    |
176 |                     let mut js_date = js_sys::Date::new(&wasm_bindgen::JsValue::from_f64(
    |                         ----^^^^^^^
    |                         |
    |                         help: remove this `mut`

warning: variable does not need to be mutable
   --> src/player/handlers/datum_handlers/date.rs:192:25
    |
192 |                     let mut js_date = js_sys::Date::new(&wasm_bindgen::JsValue::from_f64(
    |                         ----^^^^^^^
    |                         |
    |                         help: remove this `mut`

warning: variable does not need to be mutable
   --> src/player/handlers/datum_handlers/date.rs:208:25
    |
208 |                     let mut js_date = js_sys::Date::new(&wasm_bindgen::JsValue::from_f64(
    |                         ----^^^^^^^
    |                         |
    |                         help: remove this `mut`

warning: variable does not need to be mutable
   --> src/player/handlers/datum_handlers/date.rs:291:13
    |
291 |         let mut js_date = js_sys::Date::new(&wasm_bindgen::JsValue::from_f64(
    |             ----^^^^^^^
    |             |
    |             help: remove this `mut`

warning: unused variable: `prop_name_camel`
    --> src/player/handlers/datum_handlers/prop_list.rs:1000:25
     |
1000 |                     let prop_name_camel = {
     |                         ^^^^^^^^^^^^^^^ help: if this is intentional, prefix it with an underscore: `_prop_name_camel`

warning: unused variable: `symbols`
    --> src/player/handlers/datum_handlers/prop_list.rs:1225:45
     |
1225 |     pub fn get_last(player: &mut DirPlayer, symbols: &SymbolTable, datum: &DatumRef, _: &Vec<DatumRef>) -> Result<DatumRef, Script...
     |                                             ^^^^^^^ help: if this is intentional, prefix it with an underscore: `_symbols`

warning: unused variable: `symbols`
    --> src/player/handlers/datum_handlers/prop_list.rs:1451:46
     |
1451 |     pub fn delete_at(player: &mut DirPlayer, symbols: &SymbolTable, datum: &DatumRef, args: &Vec<DatumRef>) -> Result<DatumRef, Sc...
     |                                              ^^^^^^^ help: if this is intentional, prefix it with an underscore: `_symbols`

warning: unused variable: `symbols`
    --> src/player/handlers/datum_handlers/prop_list.rs:1521:48
     |
1521 |     pub fn get_prop_at(player: &mut DirPlayer, symbols: &SymbolTable, datum: &DatumRef, args: &Vec<DatumRef>) -> Result<DatumRef, ...
     |                                                ^^^^^^^ help: if this is intentional, prefix it with an underscore: `_symbols`

warning: unused variable: `idx`
   --> src/player/handlers/datum_handlers/sound_channel.rs:710:14
    |
710 |         for (idx, segment_ref) in lingo_list.iter().enumerate() {
    |              ^^^ help: if this is intentional, prefix it with an underscore: `_idx`

warning: variable does not need to be mutable
    --> src/player/handlers/datum_handlers/sound_channel.rs:2213:21
     |
2213 |                 let mut ch = self_rc.borrow_mut();
     |                     ----^^
     |                     |
     |                     help: remove this `mut`

warning: unused variable: `layer`
    --> src/player/handlers/datum_handlers/sound_channel.rs:2811:13
     |
2811 |         let layer = (header[1] >> 1) & 0x03;
     |             ^^^^^ help: if this is intentional, prefix it with an underscore: `_layer`

warning: unused variable: `source`
    --> src/player/handlers/datum_handlers/sound_channel.rs:2912:25
     |
2912 |             if let Some(ref source) = self.source_node {
     |                         ^^^^^^^^^^ help: if this is intentional, prefix it with an underscore: `_source`

warning: unused variable: `source`
    --> src/player/handlers/datum_handlers/sound_channel.rs:2927:25
     |
2927 |             if let Some(ref source) = self.source_node {
     |                         ^^^^^^^^^^ help: if this is intentional, prefix it with an underscore: `_source`

warning: unused variable: `sample_count`
    --> src/player/handlers/datum_handlers/sound_channel.rs:3233:13
     |
3233 |         let sample_count = (pcm_data.len() / bytes_per_frame) as u32;
     |             ^^^^^^^^^^^^ help: if this is intentional, prefix it with an underscore: `_sample_count`

warning: unused variable: `sample_rate`
    --> src/player/handlers/datum_handlers/sound_channel.rs:3623:13
     |
3623 |         let sample_rate = 16000; // default for Director sounds
     |             ^^^^^^^^^^^ help: if this is intentional, prefix it with an underscore: `_sample_rate`

warning: unused variable: `data`
    --> src/player/handlers/datum_handlers/sound_channel.rs:3722:18
     |
3722 |     fn load_aiff(data: &[u8]) -> Result<AudioData, String> {
     |                  ^^^^ help: if this is intentional, prefix it with an underscore: `_data`

warning: unused variable: `props`
    --> src/player/handlers/datum_handlers/sound_channel.rs:3762:13
     |
3762 |         let props = match datum {
     |             ^^^^^ help: if this is intentional, prefix it with an underscore: `_props`

warning: unused variable: `source`
    --> src/player/handlers/datum_handlers/sound_channel.rs:4244:21
     |
4244 |         if let Some(ref source) = self.source_node {
     |                     ^^^^^^^^^^ help: if this is intentional, prefix it with an underscore: `_source`

warning: unused variable: `context`
    --> src/player/handlers/datum_handlers/sound_channel.rs:4356:13
     |
4356 |         let context = self.audio_context();
     |             ^^^^^^^ help: if this is intentional, prefix it with an underscore: `_context`

warning: unused variable: `symbols`
    --> src/player/handlers/datum_handlers/sprite.rs:1935:62
     |
1935 |                     runtime.with_player_and_symbols(|player, symbols| {
     |                                                              ^^^^^^^ help: if this is intentional, prefix it with an underscore: `_symbols`

warning: unused variable: `symbols`
    --> src/player/handlers/datum_handlers/sprite.rs:1826:58
     |
1826 |                 runtime.with_player_and_symbols(|player, symbols| {
     |                                                          ^^^^^^^ help: if this is intentional, prefix it with an underscore: `_symbols`

warning: unused variable: `symbols`
    --> src/player/handlers/datum_handlers/sprite.rs:1780:58
     |
1780 |                 runtime.with_player_and_symbols(|player, symbols| {
     |                                                          ^^^^^^^ help: if this is intentional, prefix it with an underscore: `_symbols`

warning: unused variable: `symbols`
    --> src/player/handlers/datum_handlers/sprite.rs:1710:58
     |
1710 |                 runtime.with_player_and_symbols(|player, symbols| {
     |                                                          ^^^^^^^ help: if this is intentional, prefix it with an underscore: `_symbols`

warning: unused variable: `symbols`
    --> src/player/handlers/datum_handlers/sprite.rs:1590:62
     |
1590 |                     runtime.with_player_and_symbols(|player, symbols| {
     |                                                              ^^^^^^^ help: if this is intentional, prefix it with an underscore: `_symbols`

warning: unused variable: `symbols`
    --> src/player/handlers/datum_handlers/sprite.rs:1566:77
     |
1566 |                     let prop_num = runtime.with_player_and_symbols(|player, symbols| player.get_datum(&args[1]).int_value())?;
     |                                                                             ^^^^^^^ help: if this is intentional, prefix it with an underscore: `_symbols`

warning: unused variable: `symbols`
    --> src/player/handlers/datum_handlers/sprite.rs:1553:81
     |
1553 | ...                   return runtime.with_player_and_symbols(|player, symbols| {
     |                                                                       ^^^^^^^ help: if this is intentional, prefix it with an underscore: `_symbols`

warning: unused variable: `symbols`
    --> src/player/handlers/datum_handlers/sprite.rs:1549:77
     |
1549 |                     let prop_num = runtime.with_player_and_symbols(|player, symbols| player.get_datum(&args[1]).int_value())?;
     |                                                                             ^^^^^^^ help: if this is intentional, prefix it with an underscore: `_symbols`

warning: unused variable: `symbols`
    --> src/player/handlers/datum_handlers/sprite.rs:1529:73
     |
1529 |                     let rect = runtime.with_player_and_symbols(|player, symbols| {
     |                                                                         ^^^^^^^ help: if this is intentional, prefix it with an underscore: `_symbols`

warning: unused variable: `symbols`
    --> src/player/handlers/datum_handlers/sprite.rs:1515:77
     |
1515 |                     let (sx, sy) = runtime.with_player_and_symbols(|player, symbols| -> Result<(i32, i32), ScriptError> {
     |                                                                             ^^^^^^^ help: if this is intentional, prefix it with an underscore: `_symbols`

warning: unused variable: `symbols`
    --> src/player/handlers/datum_handlers/sprite.rs:1498:81
     |
1498 | ...                   return runtime.with_player_and_symbols(|player, symbols| {
     |                                                                       ^^^^^^^ help: if this is intentional, prefix it with an underscore: `_symbols`

warning: unused variable: `symbols`
    --> src/player/handlers/datum_handlers/sprite.rs:1412:69
     |
1412 |                     return runtime.with_player_and_symbols(|player, symbols| {
     |                                                                     ^^^^^^^ help: if this is intentional, prefix it with an underscore: `_symbols`

warning: unused variable: `symbols`
    --> src/player/handlers/datum_handlers/sprite.rs:1403:81
     |
1403 | ...                   return runtime.with_player_and_symbols(|player, symbols| {
     |                                                                       ^^^^^^^ help: if this is intentional, prefix it with an underscore: `_symbols`

warning: unused variable: `symbols`
    --> src/player/handlers/datum_handlers/sprite.rs:1463:73
     |
1463 |                         return runtime.with_player_and_symbols(|player, symbols| Ok(player.alloc_datum(datum)));
     |                                                                         ^^^^^^^ help: if this is intentional, prefix it with an underscore: `_symbols`

warning: unused variable: `symbols`
    --> src/player/handlers/datum_handlers/sprite.rs:1430:77
     |
1430 |                 let member_ready = runtime.with_player_and_symbols(|player, symbols| {
     |                                                                             ^^^^^^^ help: if this is intentional, prefix it with an underscore: `_symbols`

warning: unused variable: `symbols`
    --> src/player/handlers/datum_handlers/sprite.rs:1355:73
     |
1355 |                 let (cl, cm) = runtime.with_player_and_symbols(|player, symbols| {
     |                                                                         ^^^^^^^ help: if this is intentional, prefix it with an underscore: `_symbols`

warning: unused variable: `symbols`
    --> src/player/handlers/datum_handlers/sprite.rs:1354:67
     |
1354 |                 let sn = runtime.with_player_and_symbols(|player, symbols| player.get_datum(datum).to_sprite_ref())?;
     |                                                                   ^^^^^^^ help: if this is intentional, prefix it with an underscore: `_symbols`

warning: unused variable: `symbols`
    --> src/player/handlers/datum_handlers/sprite.rs:1316:62
     |
1316 |                     runtime.with_player_and_symbols(|player, symbols| {
     |                                                              ^^^^^^^ help: if this is intentional, prefix it with an underscore: `_symbols`

warning: unused variable: `symbols`
    --> src/player/handlers/datum_handlers/sprite.rs:1298:74
     |
1298 |                     let frame = runtime.with_player_and_symbols(|player, symbols| {
     |                                                                          ^^^^^^^ help: if this is intentional, prefix it with an underscore: `_symbols`

warning: unused variable: `chunk_expr`
   --> src/player/handlers/datum_handlers/string_chunk.rs:107:9
    |
107 |         chunk_expr: &StringChunkExpr,
    |         ^^^^^^^^^^ help: if this is intentional, prefix it with an underscore: `_chunk_expr`

warning: unused variable: `start`
   --> src/player/handlers/datum_handlers/string_chunk.rs:522:22
    |
522 |                 let (start, end) = StringChunkUtils::vm_range_to_host(
    |                      ^^^^^ help: if this is intentional, prefix it with an underscore: `_start`

warning: unused variable: `datum`
   --> src/player/handlers/datum_handlers/timeout.rs:111:9
    |
111 |         datum: &DatumRef,
    |         ^^^^^ help: if this is intentional, prefix it with an underscore: `_datum`

warning: unreachable pattern
   --> src/player/handlers/datum_handlers/void.rs:112:13
    |
112 |             "count" | "number" => {
    |             ^^^^^^^^^^^^^^^^^^ no value can reach this
    |
note: multiple earlier patterns match some of the same values
   --> src/player/handlers/datum_handlers/void.rs:112:13
    |
 82 |               "count" | "length" => Ok(player.alloc_datum(Datum::Int(0))),
    |               ------------------ matches some of the same values
...
102 | /             "name" | "type" | "number" | "member"
103 | |             | "transform" | "parent" | "shader" | "shaderlist"
104 | |             | "visibility" | "visible" | "blend" | "resource"
105 | |             | "texture" | "texturelist" | "renderformat"
106 | |             | "loch" | "locv" => {
    | |_____________________________- matches some of the same values
...
112 |               "count" | "number" => {
    |               ^^^^^^^^^^^^^^^^^^ collectively making this unreachable

warning: unused variable: `node`
   --> src/player/handlers/datum_handlers/xml.rs:942:29
    |
942 |                 if let Some(node) = player.xml_nodes.get(&xml_id) {
    |                             ^^^^ help: if this is intentional, prefix it with an underscore: `_node`

warning: variable `depth` is assigned to, but never used
    --> src/player/handlers/datum_handlers/shockwave3d_object.rs:3556:41
     |
3556 | ...                   let mut depth = 0u32;
     |                           ^^^^^^^^^
     |
     = note: consider using `_depth` instead

warning: unused variable: `cam_pos`
    --> src/player/handlers/datum_handlers/shockwave3d_object.rs:6139:25
     |
6139 |                     let cam_pos = [cam_transform[12], cam_transform[13], cam_transform[14]];
     |                         ^^^^^^^ help: if this is intentional, prefix it with an underscore: `_cam_pos`

warning: value assigned to `depth` is never read
    --> src/player/handlers/datum_handlers/shockwave3d_object.rs:3568:45
     |
3568 | ...                   depth += 1;
     |                       ^^^^^^^^^^
     |
     = help: maybe it is overwritten before being read?

warning: unused variable: `symbols`
   --> src/player/handlers/datum_handlers/physx_object.rs:862:9
    |
862 |         symbols: &mut SymbolTable,
    |         ^^^^^^^ help: if this is intentional, prefix it with an underscore: `_symbols`

warning: unused variable: `symbols`
   --> src/player/handlers/manager.rs:599:63
    |
599 |         let result = runtime.with_player_and_symbols(|player, symbols| {
    |                                                               ^^^^^^^ help: if this is intentional, prefix it with an underscore: `_symbols`

warning: unreachable pattern
    --> src/player/handlers/manager.rs:2306:110
     |
1822 | ...me(BuiltInSymbol::CharPosToLoc) => {
     |       --------------------------- matches all the relevant values
...
2306 | ...me(BuiltInSymbol::LocVToLinePos | BuiltInSymbol::LinePosToLocV | BuiltInSymbol::LocToCharPos | BuiltInSymbol::CharPosToLoc)
     |                                                                                                   ^^^^^^^^^^^^^^^^^^^^^^^^^^^ no value can reach this

warning: unreachable pattern
    --> src/player/handlers/manager.rs:1689:13
     |
1050 |             Some(BuiltInSymbol::Objectp) => TypeHandlers::objectp(runtime, args),
     |             ---------------------------- matches all the relevant values
...
1689 |             Some(BuiltInSymbol::Objectp) => Self::object_p(runtime, args),
     |             ^^^^^^^^^^^^^^^^^^^^^^^^^^^^ no value can reach this

warning: unreachable pattern
    --> src/player/handlers/manager.rs:1713:13
     |
1135 |             Some(BuiltInSymbol::Play) => {
     |             ------------------------- matches all the relevant values
...
1713 |             Some(BuiltInSymbol::Play) => {
     |             ^^^^^^^^^^^^^^^^^^^^^^^^^ no value can reach this

warning: unused variable: `duplicate_args`
    --> src/player/handlers/manager.rs:1604:21
     |
1604 |                 let duplicate_args = args[1..].to_vec();
     |                     ^^^^^^^^^^^^^^ help: if this is intentional, prefix it with an underscore: `_duplicate_args`

warning: unused variable: `symbols`
    --> src/player/handlers/manager.rs:2622:50
     |
2622 |         runtime.with_player_and_symbols(|player, symbols| {
     |                                                  ^^^^^^^ help: if this is intentional, prefix it with an underscore: `_symbols`

warning: unused variable: `channel_index`
    --> src/player/handlers/manager.rs:2769:35
     |
2769 |                 for (frame_index, channel_index, data) in &player.movie.score.channel_initialization_data {
     |                                   ^^^^^^^^^^^^^ help: if this is intentional, prefix it with an underscore: `_channel_index`

warning: unused variable: `args`
   --> src/player/handlers/movie.rs:705:17
    |
705 |     pub fn halt(args: &Vec<DatumRef>) -> Result<DatumRef, ScriptError> {
    |                 ^^^^ help: if this is intentional, prefix it with an underscore: `_args`

warning: unused variable: `symbols`
  --> src/player/handlers/net.rs:44:45
   |
44 |     pub fn net_done(player: &mut DirPlayer, symbols: &SymbolTable, args: &Vec<DatumRef>) -> Result<DatumRef, ScriptError> {
   |                                             ^^^^^^^ help: if this is intentional, prefix it with an underscore: `_symbols`

warning: unused variable: `symbols`
  --> src/player/handlers/net.rs:79:54
   |
79 |     pub fn get_stream_status(player: &mut DirPlayer, symbols: &SymbolTable, args: &Vec<DatumRef>) -> Result<DatumRef, ScriptError> {
   |                                                      ^^^^^^^ help: if this is intentional, prefix it with an underscore: `_symbols`

warning: unused variable: `symbols`
   --> src/player/handlers/net.rs:222:46
    |
222 |     pub fn net_error(player: &mut DirPlayer, symbols: &SymbolTable, args: &Vec<DatumRef>) -> Result<DatumRef, ScriptError> {
    |                                              ^^^^^^^ help: if this is intentional, prefix it with an underscore: `_symbols`

warning: unused variable: `symbols`
   --> src/player/handlers/net.rs:264:52
    |
264 |     pub fn net_text_result(player: &mut DirPlayer, symbols: &SymbolTable, args: &Vec<DatumRef>) -> Result<DatumRef, ScriptError> {
    |                                                    ^^^^^^^ help: if this is intentional, prefix it with an underscore: `_symbols`

warning: unreachable pattern
   --> src/player/handlers/types.rs:428:13
    |
218 |             Datum::List(_, list, _) => {
    |             ----------------------- matches all the relevant values
...
428 |             Datum::List(_, items, _) => {
    |             ^^^^^^^^^^^^^^^^^^^^^^^^ no value can reach this

warning: unused variable: `script_ref`
    --> src/player/handlers/types.rs:1234:34
     |
1234 |                 Datum::ScriptRef(script_ref) => {
     |                                  ^^^^^^^^^^ help: if this is intentional, prefix it with an underscore: `_script_ref`

warning: unused variable: `symbols`
    --> src/player/handlers/types.rs:1734:50
     |
1734 |         runtime.with_player_and_symbols(|player, symbols| {
     |                                                  ^^^^^^^ help: if this is intentional, prefix it with an underscore: `_symbols`

warning: variable does not need to be mutable
    --> src/player/handlers/types.rs:1767:17
     |
1767 |             let mut s = js_sys::Date::new_0()
     |                 ----^
     |                 |
     |                 help: remove this `mut`

warning: unused variable: `symbols`
    --> src/player/handlers/types.rs:1757:50
     |
1757 |         runtime.with_player_and_symbols(|player, symbols| {
     |                                                  ^^^^^^^ help: if this is intentional, prefix it with an underscore: `_symbols`

warning: variable does not need to be mutable
   --> src/player/js_lingo_loader.rs:426:77
    |
426 |     let mut js_args = match session.borrow_mut().with_player_js(player_id, |mut context, registry| {
    |                                                                             ----^^^^^^^
    |                                                                             |
    |                                                                             help: remove this `mut`

warning: variable does not need to be mutable
   --> src/player/js_lingo_loader.rs:461:64
    |
461 |     Some(match session.borrow_mut().with_player_js(player_id, |mut context, registry| {
    |                                                                ----^^^^^^^
    |                                                                |
    |                                                                help: remove this `mut`

warning: variable does not need to be mutable
   --> src/player/js_lingo_loader.rs:882:48
    |
882 |         session_ref.with_player_js(player_id, |mut context, registry| {
    |                                                ----^^^^^^^
    |                                                |
    |                                                help: remove this `mut`

warning: variable does not need to be mutable
   --> src/player/js_lingo_loader.rs:902:48
    |
902 |         session_ref.with_player_js(player_id, |mut context, registry| {
    |                                                ----^^^^^^^
    |                                                |
    |                                                help: remove this `mut`

warning: variable does not need to be mutable
   --> src/player/js_lingo_loader.rs:925:48
    |
925 |         session_ref.with_player_js(player_id, |mut context, registry| {
    |                                                ----^^^^^^^
    |                                                |
    |                                                help: remove this `mut`

warning: variable does not need to be mutable
   --> src/player/js_lingo_loader.rs:941:44
    |
941 |     session_ref.with_player_js(player_id, |mut context, registry| {
    |                                            ----^^^^^^^
    |                                            |
    |                                            help: remove this `mut`

warning: unreachable pattern
   --> src/player/movie.rs:685:68
    |
527 |             BuiltInSymbol::ExitLock => {
    |             ----------------------- matches all the relevant values
...
685 |             | BuiltInSymbol::BeepOn | BuiltInSymbol::CenterStage | BuiltInSymbol::ExitLock | BuiltInSymbol::FixStageSize
    |                                                                    ^^^^^^^^^^^^^^^^^^^^^^^ no value can reach this

warning: unused variable: `instance_datum_ref`
   --> src/player/score.rs:789:13
    |
789 |         let instance_datum_ref = session
    |             ^^^^^^^^^^^^^^^^^^ help: if this is intentional, prefix it with an underscore: `_instance_datum_ref`

warning: unused variable: `sprite`
    --> src/player/score.rs:2473:33
     |
2473 | ...                   let sprite = match &score_ref_clone {
     |                           ^^^^^^ help: if this is intentional, prefix it with an underscore: `_sprite`

warning: unused variable: `channel_index`
    --> src/player/score.rs:1192:24
     |
1192 |         for (i, (span, channel_index, data)) in span_init_data.iter().enumerate() {
     |                        ^^^^^^^^^^^^^ help: if this is intentional, prefix it with an underscore: `_channel_index`

warning: unused variable: `script_instance_ref`
    --> src/player/score.rs:2045:26
     |
2045 |                     let (script_instance_ref, datum_ref) = match behavior_result {
     |                          ^^^^^^^^^^^^^^^^^^^ help: if this is intentional, prefix it with an underscore: `_script_instance_ref`

warning: unused variable: `script_instance_ref`
    --> src/player/score.rs:2270:30
     |
2270 |                         let (script_instance_ref, datum_ref) = match behavior_result {
     |                              ^^^^^^^^^^^^^^^^^^^ help: if this is intentional, prefix it with an underscore: `_script_instance_ref`

warning: unused variable: `sprite_member`
    --> src/player/score.rs:2401:21
     |
2401 |                 let sprite_member = CastMemberRef {
     |                     ^^^^^^^^^^^^^ help: if this is intentional, prefix it with an underscore: `_sprite_member`

warning: unused variable: `script_instance_ref`
    --> src/player/score.rs:2419:27
     |
2419 |                     Some((script_instance_ref, datum_ref)) => {
     |                           ^^^^^^^^^^^^^^^^^^^ help: if this is intentional, prefix it with an underscore: `_script_instance_ref`

warning: unused variable: `script_instance_ref`
    --> src/player/score.rs:2726:22
     |
2726 |                 let (script_instance_ref, datum_ref) = match behavior_result {
     |                      ^^^^^^^^^^^^^^^^^^^ help: if this is intentional, prefix it with an underscore: `_script_instance_ref`

warning: unused variable: `prop_name_text`
    --> src/player/score.rs:4660:9
     |
4660 |     let prop_name_text = symbols
     |         ^^^^^^^^^^^^^^ help: if this is intentional, prefix it with an underscore: `_prop_name_text`

warning: unused variable: `player`
    --> src/player/score.rs:5803:14
     |
5803 |             |player| value.int_value(),
     |              ^^^^^^ help: if this is intentional, prefix it with an underscore: `_player`

warning: unused variable: `player`
    --> src/player/score.rs:5476:18
     |
5476 |                 |player| value.int_value(),
     |                  ^^^^^^ help: if this is intentional, prefix it with an underscore: `_player`

warning: unused variable: `player`
    --> src/player/score.rs:5447:18
     |
5447 |                 |player| value.int_value(),
     |                  ^^^^^^ help: if this is intentional, prefix it with an underscore: `_player`

warning: unused variable: `player`
    --> src/player/score.rs:5204:14
     |
5204 |             |player| value.int_value(),
     |              ^^^^^^ help: if this is intentional, prefix it with an underscore: `_player`

warning: unused variable: `player`
    --> src/player/score.rs:5195:14
     |
5195 |             |player| value.int_value(),
     |              ^^^^^^ help: if this is intentional, prefix it with an underscore: `_player`

warning: unused variable: `player`
    --> src/player/score.rs:5124:14
     |
5124 |             |player| value.int_value(),
     |              ^^^^^^ help: if this is intentional, prefix it with an underscore: `_player`

warning: unused variable: `player`
    --> src/player/score.rs:5110:14
     |
5110 |             |player| value.int_value(),
     |              ^^^^^^ help: if this is intentional, prefix it with an underscore: `_player`

warning: unused variable: `player`
    --> src/player/score.rs:5100:18
     |
5100 |                 |player| value.int_value(),
     |                  ^^^^^^ help: if this is intentional, prefix it with an underscore: `_player`

warning: unused variable: `player`
    --> src/player/score.rs:5085:14
     |
5085 |             |player| value.int_value(),
     |              ^^^^^^ help: if this is intentional, prefix it with an underscore: `_player`

warning: unused variable: `player`
    --> src/player/score.rs:5075:14
     |
5075 |             |player| value.int_value(),
     |              ^^^^^^ help: if this is intentional, prefix it with an underscore: `_player`

warning: unused variable: `player`
    --> src/player/score.rs:5066:14
     |
5066 |             |player| value.int_value(),
     |              ^^^^^^ help: if this is intentional, prefix it with an underscore: `_player`

warning: unused variable: `prev`
  --> src/player/score_keyframes.rs:21:42
   |
21 |     fn resolve_with_prev(raw: Self::Raw, prev: Option<&Self>) -> Self {
   |                                          ^^^^ help: if this is intentional, prefix it with an underscore: `_prev`

warning: unused variable: `request`
   --> src/player/session.rs:966:17
    |
966 |                 request,
    |                 ^^^^^^^ help: try ignoring the field: `request: _`

warning: variable does not need to be mutable
    --> src/player/session.rs:1318:53
     |
1318 |         let resolved = self.with_player(player_id, |mut context| {
     |                                                     ----^^^^^^^
     |                                                     |
     |                                                     help: remove this `mut`

warning: variable does not need to be mutable
    --> src/player/session.rs:3881:59
     |
3881 |         let already_active = self.with_player(player_id, |mut context| {
     |                                                           ----^^^^^^^
     |                                                           |
     |                                                           help: remove this `mut`

warning: variable does not need to be mutable
    --> src/player/driver.rs:2648:13
     |
2648 |         let mut pending_reason = target_id
     |             ----^^^^^^^^^^^^^^
     |             |
     |             help: remove this `mut`

warning: variable does not need to be mutable
    --> src/player/driver.rs:2807:21
     |
2807 |                     mut remaining,
     |                     ----^^^^^^^^^
     |                     |
     |                     help: remove this `mut`

warning: variable does not need to be mutable
    --> src/player/driver.rs:3056:21
     |
3056 |                     mut remaining,
     |                     ----^^^^^^^^^
     |                     |
     |                     help: remove this `mut`

warning: value assigned to `clipboard_reset` is never read
    --> src/player/testing_browser.rs:1085:65
     |
1085 |         let mut clipboard_reset: Option<Closure<dyn FnMut()>> = None;
     |                                                                 ^^^^ this value is reassigned later and never used
...
1126 |         clipboard_reset = Some(reset_closure);
     |         --------------- `clipboard_reset` is overwritten here before the previous value is read

warning: value assigned to `rejection_write` is never read
    --> src/player/testing_browser.rs:1086:35
     |
1086 |         let mut rejection_write = None;
     |                                   ^^^^ this value is reassigned later and never used
...
1150 |         rejection_write = Some(rejection);
     |         --------------- `rejection_write` is overwritten here before the previous value is read

warning: variable does not need to be mutable
    --> src/player/testing_browser.rs:2041:28
     |
2041 |             .with_context(|mut context| {
     |                            ----^^^^^^^
     |                            |
     |                            help: remove this `mut`

warning: unused variable: `instance_id`
    --> src/player/testing_browser.rs:2221:21
     |
2221 |         let (owner, instance_id, receiver, file_name, mode) = self
     |                     ^^^^^^^^^^^ help: if this is intentional, prefix it with an underscore: `_instance_id`

warning: unused variable: `player`
   --> src/player/virtual_scripts/mod.rs:436:33
    |
436 | pub fn register_virtual_scripts(player: &mut DirPlayer) {
    |                                 ^^^^^^ help: if this is intentional, prefix it with an underscore: `_player`

warning: variable does not need to be mutable
    --> src/player/mod.rs:1781:50
     |
1781 |                         .with_player(id as u32, |mut context| {
     |                                                  ----^^^^^^^
     |                                                  |
     |                                                  help: remove this `mut`

warning: variable does not need to be mutable
    --> src/player/mod.rs:2697:21
     |
2697 |                 let mut symbols = SymbolTable::new();
     |                     ----^^^^^^^
     |                     |
     |                     help: remove this `mut`

warning: unused variable: `member_ref`
    --> src/player/mod.rs:4903:37
     |
4903 |     pub fn load_sound_member(&self, member_ref: &DatumRef) -> Result<AudioData, ScriptError> {
     |                                     ^^^^^^^^^^ help: if this is intentional, prefix it with an underscore: `_member_ref`

warning: unused variable: `old_frame`
    --> src/player/mod.rs:5047:25
     |
5047 |                     let old_frame = film_loop.current_frame;
     |                         ^^^^^^^^^ help: if this is intentional, prefix it with an underscore: `_old_frame`

warning[E0133]: dereference of raw pointer is unsafe and requires unsafe block
    --> src/player/mod.rs:5906:23
     |
5906 |         let session = (*Rc::as_ptr(&handle)).as_ptr();
     |                       ^^^^^^^^^^^^^^^^^^^^^^ dereference of raw pointer
     |
     = note: raw pointers may be null, dangling or unaligned; they can violate aliasing rules and cause data races: all of these are undefined behavior
note: an unsafe function restricts its caller, but its body is safe by default
    --> src/player/mod.rs:5900:1
     |
5900 | unsafe fn active_player_ptr() -> *mut DirPlayer {
     | ^^^^^^^^^^^^^^^^^^^^^^^^^^^^^^^^^^^^^^^^^^^^^^^
     = note: for more information, see <https://doc.rust-lang.org/edition-guide/rust-2024/unsafe-op-in-unsafe-fn.html>
     = note: `#[warn(unsafe_op_in_unsafe_fn)]` (part of `#[warn(rust_2024_compatibility)]`) on by default

warning[E0133]: dereference of raw pointer is unsafe and requires unsafe block
    --> src/player/mod.rs:5908:17
     |
5908 |         let _ = (*session).with_player(ACTIVE_PLAYER_ID as u32, |context| {
     |                 ^^^^^^^^^^ dereference of raw pointer
     |
     = note: raw pointers may be null, dangling or unaligned; they can violate aliasing rules and cause data races: all of these are undefined behavior
     = note: for more information, see <https://doc.rust-lang.org/edition-guide/rust-2024/unsafe-op-in-unsafe-fn.html>

warning[E0133]: use of mutable static is unsafe and requires unsafe block
    --> src/player/mod.rs:5908:40
     |
5908 |         let _ = (*session).with_player(ACTIVE_PLAYER_ID as u32, |context| {
     |                                        ^^^^^^^^^^^^^^^^ use of mutable static
     |
     = note: mutable statics can be mutated by multiple threads: aliasing violations or data races will cause undefined behavior
     = note: for more information, see <https://doc.rust-lang.org/edition-guide/rust-2024/unsafe-op-in-unsafe-fn.html>

warning[E0133]: use of mutable static is unsafe and requires unsafe block
    --> src/player/mod.rs:5915:8
     |
5915 |     if ACTIVE_PLAYER_ID == 0 {
     |        ^^^^^^^^^^^^^^^^ use of mutable static
     |
     = note: mutable statics can be mutated by multiple threads: aliasing violations or data races will cause undefined behavior
     = note: for more information, see <https://doc.rust-lang.org/edition-guide/rust-2024/unsafe-op-in-unsafe-fn.html>

warning[E0133]: call to unsafe function `std::option::Option::<T>::unwrap_unchecked` is unsafe and requires unsafe block
    --> src/player/mod.rs:5916:9
     |
5916 |         PLAYER_OPT.as_mut().unwrap_unchecked() as *mut DirPlayer
     |         ^^^^^^^^^^^^^^^^^^^^^^^^^^^^^^^^^^^^^^ call to unsafe function
     |
     = note: consult the function's documentation for information on how to avoid undefined behavior
     = note: for more information, see <https://doc.rust-lang.org/edition-guide/rust-2024/unsafe-op-in-unsafe-fn.html>

warning[E0133]: use of mutable static is unsafe and requires unsafe block
    --> src/player/mod.rs:5916:9
     |
5916 |         PLAYER_OPT.as_mut().unwrap_unchecked() as *mut DirPlayer
     |         ^^^^^^^^^^ use of mutable static
     |
     = note: mutable statics can be mutated by multiple threads: aliasing violations or data races will cause undefined behavior
     = note: for more information, see <https://doc.rust-lang.org/edition-guide/rust-2024/unsafe-op-in-unsafe-fn.html>

warning[E0133]: call to unsafe function `std::option::Option::<T>::unwrap_unchecked` is unsafe and requires unsafe block
    --> src/player/mod.rs:5918:9
     |
5918 | /         NESTED_PLAYERS
5919 | |             .get_unchecked_mut(ACTIVE_PLAYER_ID - 1)
5920 | |             .as_mut()
5921 | |             .unwrap_unchecked() as *mut DirPlayer
     | |_______________________________^ call to unsafe function
     |
     = note: consult the function's documentation for information on how to avoid undefined behavior
     = note: for more information, see <https://doc.rust-lang.org/edition-guide/rust-2024/unsafe-op-in-unsafe-fn.html>

warning[E0133]: call to unsafe function `core::slice::<impl [T]>::get_unchecked_mut` is unsafe and requires unsafe block
    --> src/player/mod.rs:5918:9
     |
5918 | /         NESTED_PLAYERS
5919 | |             .get_unchecked_mut(ACTIVE_PLAYER_ID - 1)
     | |____________________________________________________^ call to unsafe function
     |
     = note: consult the function's documentation for information on how to avoid undefined behavior
     = note: for more information, see <https://doc.rust-lang.org/edition-guide/rust-2024/unsafe-op-in-unsafe-fn.html>

warning[E0133]: use of mutable static is unsafe and requires unsafe block
    --> src/player/mod.rs:5918:9
     |
5918 |         NESTED_PLAYERS
     |         ^^^^^^^^^^^^^^ use of mutable static
     |
     = note: mutable statics can be mutated by multiple threads: aliasing violations or data races will cause undefined behavior
     = note: for more information, see <https://doc.rust-lang.org/edition-guide/rust-2024/unsafe-op-in-unsafe-fn.html>

warning[E0133]: use of mutable static is unsafe and requires unsafe block
    --> src/player/mod.rs:5919:32
     |
5919 |             .get_unchecked_mut(ACTIVE_PLAYER_ID - 1)
     |                                ^^^^^^^^^^^^^^^^ use of mutable static
     |
     = note: mutable statics can be mutated by multiple threads: aliasing violations or data races will cause undefined behavior
     = note: for more information, see <https://doc.rust-lang.org/edition-guide/rust-2024/unsafe-op-in-unsafe-fn.html>

warning[E0133]: dereference of raw pointer is unsafe and requires unsafe block
    --> src/player/mod.rs:6032:6
     |
6032 |     &*active_player_ptr()
     |      ^^^^^^^^^^^^^^^^^^^^ dereference of raw pointer
     |
     = note: raw pointers may be null, dangling or unaligned; they can violate aliasing rules and cause data races: all of these are undefined behavior
note: an unsafe function restricts its caller, but its body is safe by default
    --> src/player/mod.rs:6031:1
     |
6031 | pub unsafe fn player_ref() -> &'static DirPlayer {
     | ^^^^^^^^^^^^^^^^^^^^^^^^^^^^^^^^^^^^^^^^^^^^^^^^
     = note: for more information, see <https://doc.rust-lang.org/edition-guide/rust-2024/unsafe-op-in-unsafe-fn.html>

warning[E0133]: call to unsafe function `player::active_player_ptr` is unsafe and requires unsafe block
    --> src/player/mod.rs:6032:7
     |
6032 |     &*active_player_ptr()
     |       ^^^^^^^^^^^^^^^^^^^ call to unsafe function
     |
     = note: consult the function's documentation for information on how to avoid undefined behavior
     = note: for more information, see <https://doc.rust-lang.org/edition-guide/rust-2024/unsafe-op-in-unsafe-fn.html>

warning[E0133]: dereference of raw pointer is unsafe and requires unsafe block
    --> src/player/mod.rs:6039:10
     |
6039 |     &mut *active_player_ptr()
     |          ^^^^^^^^^^^^^^^^^^^^ dereference of raw pointer
     |
     = note: raw pointers may be null, dangling or unaligned; they can violate aliasing rules and cause data races: all of these are undefined behavior
note: an unsafe function restricts its caller, but its body is safe by default
    --> src/player/mod.rs:6038:1
     |
6038 | pub unsafe fn player_mut() -> &'static mut DirPlayer {
     | ^^^^^^^^^^^^^^^^^^^^^^^^^^^^^^^^^^^^^^^^^^^^^^^^^^^^
     = note: for more information, see <https://doc.rust-lang.org/edition-guide/rust-2024/unsafe-op-in-unsafe-fn.html>

warning[E0133]: call to unsafe function `player::active_player_ptr` is unsafe and requires unsafe block
    --> src/player/mod.rs:6039:11
     |
6039 |     &mut *active_player_ptr()
     |           ^^^^^^^^^^^^^^^^^^^ call to unsafe function
     |
     = note: consult the function's documentation for information on how to avoid undefined behavior
     = note: for more information, see <https://doc.rust-lang.org/edition-guide/rust-2024/unsafe-op-in-unsafe-fn.html>

warning: variable does not need to be mutable
    --> src/player/mod.rs:8093:17
     |
8093 |             let mut sound_manager = std::mem::replace(
     |                 ----^^^^^^^^^^^^^
     |                 |
     |                 help: remove this `mut`

warning: variable does not need to be mutable
     --> src/player/mod.rs:12172:34
      |
12172 |                 .with_player(1, |mut runtime| {
      |                                  ----^^^^^^^
      |                                  |
      |                                  help: remove this `mut`

warning: variable does not need to be mutable
     --> src/player/mod.rs:12187:41
      |
12187 |                 session.with_player(1, |mut runtime| {
      |                                         ----^^^^^^^
      |                                         |
      |                                         help: remove this `mut`

warning: variable does not need to be mutable
     --> src/player/mod.rs:12200:41
      |
12200 |                 session.with_player(1, |mut runtime| {
      |                                         ----^^^^^^^
      |                                         |
      |                                         help: remove this `mut`

warning: variable does not need to be mutable
     --> src/player/mod.rs:12218:41
      |
12218 |                 session.with_player(1, |mut runtime| {
      |                                         ----^^^^^^^
      |                                         |
      |                                         help: remove this `mut`

warning: variable does not need to be mutable
     --> src/player/mod.rs:12227:41
      |
12227 |                 session.with_player(1, |mut runtime| {
      |                                         ----^^^^^^^
      |                                         |
      |                                         help: remove this `mut`

warning: variable does not need to be mutable
     --> src/player/mod.rs:12241:41
      |
12241 |                 session.with_player(1, |mut runtime| {
      |                                         ----^^^^^^^
      |                                         |
      |                                         help: remove this `mut`

warning: variable does not need to be mutable
     --> src/player/mod.rs:12248:41
      |
12248 |                 session.with_player(1, |mut runtime| {
      |                                         ----^^^^^^^
      |                                         |
      |                                         help: remove this `mut`

warning: variable does not need to be mutable
     --> src/player/mod.rs:11786:30
      |
11786 |             .with_player(1, |mut runtime| {
      |                              ----^^^^^^^
      |                              |
      |                              help: remove this `mut`

warning: variable does not need to be mutable
     --> src/player/mod.rs:11872:30
      |
11872 |             .with_player(1, |mut runtime| {
      |                              ----^^^^^^^
      |                              |
      |                              help: remove this `mut`

warning: variable does not need to be mutable
    --> src/rendering.rs:1277:22
     |
1277 |                 let (mut ink, sprite_color, sprite_bg_color) = {
     |                      ----^^^
     |                      |
     |                      help: remove this `mut`

warning: unused variable: `bg_color`
    --> src/rendering.rs:2047:21
     |
2047 |                 let bg_color = match sprite.member.as_ref() {
     |                     ^^^^^^^^ help: if this is intentional, prefix it with an underscore: `_bg_color`

warning: value assigned to `src_rect` is never read
    --> src/rendering.rs:2071:36
     |
2071 |                 let mut src_rect = IntRect::from(0, 0, 0, 0);
     |                                    ^^^^^^^^^^^^^^^^^^^^^^^^^ this value is reassigned later and never used
...
2095 |                     src_rect = IntRect::from(0, 0, sprite.width as i32, sprite.height as i32);
     |                     ------------------------------------------------------------------------- `src_rect` is overwritten here before the previous value is read

warning: unused variable: `df`
   --> src/rendering_gpu/webgl2/mod.rs:837:13
    |
837 |         let df = SPRITE_DEBUG_FRAME.fetch_add(1, std::sync::atomic::Ordering::Relaxed);
    |             ^^ help: if this is intentional, prefix it with an underscore: `_df`

warning: unused variable: `bg_color`
    --> src/rendering_gpu/webgl2/mod.rs:1663:17
     |
1663 |             let bg_color = if crate::player::gif::is_gif_member(player, member_ref.cast_lib, member_ref.cast_member) {
     |                 ^^^^^^^^ help: if this is intentional, prefix it with an underscore: `_bg_color`

warning: unused variable: `should_use_colorkey_ink40`
    --> src/rendering_gpu/webgl2/mod.rs:4983:13
     |
4983 |         let should_use_colorkey_ink40 = ink == 40 && (is_16bit || (is_32bit && !bitmap.use_alpha));
     |             ^^^^^^^^^^^^^^^^^^^^^^^^^ help: if this is intentional, prefix it with an underscore: `_should_use_colorkey_ink40`

warning: variable does not need to be mutable
    --> src/rendering_gpu/webgl2/mod.rs:6227:13
     |
6227 |         let mut render_width = width as u16;
     |             ----^^^^^^^^^^^^
     |             |
     |             help: remove this `mut`

warning: variable does not need to be mutable
    --> src/rendering_gpu/webgl2/mod.rs:6569:21
     |
6569 |                 let mut render_line = |line: &str, y_pos: i32, bitmap: &mut Bitmap| {
     |                     ----^^^^^^^^^^^
     |                     |
     |                     help: remove this `mut`

warning: variable does not need to be mutable
    --> src/rendering_gpu/webgl2/mod.rs:7211:29
     |
7211 |                         let mut run_params = CopyPixelsParams {
     |                             ----^^^^^^^^^^
     |                             |
     |                             help: remove this `mut`

warning: unused variable: `fg_color_rgb`
    --> src/rendering_gpu/webgl2/mod.rs:6562:17
     |
6562 |             let fg_color_rgb = resolve_color_ref(
     |                 ^^^^^^^^^^^^ help: if this is intentional, prefix it with an underscore: `_fg_color_rgb`

warning: unused variable: `native_char_height`
    --> src/rendering_gpu/webgl2/mod.rs:6885:21
     |
6885 |                 let native_char_height = font.char_height.max(1) as i32;
     |                     ^^^^^^^^^^^^^^^^^^ help: if this is intentional, prefix it with an underscore: `_native_char_height`

warning: value assigned to `synthetic_spans` is never read
    --> src/rendering_gpu/webgl2/mod.rs:6373:60
     |
6373 |         let mut synthetic_spans: Option<Vec<StyledSpan>> = None;
     |                                                            ^^^^ this value is reassigned later and never used
...
6397 |                 synthetic_spans = Some(vec![StyledSpan {
     |                 --------------- `synthetic_spans` is overwritten here before the previous value is read

warning: unused variable: `channel_num`
  --> src/rendering_gpu/mod.rs:90:9
   |
90 |         channel_num: i16,
   |         ^^^^^^^^^^^ help: if this is intentional, prefix it with an underscore: `_channel_num`

warning: unused variable: `x_min`
   --> src/director/chunks/pfr1/physical.rs:377:9
    |
377 |     let x_min = record.x_min as i32;
    |         ^^^^^ help: if this is intentional, prefix it with an underscore: `_x_min`

warning: variable does not need to be mutable
    --> src/director/chunks/pfr1/glyph.rs:1067:67
     |
1067 |     fn read_ce9d_flag_nibble_cached(&mut self, mut aligned: bool, mut cache: i32, mut count: i32) -> (i32, bool, i32, i32) {
     |                                                                   ----^^^^^
     |                                                                   |
     |                                                                   help: remove this `mut`

warning: variable does not need to be mutable
    --> src/director/chunks/pfr1/glyph.rs:1067:83
     |
1067 |     fn read_ce9d_flag_nibble_cached(&mut self, mut aligned: bool, mut cache: i32, mut count: i32) -> (i32, bool, i32, i32) {
     |                                                                                   ----^^^^^
     |                                                                                   |
     |                                                                                   help: remove this `mut`

warning: value assigned to `v5` is never read
    --> src/director/chunks/pfr1/glyph.rs:1573:27
     |
1573 |         let mut v5: u32 = 0;
     |                           ^ this value is reassigned later and never used
...
1577 |             7 => { v5 = 2210; path = 49; }
     |                    --------- `v5` is overwritten here before the previous value is read

warning: value assigned to `path` is never read
    --> src/director/chunks/pfr1/glyph.rs:1574:29
     |
1574 |         let mut path: u32 = 0; // 49, 54, or 70
     |                             ^ this value is reassigned later and never used
...
1577 |             7 => { v5 = 2210; path = 49; }
     |                               --------- `path` is overwritten here before the previous value is read

warning: variable does not need to be mutable
    --> src/director/chunks/pfr1/glyph.rs:2368:14
     |
2368 |         let (mut fx0, mut fy0) = self.apply_transform_flags_with_raw(x0, y0, tx0, ty0);
     |              ----^^^
     |              |
     |              help: remove this `mut`

warning: variable does not need to be mutable
    --> src/director/chunks/pfr1/glyph.rs:2368:23
     |
2368 |         let (mut fx0, mut fy0) = self.apply_transform_flags_with_raw(x0, y0, tx0, ty0);
     |                       ----^^^
     |                       |
     |                       help: remove this `mut`

warning: variable does not need to be mutable
    --> src/director/chunks/pfr1/glyph.rs:2369:14
     |
2369 |         let (mut fx1, mut fy1) = self.apply_transform_flags_with_raw(x1, y1, tx1, ty1);
     |              ----^^^
     |              |
     |              help: remove this `mut`

warning: variable does not need to be mutable
    --> src/director/chunks/pfr1/glyph.rs:2369:23
     |
2369 |         let (mut fx1, mut fy1) = self.apply_transform_flags_with_raw(x1, y1, tx1, ty1);
     |                       ----^^^
     |                       |
     |                       help: remove this `mut`

warning: variable does not need to be mutable
    --> src/director/chunks/pfr1/glyph.rs:2370:14
     |
2370 |         let (mut fx2, mut fy2) = self.apply_transform_flags_with_raw(x2, y2, tx2, ty2);
     |              ----^^^
     |              |
     |              help: remove this `mut`

warning: variable does not need to be mutable
    --> src/director/chunks/pfr1/glyph.rs:2370:23
     |
2370 |         let (mut fx2, mut fy2) = self.apply_transform_flags_with_raw(x2, y2, tx2, ty2);
     |                       ----^^^
     |                       |
     |                       help: remove this `mut`

warning: variable does not need to be mutable
    --> src/director/chunks/pfr1/glyph.rs:2371:14
     |
2371 |         let (mut fx3, mut fy3) = self.apply_transform_flags_with_raw(x3, y3, tx3, ty3);
     |              ----^^^
     |              |
     |              help: remove this `mut`

warning: variable does not need to be mutable
    --> src/director/chunks/pfr1/glyph.rs:2371:23
     |
2371 |         let (mut fx3, mut fy3) = self.apply_transform_flags_with_raw(x3, y3, tx3, ty3);
     |                       ----^^^
     |                       |
     |                       help: remove this `mut`

warning: variable does not need to be mutable
    --> src/director/chunks/pfr1/glyph.rs:2949:13
     |
2949 |         let mut finish_contour = |contours: &mut Vec<PfrContour>, current: &mut PfrContour| {
     |             ----^^^^^^^^^^^^^^
     |             |
     |             help: remove this `mut`

warning: variable does not need to be mutable
    --> src/director/chunks/pfr1/glyph.rs:2956:13
     |
2956 |         let mut read_coord_pair = |data: &[u8], pos: &mut usize| -> (f32, f32) {
     |             ----^^^^^^^^^^^^^^^
     |             |
     |             help: remove this `mut`

warning: value assigned to `best_score` is never read
    --> src/director/chunks/pfr1/glyph.rs:3355:13
     |
3355 |             best_score = direct_score;
     |             ^^^^^^^^^^^^^^^^^^^^^^^^^
     |
     = help: maybe it is overwritten before being read?

warning: value assigned to `header_score` is never read
    --> src/director/chunks/pfr1/glyph.rs:3310:33
     |
3310 |     let mut header_score: i32 = 0;
     |                                 ^ this value is reassigned later and never used
...
3338 |         header_score = score_glyph(&glyph, true);
     |         ---------------------------------------- `header_score` is overwritten here before the previous value is read

warning: value assigned to `direct_score` is never read
    --> src/director/chunks/pfr1/glyph.rs:3311:33
     |
3311 |     let mut direct_score: i32 = 0;
     |                                 ^ this value is reassigned later and never used
...
3352 |         direct_score = score_glyph(&glyph, false);
     |         ----------------------------------------- `direct_score` is overwritten here before the previous value is read

warning: value assigned to `header_contours` is never read
    --> src/director/chunks/pfr1/glyph.rs:3312:31
     |
3312 |     let mut header_contours = 0usize;
     |                               ^^^^^^ this value is reassigned later and never used
...
3337 |         header_contours = glyph.contours.len();
     |         -------------------------------------- `header_contours` is overwritten here before the previous value is read

warning: value assigned to `direct_contours` is never read
    --> src/director/chunks/pfr1/glyph.rs:3313:31
     |
3313 |     let mut direct_contours = 0usize;
     |                               ^^^^^^ this value is reassigned later and never used
...
3351 |         direct_contours = glyph.contours.len();
     |         -------------------------------------- `direct_contours` is overwritten here before the previous value is read

warning: unused variable: `block`
   --> src/director/chunks/pfr1/rasterizer.rs:295:9
    |
295 |     let block = oversample * oversample;
    |         ^^^^^ help: if this is intentional, prefix it with an underscore: `_block`

warning: unused variable: `ch`
   --> src/director/chunks/pfr1/mod.rs:305:25
    |
305 |                     let ch = char_code as u8 as char;
    |                         ^^ help: if this is intentional, prefix it with an underscore: `_ch`

warning: variable does not need to be mutable
   --> src/director/chunks/score.rs:157:13
    |
157 |         let mut reserved_28: u16 = 0;
    |             ----^^^^^^^^^^^
    |             |
    |             help: remove this `mut`

warning: variable does not need to be mutable
   --> src/director/chunks/score.rs:158:13
    |
158 |         let mut reserved_32: u16 = 0;
    |             ----^^^^^^^^^^^
    |             |
    |             help: remove this `mut`

warning: unused variable: `start_pos`
  --> src/director/chunks/score.rs:97:13
   |
97 |         let start_pos = reader.pos;
   |             ^^^^^^^^^ help: if this is intentional, prefix it with an underscore: `_start_pos`

warning: unused variable: `safe_name`
   --> src/director/chunks/w3d/types.rs:535:17
    |
535 |             let safe_name = symbols
    |                 ^^^^^^^^^ help: if this is intentional, prefix it with an underscore: `_safe_name`

warning: unused variable: `res_info`
   --> src/director/chunks/w3d/types.rs:621:17
    |
621 |             let res_info = self.model_resources.get(resource_name);
    |                 ^^^^^^^^ help: if this is intentional, prefix it with an underscore: `_res_info`

warning: unused variable: `mtl_name`
   --> src/director/chunks/w3d/types.rs:746:30
    |
746 |     pub fn export_mtl(&self, mtl_name: &str, symbols: &SymbolTable) -> Result<String, String> {
    |                              ^^^^^^^^ help: if this is intentional, prefix it with an underscore: `_mtl_name`

warning: unused variable: `side_start`
   --> src/director/chunks/w3d/primitives.rs:158:9
    |
158 |     let side_start = positions.len() as u32;
    |         ^^^^^^^^^^ help: if this is intentional, prefix it with an underscore: `_side_start`

warning: variable does not need to be mutable
   --> src/director/chunks/xmedia_styled_text.rs:342:13
    |
342 |         let mut key = match u16::from_str_radix(key_str, 16) {
    |             ----^^^
    |             |
    |             help: remove this `mut`

warning: unused variable: `doc_version`
    --> src/director/chunks/xmedia_styled_text.rs:1597:33
     |
1597 | fn parse_section_8(data: &[u8], doc_version: i32) -> Result<ParagraphInfo, String> {
     |                                 ^^^^^^^^^^^ help: if this is intentional, prefix it with an underscore: `_doc_version`

warning: unused variable: `font_style`
    --> src/director/chunks/xmedia_styled_text.rs:1889:17
     |
1889 |             Ok((font_style, anti_alias_val, kerning_val)) => {
     |                 ^^^^^^^^^^ help: if this is intentional, prefix it with an underscore: `_font_style`

warning: unused variable: `start_offset`
    --> src/director/chunks/xmedia_styled_text.rs:1937:9
     |
1937 |     let start_offset = *offset;
     |         ^^^^^^^^^^^^ help: if this is intentional, prefix it with an underscore: `_start_offset`

warning: unused variable: `word84`
    --> src/director/chunks/xmedia_styled_text.rs:1949:9
     |
1949 |     let word84 = if packer.remaining() >= 2 { packer.unpack_num() as u16 } else { 0 };
     |         ^^^^^^ help: if this is intentional, prefix it with an underscore: `_word84`

warning: unused variable: `entry_idx`
    --> src/director/chunks/xmedia_styled_text.rs:1991:52
     |
1991 | fn read_font_name(data: &[u8], offset: &mut usize, entry_idx: usize, name_idx: usize) -> Result<Option<String>, String> {
     |                                                    ^^^^^^^^^ help: if this is intentional, prefix it with an underscore: `_entry_idx`

warning: unused variable: `name_idx`
    --> src/director/chunks/xmedia_styled_text.rs:1991:70
     |
1991 | fn read_font_name(data: &[u8], offset: &mut usize, entry_idx: usize, name_idx: usize) -> Result<Option<String>, String> {
     |                                                                      ^^^^^^^^ help: if this is intentional, prefix it with an underscore: `_name_idx`

warning: value assigned to `width` is never read
   --> src/director/enums.rs:295:25
    |
295 |         let mut width = 0u16;
    |                         ^^^^ this value is reassigned later and never used
...
318 |         width = (right - left) as u16;
    |         ----------------------------- `width` is overwritten here before the previous value is read

warning: value assigned to `height` is never read
   --> src/director/enums.rs:296:26
    |
296 |         let mut height = 0u16;
    |                          ^^^^ this value is reassigned later and never used
...
317 |         height = (bottom - top) as u16;
    |         ------------------------------ `height` is overwritten here before the previous value is read

warning: unused variable: `f`
   --> src/director/enums.rs:529:19
    |
529 |         if let Ok(f) = reader.read_u24() {
    |                   ^ help: if this is intentional, prefix it with an underscore: `_f`

warning: variable does not need to be mutable
   --> src/director/enums.rs:937:13
    |
937 |         let mut reg_y       = i32::from_be_bytes([bytes[o+0x3B], bytes[o+0x3C], bytes[o+0x3D], bytes[o+0x3E]]);
    |             ----^^^^^
    |             |
    |             help: remove this `mut`

warning: variable does not need to be mutable
   --> src/director/enums.rs:938:13
    |
938 |         let mut reg_x       = i32::from_be_bytes([bytes[o+0x3F], bytes[o+0x40], bytes[o+0x41], bytes[o+0x42]]);
    |             ----^^^^^
    |             |
    |             help: remove this `mut`

warning: unused variable: `data_length`
    --> src/director/enums.rs:1441:13
     |
1441 |         let data_length = reader.read_u32().ok()?;
     |             ^^^^^^^^^^^ help: if this is intentional, prefix it with an underscore: `_data_length`

warning: unused variable: `length`
    --> src/director/enums.rs:1931:13
     |
1931 |         let length = reader.read_u32().ok()?;
     |             ^^^^^^ help: if this is intentional, prefix it with an underscore: `_length`

warning: unused variable: `val1`
    --> src/director/enums.rs:1963:13
     |
1963 |         let val1 = reader.read_u32().ok()?;
     |             ^^^^ help: if this is intentional, prefix it with an underscore: `_val1`

warning: unused variable: `val2`
    --> src/director/enums.rs:1964:13
     |
1964 |         let val2 = reader.read_u32().ok()?;
     |             ^^^^ help: if this is intentional, prefix it with an underscore: `_val2`

warning: unused variable: `expected_char_count`
    --> src/director/enums.rs:1994:9
     |
1994 |         expected_char_count: u32,
     |         ^^^^^^^^^^^^^^^^^^^ help: if this is intentional, prefix it with an underscore: `_expected_char_count`

warning: unused variable: `text_start_pos`
    --> src/director/enums.rs:2051:13
     |
2051 |         let text_start_pos = reader.pos;
     |             ^^^^^^^^^^^^^^ help: if this is intentional, prefix it with an underscore: `_text_start_pos`

warning: unreachable pattern
   --> src/director/static_datum.rs:189:9
    |
189 |         _ => {
    |         ^ no value can reach this
    |
note: multiple earlier patterns match some of the same values
   --> src/director/static_datum.rs:189:9
    |
143 |         StaticDatum::String(s) => allocator.alloc_datum(Datum::String(s.clone()), bitmap_manager).unwrap(),
    |         ---------------------- matches some of the same values
144 |         StaticDatum::Int(i) => allocator.alloc_datum(Datum::Int(*i), bitmap_manager).unwrap(),
    |         ------------------- matches some of the same values
145 |         StaticDatum::Float(f) => allocator.alloc_datum(Datum::Float(*f), bitmap_manager).unwrap(),
    |         --------------------- matches some of the same values
146 |         StaticDatum::Symbol(s) => allocator
    |         ---------------------- matches some of the same values
...
189 |         _ => {
    |         ^ ...and 6 other patterns collectively make this unreachable

warning: variable does not need to be mutable
   --> src/lib.rs:712:9
    |
712 |         mut callback: impl FnOnce(&mut ExecutionContext<'_>) -> Result<R, JsValue>,
    |         ----^^^^^^^^
    |         |
    |         help: remove this `mut`

warning: type `FlashBindingState` is more private than the item `DirPlayer::flash_binding_state`
   --> src/player/mod.rs:628:5
    |
628 |     pub flash_binding_state: Rc<RefCell<FlashBindingState>>,
    |     ^^^^^^^^^^^^^^^^^^^^^^^^^^^^^^^^^^^^^^^^^^^^^^^^^^^^^^^ field `DirPlayer::flash_binding_state` is reachable at visibility `pub`
    |
note: but type `FlashBindingState` is only usable at visibility `pub(crate)`
   --> src/player/mod.rs:80:1
    |
 80 | pub(crate) struct FlashBindingState {
    | ^^^^^^^^^^^^^^^^^^^^^^^^^^^^^^^^^^^
    = note: `#[warn(private_interfaces)]` on by default

warning: type `GlobalHandlerTurn` is more private than the item `player_call_global_handler`
    --> src/player/mod.rs:5594:1
     |
5594 | / pub async fn player_call_global_handler(
5595 | |     handler_name: Symbol,
5596 | |     args: &Vec<DatumRef>,
5597 | | ) -> GlobalHandlerTurn {
     | |______________________^ function `player_call_global_handler` is reachable at visibility `pub`
     |
note: but type `GlobalHandlerTurn` is only usable at visibility `pub(crate)`
    --> src/player/mod.rs:5416:1
     |
5416 | pub(crate) enum GlobalHandlerTurn {
     | ^^^^^^^^^^^^^^^^^^^^^^^^^^^^^^^^^

warning: type `ScriptHandlerTurn` is more private than the item `player_call_script_handler`
    --> src/player/mod.rs:5747:1
     |
5747 | / pub async fn player_call_script_handler(
5748 | |     receiver: Option<ScriptInstanceRef>,
5749 | |     handler_ref: ScriptHandlerRef,
5750 | |     args: &Vec<DatumRef>,
5751 | | ) -> ScriptHandlerTurn {
     | |______________________^ function `player_call_script_handler` is reachable at visibility `pub`
     |
note: but type `ScriptHandlerTurn` is only usable at visibility `pub(crate)`
    --> src/player/mod.rs:5408:1
     |
5408 | pub(crate) enum ScriptHandlerTurn {
     | ^^^^^^^^^^^^^^^^^^^^^^^^^^^^^^^^^

warning: type `MultiuserSocketEvent` is more private than the item `PlayerVMCommand::MultiuserSocketEvent::event`
   --> src/player/commands.rs:166:9
    |
166 |         event: super::xtra::multiuser::MultiuserSocketEvent,
    |         ^^^^^^^^^^^^^^^^^^^^^^^^^^^^^^^^^^^^^^^^^^^^^^^^^^^ field `PlayerVMCommand::MultiuserSocketEvent::event` is reachable at visibility `pub`
    |
note: but type `MultiuserSocketEvent` is only usable at visibility `pub(crate)`
   --> src/player/xtra/multiuser/mod.rs:47:1
    |
 47 | pub(crate) enum MultiuserSocketEvent {
    | ^^^^^^^^^^^^^^^^^^^^^^^^^^^^^^^^^^^^

warning: type `DatumHandle` is more private than the item `DatumRef::Ref::0`
  --> src/player/datum_ref.rs:15:9
   |
15 |     Ref(DatumHandle),
   |         ^^^^^^^^^^^ field `DatumRef::Ref::0` is reachable at visibility `pub`
   |
note: but type `DatumHandle` is only usable at visibility `pub(crate)`
  --> src/player/datum_ref.rs:7:1
   |
 7 | pub(crate) struct DatumHandle {
   | ^^^^^^^^^^^^^^^^^^^^^^^^^^^^^

warning: type `ScriptInstanceCallPlan` is more private than the item `ScriptInstanceDatumHandlers::prepare_call`
   --> src/player/handlers/datum_handlers/script_instance.rs:713:5
    |
713 | /     pub fn prepare_call(
714 | |         player: &mut DirPlayer,
715 | |         symbols: &mut SymbolTable,
716 | |         datum: &DatumRef,
717 | |         handler_name: Symbol,
718 | |         args: &[DatumRef],
719 | |     ) -> Result<ScriptInstanceCallPlan, ScriptError> {
    | |____________________________________________________^ associated function `ScriptInstanceDatumHandlers::prepare_call` is reachable at visibility `pub`
    |
note: but type `ScriptInstanceCallPlan` is only usable at visibility `pub(crate)`
   --> src/player/handlers/datum_handlers/script_instance.rs:43:1
    |
 43 | pub(crate) enum ScriptInstanceCallPlan {
    | ^^^^^^^^^^^^^^^^^^^^^^^^^^^^^^^^^^^^^^

warning: type `TimeoutNewPlan` is more private than the item `TimeoutDatumHandlers::prepare_new`
   --> src/player/handlers/datum_handlers/timeout.rs:133:5
    |
133 | /     pub fn prepare_new(
134 | |         player: &mut DirPlayer,
135 | |         symbols: &mut SymbolTable,
136 | |         datum: &DatumRef,
137 | |         args: &[DatumRef],
138 | |     ) -> Result<TimeoutNewPlan, ScriptError> {
    | |____________________________________________^ associated function `TimeoutDatumHandlers::prepare_new` is reachable at visibility `pub`
    |
note: but type `TimeoutNewPlan` is only usable at visibility `pub(crate)`
   --> src/player/handlers/datum_handlers/timeout.rs:10:1
    |
 10 | pub(crate) enum TimeoutNewPlan {
    | ^^^^^^^^^^^^^^^^^^^^^^^^^^^^^^

warning: type `TimeoutForgetPlan` is more private than the item `TimeoutDatumHandlers::prepare_forget`
   --> src/player/handlers/datum_handlers/timeout.rs:272:5
    |
272 | /     pub fn prepare_forget(
273 | |         player: &mut DirPlayer,
274 | |         symbols: &mut SymbolTable,
275 | |         datum: &DatumRef,
276 | |     ) -> Result<TimeoutForgetPlan, ScriptError> {
    | |_______________________________________________^ associated function `TimeoutDatumHandlers::prepare_forget` is reachable at visibility `pub`
    |
note: but type `TimeoutForgetPlan` is only usable at visibility `pub(crate)`
   --> src/player/handlers/datum_handlers/timeout.rs:21:1
    |
 21 | pub(crate) enum TimeoutForgetPlan {
    | ^^^^^^^^^^^^^^^^^^^^^^^^^^^^^^^^^

warning: type `FlashRequest` is more private than the item `FlashSetPropertyRequest`
   --> src/player/handlers/datum_handlers/flash_object.rs:497:1
    |
497 | pub type FlashSetPropertyRequest = FlashRequest;
    | ^^^^^^^^^^^^^^^^^^^^^^^^^^^^^^^^ type alias `FlashSetPropertyRequest` is reachable at visibility `pub`
    |
note: but type `FlashRequest` is only usable at visibility `pub(crate)`
   --> src/player/handlers/datum_handlers/flash_object.rs:99:1
    |
 99 | pub(crate) struct FlashRequest {
    | ^^^^^^^^^^^^^^^^^^^^^^^^^^^^^^

warning: type `FlashRequest` is more private than the item `prepare_set_prop`
   --> src/player/handlers/datum_handlers/flash_object.rs:499:1
    |
499 | / pub fn prepare_set_prop(
500 | |     player: &DirPlayer,
501 | |     symbols: &SymbolTable,
502 | |     datum: &DatumRef,
503 | |     prop_name: Symbol,
504 | |     value: &Datum,
505 | | ) -> Result<FlashSetPropertyRequest, ScriptError> {
    | |_________________________________________________^ function `prepare_set_prop` is reachable at visibility `pub`
    |
note: but type `FlashRequest` is only usable at visibility `pub(crate)`
   --> src/player/handlers/datum_handlers/flash_object.rs:99:1
    |
 99 | pub(crate) struct FlashRequest {
    | ^^^^^^^^^^^^^^^^^^^^^^^^^^^^^^

warning: type `FlashRequest` is more private than the item `FlashObjectDatumHandlers::prepare_global_bind_get`
   --> src/player/handlers/datum_handlers/flash_object.rs:537:5
    |
537 | /     pub fn prepare_global_bind_get(
538 | |         player: &DirPlayer,
539 | |         symbols: &SymbolTable,
540 | |         args: &[DatumRef],
541 | |     ) -> Result<Option<FlashRequest>, ScriptError> {
    | |__________________________________________________^ associated function `FlashObjectDatumHandlers::prepare_global_bind_get` is reachable at visibility `pub`
    |
note: but type `FlashRequest` is only usable at visibility `pub(crate)`
   --> src/player/handlers/datum_handlers/flash_object.rs:99:1
    |
 99 | pub(crate) struct FlashRequest {
    | ^^^^^^^^^^^^^^^^^^^^^^^^^^^^^^

warning: type `FlashRequest` is more private than the item `FlashObjectDatumHandlers::prepare_bind_get`
   --> src/player/handlers/datum_handlers/flash_object.rs:599:5
    |
599 | /     pub fn prepare_bind_get(
600 | |         player: &DirPlayer,
601 | |         sprite_num: i16,
602 | |         path: String,
...   |
605 | |         cast_member: i32,
606 | |     ) -> Result<FlashRequest, ScriptError> {
    | |__________________________________________^ associated function `FlashObjectDatumHandlers::prepare_bind_get` is reachable at visibility `pub`
    |
note: but type `FlashRequest` is only usable at visibility `pub(crate)`
   --> src/player/handlers/datum_handlers/flash_object.rs:99:1
    |
 99 | pub(crate) struct FlashRequest {
    | ^^^^^^^^^^^^^^^^^^^^^^^^^^^^^^

warning: type `FlashRequest` is more private than the item `FlashObjectDatumHandlers::prepare_get_prop`
   --> src/player/handlers/datum_handlers/flash_object.rs:633:5
    |
633 | /     pub fn prepare_get_prop(
634 | |         player: &DirPlayer,
635 | |         datum: &DatumRef,
636 | |         prop_name: &str,
637 | |     ) -> Result<FlashRequest, ScriptError> {
    | |__________________________________________^ associated function `FlashObjectDatumHandlers::prepare_get_prop` is reachable at visibility `pub`
    |
note: but type `FlashRequest` is only usable at visibility `pub(crate)`
   --> src/player/handlers/datum_handlers/flash_object.rs:99:1
    |
 99 | pub(crate) struct FlashRequest {
    | ^^^^^^^^^^^^^^^^^^^^^^^^^^^^^^

warning: type `FlashRequest` is more private than the item `FlashObjectDatumHandlers::prepare_call`
   --> src/player/handlers/datum_handlers/flash_object.rs:656:5
    |
656 | /     pub fn prepare_call(
657 | |         player: &DirPlayer,
658 | |         symbols: &SymbolTable,
659 | |         datum: &DatumRef,
660 | |         handler_name: Symbol,
661 | |         args: &[DatumRef],
662 | |     ) -> Result<FlashRequest, ScriptError> {
    | |__________________________________________^ associated function `FlashObjectDatumHandlers::prepare_call` is reachable at visibility `pub`
    |
note: but type `FlashRequest` is only usable at visibility `pub(crate)`
   --> src/player/handlers/datum_handlers/flash_object.rs:99:1
    |
 99 | pub(crate) struct FlashRequest {
    | ^^^^^^^^^^^^^^^^^^^^^^^^^^^^^^

warning: type `TypeNewPlan` is more private than the item `TypeHandlers::prepare_new`
    --> src/player/handlers/types.rs:1192:5
     |
1192 | /     pub fn prepare_new(
1193 | |         runtime: &mut ExecutionContext<'_>,
1194 | |         args: &[DatumRef],
1195 | |     ) -> Result<TypeNewPlan, ScriptError> {
     | |_________________________________________^ associated function `TypeHandlers::prepare_new` is reachable at visibility `pub`
     |
note: but type `TypeNewPlan` is only usable at visibility `pub(crate)`
    --> src/player/handlers/types.rs:39:1
     |
  39 | pub(crate) enum TypeNewPlan {
     | ^^^^^^^^^^^^^^^^^^^^^^^^^^^

warning: type `AncestorCallPlan` is more private than the item `TypeHandlers::prepare_call_ancestor`
    --> src/player/handlers/types.rs:2392:5
     |
2392 | /     pub fn prepare_call_ancestor(
2393 | |         runtime: &mut ExecutionContext<'_>,
2394 | |         args: &[DatumRef],
2395 | |     ) -> Result<AncestorCallPlan, ScriptError> {
     | |______________________________________________^ associated function `TypeHandlers::prepare_call_ancestor` is reachable at visibility `pub`
     |
note: but type `AncestorCallPlan` is only usable at visibility `pub(crate)`
    --> src/player/handlers/types.rs:61:1
     |
  61 | pub(crate) enum AncestorCallPlan {
     | ^^^^^^^^^^^^^^^^^^^^^^^^^^^^^^^^

warning: type `FlashRequest` is more private than the item `SetObjPropOutcome::FlashSet::0`
   --> src/player/script.rs:616:14
    |
616 |     FlashSet(crate::player::handlers::datum_handlers::flash_object::FlashSetPropertyRequest),
    |              ^^^^^^^^^^^^^^^^^^^^^^^^^^^^^^^^^^^^^^^^^^^^^^^^^^^^^^^^^^^^^^^^^^^^^^^^^^^^^^ field `SetObjPropOutcome::FlashSet::0` is reachable at visibility `pub`
    |
note: but type `FlashRequest` is only usable at visibility `pub(crate)`
   --> src/player/handlers/datum_handlers/flash_object.rs:99:1
    |
 99 | pub(crate) struct FlashRequest {
    | ^^^^^^^^^^^^^^^^^^^^^^^^^^^^^^

warning: type `ChildDelivery` is more private than the item `ChildReturnPolicy::Ancestor::delivery`
   --> src/player/driver.rs:699:9
    |
699 |         delivery: Option<ChildDelivery>,
    |         ^^^^^^^^^^^^^^^^^^^^^^^^^^^^^^^ field `ChildReturnPolicy::Ancestor::delivery` is reachable at visibility `pub(crate)`
    |
note: but type `ChildDelivery` is only usable at visibility `pub(self)`
   --> src/player/driver.rs:686:1
    |
686 | enum ChildDelivery {
    | ^^^^^^^^^^^^^^^^^^

warning: type `ChildDelivery` is more private than the item `ChildReturnPolicy::Broadcast::delivery`
   --> src/player/driver.rs:707:9
    |
707 |         delivery: Option<ChildDelivery>,
    |         ^^^^^^^^^^^^^^^^^^^^^^^^^^^^^^^ field `ChildReturnPolicy::Broadcast::delivery` is reachable at visibility `pub(crate)`
    |
note: but type `ChildDelivery` is only usable at visibility `pub(self)`
   --> src/player/driver.rs:686:1
    |
686 | enum ChildDelivery {
    | ^^^^^^^^^^^^^^^^^^

warning: type `ChildDelivery` is more private than the item `ChildReturnPolicy::Completion::delivery`
   --> src/player/driver.rs:714:9
    |
714 |         delivery: Option<ChildDelivery>,
    |         ^^^^^^^^^^^^^^^^^^^^^^^^^^^^^^^ field `ChildReturnPolicy::Completion::delivery` is reachable at visibility `pub(crate)`
    |
note: but type `ChildDelivery` is only usable at visibility `pub(self)`
   --> src/player/driver.rs:686:1
    |
686 | enum ChildDelivery {
    | ^^^^^^^^^^^^^^^^^^

warning: type `BudApiState` is more private than the item `BudApiXtra::call_handler`
  --> src/player/xtra/budapi/mod.rs:86:5
   |
86 | /     pub fn call_handler(
87 | |         player: &mut DirPlayer,
88 | |         state: &mut BudApiState,
89 | |         name: &str,
90 | |         args: &Vec<DatumRef>,
91 | |         symbols: &SymbolTable,
92 | |     ) -> Result<DatumRef, ScriptError> {
   | |______________________________________^ associated function `BudApiXtra::call_handler` is reachable at visibility `pub`
   |
note: but type `BudApiState` is only usable at visibility `pub(crate)`
  --> src/player/xtra/budapi/mod.rs:29:1
   |
29 | pub(crate) struct BudApiState {
   | ^^^^^^^^^^^^^^^^^^^^^^^^^^^^^

warning: type `CurlInstance` is more private than the item `CurlXtraManager::instances`
   --> src/player/xtra/curl/mod.rs:121:5
    |
121 |     pub instances: FxHashMap<u32, CurlInstance>,
    |     ^^^^^^^^^^^^^^^^^^^^^^^^^^^^^^^^^^^^^^^^^^^ field `CurlXtraManager::instances` is reachable at visibility `pub`
    |
note: but type `CurlInstance` is only usable at visibility `pub(crate)`
   --> src/player/xtra/curl/mod.rs:57:1
    |
 57 | pub(crate) struct CurlInstance {
    | ^^^^^^^^^^^^^^^^^^^^^^^^^^^^^^

warning: type `ExternalXtraState` is more private than the item `request_xtra_load`
   --> src/player/xtra/external.rs:551:1
    |
551 | / pub async fn request_xtra_load(
552 | |     state: &mut ExternalXtraState,
553 | |     owner: OwnerToken,
554 | |     owner_key: &str,
555 | |     name: &str,
556 | | ) -> Result<(), ScriptError> {
    | |____________________________^ function `request_xtra_load` is reachable at visibility `pub`
    |
note: but type `ExternalXtraState` is only usable at visibility `pub(crate)`
   --> src/player/xtra/external.rs:188:1
    |
188 | pub(crate) struct ExternalXtraState {
    | ^^^^^^^^^^^^^^^^^^^^^^^^^^^^^^^^^^^

warning: type `ExternalXtraState` is more private than the item `destroy_instance`
    --> src/player/xtra/external.rs:996:1
     |
 996 | / pub fn destroy_instance(
 997 | |     state: &ExternalXtraState,
 998 | |     xtra_name: &str,
 999 | |     instance_id: XtraInstanceId,
1000 | |     owner_key: &str,
1001 | | ) {
     | |_^ function `destroy_instance` is reachable at visibility `pub`
     |
note: but type `ExternalXtraState` is only usable at visibility `pub(crate)`
    --> src/player/xtra/external.rs:188:1
     |
 188 | pub(crate) struct ExternalXtraState {
     | ^^^^^^^^^^^^^^^^^^^^^^^^^^^^^^^^^^^

warning: methods `session`, `player_id`, and `owner` are never used
   --> src/lib.rs:902:19
    |
867 | impl BrowserPlayerHandle {
    | ------------------------ methods in this implementation
...
902 |     pub(crate) fn session(&self) -> &RuntimeSessionHandle {
    |                   ^^^^^^^
...
906 |     pub(crate) fn player_id(&self) -> PlayerId {
    |                   ^^^^^^^^^
...
910 |     pub(crate) fn owner(&self) -> &OwnerToken {
    |                   ^^^^^
    |
    = note: `#[warn(dead_code)]` (part of `#[warn(unused)]`) on by default

warning: method `take_command_receiver` is never used
    --> src/lib.rs:1177:19
     |
 957 | impl BrowserPlayerHandle {
     | ------------------------ method in this implementation
...
1177 |     pub(crate) fn take_command_receiver(&mut self) -> Option<Receiver<PlayerVMExecutionItem>> {
     |                   ^^^^^^^^^^^^^^^^^^^^^

warning: methods `reserve_flash_instance_generation`, `invalidate_flash_instance_generation`, and `advance_filmloop_frames` are never used
    --> src/player/mod.rs:940:19
     |
 939 | impl DirPlayer {
     | -------------- methods in this implementation
 940 |     pub(crate) fn reserve_flash_instance_generation(
     |                   ^^^^^^^^^^^^^^^^^^^^^^^^^^^^^^^^^
...
 947 |     pub(crate) fn invalidate_flash_instance_generation(
     |                   ^^^^^^^^^^^^^^^^^^^^^^^^^^^^^^^^^^^^
...
5039 |     fn advance_filmloop_frames(&mut self) {
     |        ^^^^^^^^^^^^^^^^^^^^^^^

warning: function `resume_eval_owned` is never used
    --> src/player/mod.rs:5370:15
     |
5370 | pub(crate) fn resume_eval_owned(
     |               ^^^^^^^^^^^^^^^^^

warning: variant `Waiting` is never constructed
    --> src/player/mod.rs:5410:5
     |
5408 | pub(crate) enum ScriptHandlerTurn {
     |                 ----------------- variant in this enum
5409 |     Complete(Result<ScopeResult, ScriptError>),
5410 |     Waiting,
     |     ^^^^^^^

warning: field `0` is never read
    --> src/player/mod.rs:5417:14
     |
5417 |     Complete(Result<DatumRef, ScriptError>),
     |     -------- ^^^^^^^^^^^^^^^^^^^^^^^^^^^^^
     |     |
     |     field in this variant
     |
help: consider changing the field to be of unit type to suppress this warning while preserving the field numbering, or remove the field
     |
5417 -     Complete(Result<DatumRef, ScriptError>),
5417 +     Complete(()),
     |

warning: fields `request` and `reason` are never read
    --> src/player/mod.rs:5420:9
     |
5419 |     PendingRequest {
     |     -------------- fields in this variant
5420 |         request: driver::InternalVmRequest,
     |         ^^^^^^^
5421 |         reason: String,
     |         ^^^^^^

warning: field `0` is never read
    --> src/player/mod.rs:5423:19
     |
5423 |     PendingAction(driver::PendingAction),
     |     ------------- ^^^^^^^^^^^^^^^^^^^^^
     |     |
     |     field in this variant
     |
help: consider changing the field to be of unit type to suppress this warning while preserving the field numbering, or remove the field
     |
5423 -     PendingAction(driver::PendingAction),
5423 +     PendingAction(()),
     |

warning: variant `Waiting` is never constructed
    --> src/player/mod.rs:5418:5
     |
5416 | pub(crate) enum GlobalHandlerTurn {
     |                 ----------------- variant in this enum
5417 |     Complete(Result<DatumRef, ScriptError>),
5418 |     Waiting,
     |     ^^^^^^^

warning: function `player_call_datum_handler_active_turn` is never used
    --> src/player/mod.rs:5642:21
     |
5642 | pub(crate) async fn player_call_datum_handler_active_turn(
     |                     ^^^^^^^^^^^^^^^^^^^^^^^^^^^^^^^^^^^^^

warning: function `player_call_datum_handler_turn_in_session` is never used
    --> src/player/mod.rs:5650:21
     |
5650 | pub(crate) async fn player_call_datum_handler_turn_in_session(
     |                     ^^^^^^^^^^^^^^^^^^^^^^^^^^^^^^^^^^^^^^^^^

warning: field `compiled` is never read
    --> src/player/mod.rs:6162:5
     |
6161 | pub(crate) struct IrState {
     |                   ------- field in this struct
6162 |     compiled: std::rc::Rc<crate::player::compiled::CompiledHandler>,
     |     ^^^^^^^^

warning: methods `generation` and `epoch` are never used
    --> src/player/mod.rs:6184:19
     |
6177 | impl ScopeToken {
     | --------------- methods in this implementation
...
6184 |     pub(crate) fn generation(&self) -> u64 {
     |                   ^^^^^^^^^^
...
6189 |     pub(crate) fn epoch(&self) -> u64 {
     |                   ^^^^^

warning: fields `ir`, `script_member_ref`, and `handler_name` are never read
    --> src/player/mod.rs:6265:16
     |
6264 | pub(crate) struct HandlerFrame {
     |                   ------------ fields in this struct
6265 |     pub(crate) ir: Option<IrState>,
     |                ^^
...
6268 |     pub(crate) script_member_ref: CastMemberRef,
     |                ^^^^^^^^^^^^^^^^^
6269 |     pub(crate) handler_name: Symbol,
     |                ^^^^^^^^^^^^

warning: enum `FrameTransfer` is never used
    --> src/player/mod.rs:6384:17
     |
6384 | pub(crate) enum FrameTransfer {
     |                 ^^^^^^^^^^^^^

warning: method `clear` is never used
   --> src/player/allocator.rs:174:19
    |
 29 | impl<T> Arena<T> {
    | ---------------- method in this implementation
...
174 |     pub(crate) fn clear(&mut self) {
    |                   ^^^^^

warning: method `scanline_fill_polygon` is never used
    --> src/player/bitmap/drawing.rs:1651:8
     |
 333 | impl Bitmap {
     | ----------- method in this implementation
...
1651 |     fn scanline_fill_polygon(
     |        ^^^^^^^^^^^^^^^^^^^^^

warning: constant `WHITE` is never used
    --> src/player/bitmap/drawing.rs:4376:11
     |
4376 |     const WHITE: (u8, u8, u8) = (255, 255, 255);
     |           ^^^^^

warning: constant `BLACK` is never used
    --> src/player/bitmap/drawing.rs:4377:11
     |
4377 |     const BLACK: (u8, u8, u8) = (0, 0, 0);
     |           ^^^^^

warning: method `push` is never used
  --> src/player/bytecode/handler_manager.rs:72:8
   |
55 | impl ExecutionHistory {
   | --------------------- method in this implementation
...
72 |     fn push(&mut self, entry: ExecutionHistoryEntry) {
   |        ^^^^

warning: function `record_execution` is never used
  --> src/player/bytecode/handler_manager.rs:96:4
   |
96 | fn record_execution(
   |    ^^^^^^^^^^^^^^^^

warning: methods `get_builtin_name` and `get_movie_prop_name` are never used
   --> src/player/bytecode/expression_tracker.rs:780:8
    |
 15 | impl StackExpressionTracker {
    | --------------------------- methods in this implementation
...
780 |     fn get_builtin_name(&self, id: u16) -> String {
    |        ^^^^^^^^^^^^^^^^
...
914 |     fn get_movie_prop_name(&self, id: u16) -> String {
    |        ^^^^^^^^^^^^^^^^^^^

warning: field `file_name` is never read
  --> src/player/cast_lib.rs:58:5
   |
55 | pub struct CastLoadRequest {
   |            --------------- field in this struct
...
58 |     file_name: String,
   |     ^^^^^^^^^
   |
   = note: `CastLoadRequest` has derived impls for the traits `Debug` and `Clone`, but these are intentionally ignored during dead code analysis

warning: methods `clear` and `set_name` are never used
   --> src/player/cast_lib.rs:633:8
    |
222 | impl CastLib {
    | ------------ methods in this implementation
...
633 |     fn clear(&mut self) {
    |        ^^^^^
...
671 |     fn set_name(&mut self, name: String) {
    |        ^^^^^^^^

warning: associated function `directional_preset_to_transform` is never used
   --> src/player/cast_member.rs:679:19
    |
457 | impl TextMember {
    | --------------- associated function in this implementation
...
679 |     pub(crate) fn directional_preset_to_transform(preset: u32) -> [f32; 16] {
    |                   ^^^^^^^^^^^^^^^^^^^^^^^^^^^^^^^

warning: multiple associated functions are never used
    --> src/player/cast_member.rs:3424:8
     |
3386 | impl CastMember {
     | --------------- associated functions in this implementation
...
3424 |     fn find_sound_chunk_in_def(def: &CastMemberDef) -> Option<SoundChunk> {
     |        ^^^^^^^^^^^^^^^^^^^^^^^
...
3458 |     fn child_has_sound_in_def(def: &CastMemberDef) -> bool {
     |        ^^^^^^^^^^^^^^^^^^^^^^
...
3473 |     fn find_sound_chunk_in_chunk(chunk: &Chunk) -> Option<SoundChunk> {
     |        ^^^^^^^^^^^^^^^^^^^^^^^^^
...
3490 |     fn chunk_has_sound(chunk_opt: &Option<Chunk>) -> bool {
     |        ^^^^^^^^^^^^^^^
...
3502 |     fn find_sound_chunk(chunk_opt: &Option<Chunk>) -> Option<SoundChunk> {
     |        ^^^^^^^^^^^^^^^^
...
3759 |     fn extract_text_from_xmedia(data: &[u8]) -> Option<String> {
     |        ^^^^^^^^^^^^^^^^^^^^^^^^
...
4335 |     fn is_swa_ole(raw: &[u8]) -> bool {
     |        ^^^^^^^^^^

warning: function `submit_pending_command_completion` is never used
    --> src/player/commands.rs:2422:15
     |
2422 | pub(crate) fn submit_pending_command_completion(
     |               ^^^^^^^^^^^^^^^^^^^^^^^^^^^^^^^^^

warning: function `take_pending_commands` is never used
    --> src/player/commands.rs:2435:15
     |
2435 | pub(crate) fn take_pending_commands(
     |               ^^^^^^^^^^^^^^^^^^^^^

warning: function `take_pending_eval_requests` is never used
    --> src/player/commands.rs:2444:15
     |
2444 | pub(crate) fn take_pending_eval_requests(
     |               ^^^^^^^^^^^^^^^^^^^^^^^^^^

warning: function `submit_pending_eval_completion` is never used
    --> src/player/commands.rs:2451:15
     |
2451 | pub(crate) fn submit_pending_eval_completion(
     |               ^^^^^^^^^^^^^^^^^^^^^^^^^^^^^^

warning: function `resume_pending_command` is never used
    --> src/player/commands.rs:2463:15
     |
2463 | pub(crate) fn resume_pending_command(
     |               ^^^^^^^^^^^^^^^^^^^^^^

warning: function `datum_to_f64` is never used
   --> src/player/compare.rs:883:4
    |
883 | fn datum_to_f64(datum: &Datum) -> Result<f64, ScriptError> {
    |    ^^^^^^^^^^^^

warning: function `run_handler` is never used
   --> src/player/compiled/mod.rs:376:15
    |
376 | pub(crate) fn run_handler(
    |               ^^^^^^^^^^^

warning: field `reason` is never read
  --> src/player/eval.rs:66:9
   |
63 |     Global {
   |     ------ field in this variant
...
66 |         reason: Option<String>,
   |         ^^^^^^

warning: field `request` is never read
  --> src/player/eval.rs:74:43
   |
74 |     SetProperty { capability: EvalAction, request: crate::player::driver::InternalVmRequest },
   |     ----------- field in this variant     ^^^^^^^

warning: field `0` is never read
   --> src/player/eval.rs:120:15
    |
120 |     Completed(Result<DatumRef, ScriptError>),
    |     --------- ^^^^^^^^^^^^^^^^^^^^^^^^^^^^^
    |     |
    |     field in this variant
    |
help: consider changing the field to be of unit type to suppress this warning while preserving the field numbering, or remove the field
    |
120 -     Completed(Result<DatumRef, ScriptError>),
120 +     Completed(()),
    |

warning: fields `id` and `expression` are never read
   --> src/player/eval.rs:126:16
    |
125 | pub(crate) struct EvalContinuation {
    |                   ---------------- fields in this struct
126 |     pub(crate) id: EvalId,
    |                ^^
...
130 |     pub(crate) expression: LingoExpr,
    |                ^^^^^^^^^^

warning: function `parse_number_value` is never used
    --> src/player/eval.rs:1038:4
     |
1038 | fn parse_number_value(pair: Pair<Rule>) -> Result<f64, ScriptError> {
     |    ^^^^^^^^^^^^^^^^^^

warning: field `0` is never read
    --> src/player/eval.rs:1093:19
     |
1093 |     OrdinaryError(ScriptError),
     |     ------------- ^^^^^^^^^^^
     |     |
     |     field in this variant
     |
help: consider changing the field to be of unit type to suppress this warning while preserving the field numbering, or remove the field
     |
1093 -     OrdinaryError(ScriptError),
1093 +     OrdinaryError(()),
     |

warning: function `start_eval_lingo_expr` is never used
    --> src/player/eval.rs:2107:15
     |
2107 | pub(crate) fn start_eval_lingo_expr(
     |               ^^^^^^^^^^^^^^^^^^^^^

warning: function `eval_lingo_expr_turn` is never used
    --> src/player/eval.rs:2134:15
     |
2134 | pub(crate) fn eval_lingo_expr_turn(
     |               ^^^^^^^^^^^^^^^^^^^^

warning: function `complete_eval_lingo_expr` is never used
    --> src/player/eval.rs:2141:15
     |
2141 | pub(crate) fn complete_eval_lingo_expr(
     |               ^^^^^^^^^^^^^^^^^^^^^^^^

warning: associated function `get_indexed_value` is never used
    --> src/player/eval.rs:2630:8
     |
2362 | impl EvalContinuation {
     | --------------------- associated function in this implementation
...
2630 |     fn get_indexed_value(
     |        ^^^^^^^^^^^^^^^^^

warning: field `sprite_number` is never read
    --> src/player/events.rs:3262:5
     |
3260 | struct OwnedBeginSpriteTarget {
     |        ---------------------- field in this struct
3261 |     score_ref: ScoreRef,
3262 |     sprite_number: u32,
     |     ^^^^^^^^^^^^^
     |
     = note: `OwnedBeginSpriteTarget` has a derived impl for the trait `Clone`, but this is intentionally ignored during dead code analysis

warning: method `load_font` is never used
   --> src/player/font/mod.rs:536:8
    |
135 | impl FontManager {
    | ---------------- method in this implementation
...
536 |     fn load_font(&mut self, font_name: &str) -> Option<BitmapFont> {
    |        ^^^^^^^^^

warning: field `reason` is never read
   --> src/player/handlers/datum_handlers/mod.rs:558:9
    |
554 |     Child {
    |     ----- field in this variant
...
558 |         reason: String,
    |         ^^^^^^

warning: multiple associated functions are never used
    --> src/player/handlers/datum_handlers/cast_member/font.rs:1932:8
     |
 370 | impl FontMemberHandlers {
     | ----------------------- associated functions in this implementation
...
1932 |     fn word_wrap_native_with_size(text: &str, max_width: f64, font_size: i32) -> Vec<String> {
     |        ^^^^^^^^^^^^^^^^^^^^^^^^^^
...
2192 |     fn rgb_to_palette_index_safe(rgb: u32, palettes: &PaletteMap) -> u32 {
     |        ^^^^^^^^^^^^^^^^^^^^^^^^^
...
2199 |     fn determine_ink_from_style(style: &HtmlStyle) -> i32 {
     |        ^^^^^^^^^^^^^^^^^^^^^^^^
...
2215 |     fn rgb_to_palette_index(rgb: u32, palettes: &PaletteMap) -> u8 {
     |        ^^^^^^^^^^^^^^^^^^^^
...
2242 |     fn draw_styled_character(
     |        ^^^^^^^^^^^^^^^^^^^^^
...
2280 |     fn color_ref_to_u8(color: ColorRef) -> u8 {
     |        ^^^^^^^^^^^^^^^
...
2292 |     fn render_html_text_simple(
     |        ^^^^^^^^^^^^^^^^^^^^^^^

warning: associated function `extract_text_from_rtf` is never used
    --> src/player/handlers/datum_handlers/cast_member/text.rs:4331:8
     |
 227 | impl TextMemberHandlers {
     | ----------------------- associated function in this implementation
...
4331 |     fn extract_text_from_rtf(rtf: &str) -> String {
     |        ^^^^^^^^^^^^^^^^^^^^^

warning: field `italic` is never read
    --> src/player/handlers/datum_handlers/cast_member/text.rs:1883:25
     |
1881 |                     struct PerCharStyle {
     |                            ------------ field in this struct
1882 |                         bold: bool,
1883 |                         italic: bool,
     |                         ^^^^^^
     |
     = note: `PerCharStyle` has a derived impl for the trait `Clone`, but this is intentionally ignored during dead code analysis

warning: fields `sb`, `sa`, and `sl` are never read
    --> src/player/handlers/datum_handlers/cast_member/text.rs:3714:13
     |
3705 |         struct Frame {
     |                ----- fields in this struct
...
3714 |             sb: Option<i32>,
     |             ^^
3715 |             sa: Option<i32>,
     |             ^^
3716 |             sl: Option<i32>,
     |             ^^
     |
     = note: `Frame` has a derived impl for the trait `Clone`, but this is intentionally ignored during dead code analysis

warning: function `missing_symbol` is never used
   --> src/player/handlers/datum_handlers/cast_member/havok.rs:209:4
    |
209 | fn missing_symbol(symbols: &SymbolTable, kind: &str, symbol: &Symbol) -> ScriptError {
    |    ^^^^^^^^^^^^^^

warning: constant `HEADER_VERSION_TOKEN` is never used
   --> src/player/handlers/datum_handlers/cast_member/hke_parser.rs:129:7
    |
129 | const HEADER_VERSION_TOKEN: [u8; 4] = [0x6E, 0x7E, 0xA7, 0x0A];
    |       ^^^^^^^^^^^^^^^^^^^^

warning: function `get_text_member_line_height` is never used
   --> src/player/handlers/datum_handlers/cast_member_ref.rs:157:4
    |
157 | fn get_text_member_line_height(text_data: &TextMember) -> u16 {
    |    ^^^^^^^^^^^^^^^^^^^^^^^^^^^

warning: associated function `forget` is never used
    --> src/player/handlers/datum_handlers/script_instance.rs:1116:8
     |
 627 | impl ScriptInstanceDatumHandlers {
     | -------------------------------- associated function in this implementation
...
1116 |     fn forget(player: &mut DirPlayer, symbols: &mut SymbolTable, datum: &DatumRef, _args: &Vec<DatumRef>) -> Result<DatumRef, Scri...
     |        ^^^^^^

warning: associated function `handle_playfile` is never used
   --> src/player/handlers/datum_handlers/sound_channel.rs:565:8
    |
 66 | impl SoundChannelDatumHandlers {
    | ------------------------------ associated function in this implementation
...
565 |     fn handle_playfile(
    |        ^^^^^^^^^^^^^^^

warning: associated items `load_director_sound_as_wav`, `play_async`, `get_member_audio_data`, `load_raw_pcm`, `spawn_playback_async`, and `load_audio_data` are never used
    --> src/player/handlers/datum_handlers/sound_channel.rs:1673:8
     |
1279 | impl SoundChannel {
     | ----------------- associated items in this implementation
...
1673 |     fn load_director_sound_as_wav(
     |        ^^^^^^^^^^^^^^^^^^^^^^^^^^
...
1774 |     async fn play_async(
     |              ^^^^^^^^^^
...
2938 |     fn get_member_audio_data(&self) -> Option<AudioData> {
     |        ^^^^^^^^^^^^^^^^^^^^^
...
3732 |     fn load_raw_pcm(data: &[u8]) -> Result<AudioData, String> {
     |        ^^^^^^^^^^^^
...
4697 |     fn spawn_playback_async(&self) {
     |        ^^^^^^^^^^^^^^^^^^^^
...
4717 |     async fn load_audio_data(
     |              ^^^^^^^^^^^^^^^

warning: associated function `resolve_sprite_flash_member` is never used
   --> src/player/handlers/datum_handlers/sprite.rs:584:8
    |
398 | impl SpriteDatumHandlers {
    | ------------------------ associated function in this implementation
...
584 |     fn resolve_sprite_flash_member(datum: &DatumRef) -> Result<Option<(i32, i32, i32)>, ScriptError> {
    |        ^^^^^^^^^^^^^^^^^^^^^^^^^^^

warning: associated function `create_xml_document` is never used
   --> src/player/handlers/datum_handlers/xml.rs:720:8
    |
425 | impl XmlDatumHandlers {
    | --------------------- associated function in this implementation
...
720 |     fn create_xml_document(player: &mut DirPlayer, content: String) -> Result<u32, ScriptError> {
    |        ^^^^^^^^^^^^^^^^^^^

warning: function `convert_js_result_to_lingo_datum` is never used
   --> src/player/handlers/datum_handlers/flash_object.rs:916:4
    |
916 | fn convert_js_result_to_lingo_datum(
    |    ^^^^^^^^^^^^^^^^^^^^^^^^^^^^^^^^

warning: function `symbol_lower` is never used
  --> src/player/handlers/datum_handlers/havok_object.rs:16:4
   |
16 | fn symbol_lower<'a>(symbols: &'a SymbolTable, symbol: &Symbol) -> Result<&'a str, ScriptError> {
   |    ^^^^^^^^^^^^

warning: associated function `void_p` is never used
    --> src/player/handlers/manager.rs:2666:8
     |
 101 | impl BuiltInHandlerManager {
     | -------------------------- associated function in this implementation
...
2666 |     fn void_p(runtime: &mut ExecutionContext<'_>, args: &Vec<DatumRef>) -> Result<DatumRef, ScriptError> {
     |        ^^^^^^

warning: function `count_wraps_before_index` is never used
    --> src/player/handlers/manager.rs:2967:4
     |
2967 | fn count_wraps_before_index(
     |    ^^^^^^^^^^^^^^^^^^^^^^^^

warning: function `wraps_in_line` is never used
    --> src/player/handlers/manager.rs:3008:4
     |
3008 | fn wraps_in_line(
     |    ^^^^^^^^^^^^^

warning: function `wraps_in_line_up_to` is never used
    --> src/player/handlers/manager.rs:3023:4
     |
3023 | fn wraps_in_line_up_to(
     |    ^^^^^^^^^^^^^^^^^^^

warning: variant `InitEnterExitFrame` is never constructed
  --> src/player/handlers/movie.rs:27:5
   |
15 | pub(crate) enum MovieAsyncKind {
   |                 -------------- variant in this enum
...
27 |     InitEnterExitFrame,
   |     ^^^^^^^^^^^^^^^^^^
   |
   = note: `MovieAsyncKind` has derived impls for the traits `Debug` and `Clone`, but these are intentionally ignored during dead code analysis

warning: field `block_ends` is never read
  --> src/player/js_lingo/decompiler.rs:70:5
   |
50 | struct DecompState<'a> {
   |        ----------- field in this struct
...
70 |     block_ends: std::collections::HashMap<usize, BlockKind>,
   |     ^^^^^^^^^^

warning: variants `IfThen`, `Else`, and `Loop` are never constructed
   --> src/player/js_lingo/decompiler.rs:132:5
    |
131 | enum BlockKind {
    |      --------- variants in this enum
132 |     IfThen,
    |     ^^^^^^
133 |     Else,
    |     ^^^^
134 |     Loop,
    |     ^^^^
    |
    = note: `BlockKind` has derived impls for the traits `Clone` and `Debug`, but these are intentionally ignored during dead code analysis

warning: method `clear` is never used
   --> src/player/js_lingo_loader.rs:108:19
    |
 51 | impl JsRuntimeRegistry {
    | ---------------------- method in this implementation
...
108 |     pub(crate) fn clear(&mut self) {
    |                   ^^^^^

warning: function `register_js_object` is never used
   --> src/player/js_lingo_loader.rs:155:4
    |
155 | fn register_js_object(runtime: &Rc<RefCell<JsRuntime>>, object: &JsObjectRef) -> u32 {
    |    ^^^^^^^^^^^^^^^^^^

warning: function `resolve_js_object_prop` is never used
   --> src/player/js_lingo_loader.rs:225:4
    |
225 | fn resolve_js_object_prop(obj: &JsObjectRef, name: &str) -> Option<JsValue> {
    |    ^^^^^^^^^^^^^^^^^^^^^^

warning: field `word_wrap` is never read
   --> src/player/keyboard_events.rs:385:17
    |
377 |             Field {
    |             ----- field in this variant
...
385 |                 word_wrap: bool,
    |                 ^^^^^^^^^

warning: methods `child` and `len` are never used
   --> src/player/nested.rs:241:19
    |
158 | impl NestedPlayerRegistry {
    | ------------------------- methods in this implementation
...
241 |     pub(crate) fn child(
    |                   ^^^^^
...
322 |     pub(crate) fn len(&self) -> usize {
    |                   ^^^

warning: method `discard_pending` is never used
   --> src/player/ownership.rs:125:19
    |
 69 | impl OwnerToken {
    | --------------- method in this implementation
...
125 |     pub(crate) fn discard_pending(&self) {
    |                   ^^^^^^^^^^^^^^^

warning: field `sprite_num` is never read
  --> src/player/score.rs:72:16
   |
70 | pub(crate) struct BehaviorDefaultsContinuation {
   |                   ---------------------------- field in this struct
71 |     pub(crate) script_instance_ref: ScriptInstanceRef,
72 |     pub(crate) sprite_num: u32,
   |                ^^^^^^^^^^
   |
   = note: `BehaviorDefaultsContinuation` has a derived impl for the trait `Clone`, but this is intentionally ignored during dead code analysis

warning: variants `AwaitingPropertyDescription` and `ReapplyingParameters` are never constructed
  --> src/player/score.rs:80:5
   |
79 | pub(crate) enum BehaviorDefaultsPhase {
   |                 --------------------- variants in this enum
80 |     AwaitingPropertyDescription,
   |     ^^^^^^^^^^^^^^^^^^^^^^^^^^^
...
83 |     ReapplyingParameters,
   |     ^^^^^^^^^^^^^^^^^^^^
   |
   = note: `BehaviorDefaultsPhase` has derived impls for the traits `Debug` and `Clone`, but these are intentionally ignored during dead code analysis

warning: function `get_sprite_rect` is never used
   --> src/player/score.rs:211:4
    |
211 | fn get_sprite_rect(player: &DirPlayer, sprite_id: i16) -> IntRectTuple {
    |    ^^^^^^^^^^^^^^^

warning: function `apply_easing` is never used
   --> src/player/score_keyframes.rs:499:4
    |
499 | fn apply_easing(t: f64, ease_in: u32, ease_out: u32, smooth_speed: bool) -> f64 {
    |    ^^^^^^^^^^^^

warning: function `apply_curvature` is never used
   --> src/player/score_keyframes.rs:526:4
    |
526 | fn apply_curvature(t: f64, curvature: CurvatureType) -> f64 {
    |    ^^^^^^^^^^^^^^^

warning: fields `request`, `reason`, and `continuation` are never read
   --> src/player/session.rs:124:16
    |
122 | pub(crate) struct DeferredRequest {
    |                   --------------- fields in this struct
123 |     pub(crate) player_id: PlayerId,
124 |     pub(crate) request: super::driver::InternalVmRequest,
    |                ^^^^^^^
125 |     pub(crate) reason: String,
    |                ^^^^^^
126 |     pub(crate) continuation: Option<crate::player::score::BehaviorDefaultsContinuation>,
    |                ^^^^^^^^^^^^

warning: field `native_host_events` is never read
   --> src/player/session.rs:192:5
    |
160 | pub struct RuntimeSession {
    |            -------------- field in this struct
...
192 |     native_host_events: NativeHostEventMailbox,
    |     ^^^^^^^^^^^^^^^^^^

warning: multiple associated items are never used
    --> src/player/session.rs:1795:19
     |
 422 | impl RuntimeSession {
     | ------------------- associated items in this implementation
...
1795 |     pub(crate) fn complete_eval(
     |                   ^^^^^^^^^^^^^
...
1815 |     pub(crate) fn complete_typed_async_eval(
     |                   ^^^^^^^^^^^^^^^^^^^^^^^^^
...
1890 |     pub(crate) fn start_cast_async_callback(
     |                   ^^^^^^^^^^^^^^^^^^^^^^^^^
...
2332 |     pub(crate) fn retire_nested_child_if_owner(
     |                   ^^^^^^^^^^^^^^^^^^^^^^^^^^^^
...
2795 |     pub(crate) fn take_player_notifications(
     |                   ^^^^^^^^^^^^^^^^^^^^^^^^^
...
2925 |     pub(crate) fn push_native_host_event(
     |                   ^^^^^^^^^^^^^^^^^^^^^^
...
2938 |     pub(crate) fn take_native_host_events(
     |                   ^^^^^^^^^^^^^^^^^^^^^^^
...
2944 |     pub(crate) fn push_native_player_notification(
     |                   ^^^^^^^^^^^^^^^^^^^^^^^^^^^^^^^
...
2960 |     pub(crate) fn take_native_player_notifications(
     |                   ^^^^^^^^^^^^^^^^^^^^^^^^^^^^^^^^
...
2970 |     pub(crate) fn record_native_notification_error(
     |                   ^^^^^^^^^^^^^^^^^^^^^^^^^^^^^^^^
...
2980 |     pub(crate) fn take_native_notification_error(
     |                   ^^^^^^^^^^^^^^^^^^^^^^^^^^^^^^
...
3023 |     pub(crate) fn queue_host_event_delivery(
     |                   ^^^^^^^^^^^^^^^^^^^^^^^^^
...
3232 |     pub(crate) fn take_pending_eval_requests_for(
     |                   ^^^^^^^^^^^^^^^^^^^^^^^^^^^^^^
...
3288 |     pub(crate) fn submit_pending_eval_completion(
     |                   ^^^^^^^^^^^^^^^^^^^^^^^^^^^^^^
...
3352 |     pub(crate) fn retain_deferred_request_with_continuation(
     |                   ^^^^^^^^^^^^^^^^^^^^^^^^^^^^^^^^^^^^^^^^^
...
3367 |     pub(crate) fn take_deferred_requests(&mut self) -> Vec<DeferredRequest> {
     |                   ^^^^^^^^^^^^^^^^^^^^^^
...
3375 |     pub(crate) async fn resume_deferred_request(
     |                         ^^^^^^^^^^^^^^^^^^^^^^^
...
3464 |     pub(crate) fn take_pending_commands_for(&mut self, player_id: PlayerId) -> Vec<PendingCommand> {
     |                   ^^^^^^^^^^^^^^^^^^^^^^^^^
...
3481 |     pub(crate) fn take_ready_pending_commands_for(&mut self, player_id: PlayerId) -> Vec<PendingCommand> {
     |                   ^^^^^^^^^^^^^^^^^^^^^^^^^^^^^^^
...
3523 |     pub(crate) fn update_started_pending_command_with_completion(
     |                   ^^^^^^^^^^^^^^^^^^^^^^^^^^^^^^^^^^^^^^^^^^^^^^
...
4027 |     pub(crate) fn clear_js_lingo_for_player(&mut self, id: PlayerId) {
     |                   ^^^^^^^^^^^^^^^^^^^^^^^^^
...
4118 |     pub(crate) fn take_completed_property_casts(&mut self) -> Vec<(PlayerId, CompletionTicket)> {
     |                   ^^^^^^^^^^^^^^^^^^^^^^^^^^^^^

warning: variants `Breakpoint`, `ErrorPause`, `CooperativeYield`, and `Trace` are never constructed
  --> src/player/driver.rs:39:5
   |
38 | pub(crate) enum ActionKind {
   |                 ---------- variants in this enum
39 |     Breakpoint,
   |     ^^^^^^^^^^
40 |     ErrorPause,
   |     ^^^^^^^^^^
41 |     CooperativeYield,
   |     ^^^^^^^^^^^^^^^^
...
44 |     Trace,
   |     ^^^^^
   |
   = note: `ActionKind` has derived impls for the traits `Debug` and `Clone`, but these are intentionally ignored during dead code analysis

warning: variants `AfterBreakpoint`, `AfterStep`, `ErrorUnwind`, and `Teardown` are never constructed
  --> src/player/driver.rs:66:5
   |
65 | pub(crate) enum ResumePhase {
   |                 ----------- variants in this enum
66 |     AfterBreakpoint,
   |     ^^^^^^^^^^^^^^^
67 |     AfterStep,
   |     ^^^^^^^^^
68 |     ApplyOpcode,
69 |     ErrorUnwind,
   |     ^^^^^^^^^^^
70 |     Teardown,
   |     ^^^^^^^^
   |
   = note: `ResumePhase` has derived impls for the traits `Debug` and `Clone`, but these are intentionally ignored during dead code analysis

warning: field `backjumps` is never read
  --> src/player/driver.rs:96:16
   |
93 | pub(crate) struct CooperativeYieldRequest {
   |                   ----------------------- field in this struct
...
96 |     pub(crate) backjumps: u32,
   |                ^^^^^^^^^
   |
   = note: `CooperativeYieldRequest` has a derived impl for the trait `Clone`, but this is intentionally ignored during dead code analysis

warning: fields `script` and `args` are never read
   --> src/player/driver.rs:104:9
    |
103 |     Construct {
    |     --------- fields in this variant
104 |         script: DatumRef,
    |         ^^^^^^
105 |         args: Vec<DatumRef>,
    |         ^^^^
    |
    = note: `InternalVmRequest` has a derived impl for the trait `Clone`, but this is intentionally ignored during dead code analysis

warning: field `handler` is never read
   --> src/player/driver.rs:200:16
    |
194 | pub(crate) struct CastMemberAsyncRequest {
    |                   ---------------------- field in this struct
...
200 |     pub(crate) handler: Symbol,
    |                ^^^^^^^
    |
    = note: `CastMemberAsyncRequest` has a derived impl for the trait `Clone`, but this is intentionally ignored during dead code analysis

warning: function `eval_request_kind` is never used
   --> src/player/driver.rs:222:15
    |
222 | pub(crate) fn eval_request_kind(request: &InternalVmRequest) -> ActionKind {
    |               ^^^^^^^^^^^^^^^^^

warning: variant `Pending` is never constructed
   --> src/player/driver.rs:333:5
    |
302 | pub(crate) enum GlobalDispatch {
    |                 -------------- variant in this enum
...
333 |     Pending { reason: String },
    |     ^^^^^^^

warning: variants `Fetch`, `JavaScript`, and `Debugger` are never constructed
   --> src/player/driver.rs:528:5
    |
527 | pub(crate) enum HostRequest {
    |                 ----------- variants in this enum
528 |     Fetch {
    |     ^^^^^
...
533 |     JavaScript {
    |     ^^^^^^^^^^
...
538 |     Debugger {
    |     ^^^^^^^^
    |
    = note: `HostRequest` has a derived impl for the trait `Clone`, but this is intentionally ignored during dead code analysis

warning: fields `kind`, `retained_plan`, and `child_policy` are never read
   --> src/player/driver.rs:563:16
    |
559 | pub(crate) struct SetupCallbackRequest {
    |                   -------------------- fields in this struct
...
563 |     pub(crate) kind: SetupCallbackKind,
    |                ^^^^
...
568 |     pub(crate) retained_plan: Option<super::HandlerPlan>,
    |                ^^^^^^^^^^^^^
569 |     pub(crate) expectation: super::SetupExpectation,
570 |     pub(crate) child_policy: Option<ChildReturnPolicy>,
    |                ^^^^^^^^^^^^
    |
    = note: `SetupCallbackRequest` has a derived impl for the trait `Clone`, but this is intentionally ignored during dead code analysis

warning: variants `Virtual` and `Trace` are never constructed
   --> src/player/driver.rs:576:5
    |
575 | pub(crate) enum SetupCallbackKind {
    |                 ----------------- variants in this enum
576 |     Virtual,
    |     ^^^^^^^
577 |     JavaScript,
578 |     Trace,
    |     ^^^^^
    |
    = note: `SetupCallbackKind` has derived impls for the traits `Debug` and `Clone`, but these are intentionally ignored during dead code analysis

warning: variants `CooperativeYield`, `Host`, and `Trace` are never constructed
   --> src/player/driver.rs:591:5
    |
588 | pub(crate) enum PendingAction {
    |                 ------------- variants in this enum
...
591 |     CooperativeYield(CooperativeYieldRequest),
    |     ^^^^^^^^^^^^^^^^
...
597 |     Host(HostRequest),
    |     ^^^^
598 |     Setup(SetupCallbackRequest),
599 |     Trace(TraceRequest),
    |     ^^^^^
    |
    = note: `PendingAction` has a derived impl for the trait `Clone`, but this is intentionally ignored during dead code analysis

warning: field `0` is never read
   --> src/player/driver.rs:643:11
    |
643 |     Setup(SetupStage),
    |     ----- ^^^^^^^^^^
    |     |
    |     field in this variant
    |
help: consider changing the field to be of unit type to suppress this warning while preserving the field numbering, or remove the field
    |
643 -     Setup(SetupStage),
643 +     Setup(()),
    |

warning: variants `Virtual`, `ScopePush`, `Trace`, and `IrCompile` are never constructed
   --> src/player/driver.rs:666:5
    |
665 | pub(crate) enum SetupStage {
    |                 ---------- variants in this enum
666 |     Virtual,
    |     ^^^^^^^
667 |     JavaScript,
668 |     ScopePush,
    |     ^^^^^^^^^
669 |     Trace,
    |     ^^^^^
670 |     IrCompile,
    |     ^^^^^^^^^
    |
    = note: `SetupStage` has derived impls for the traits `Debug` and `Clone`, but these are intentionally ignored during dead code analysis

warning: fields `backjumps` and `last_yield_ms` are never read
   --> src/player/driver.rs:727:16
    |
720 | pub(crate) struct DriverContinuation {
    |                   ------------------ fields in this struct
...
727 |     pub(crate) backjumps: u32,
    |                ^^^^^^^^^
728 |     pub(crate) total_backjumps: u32,
729 |     pub(crate) last_yield_ms: i64,
    |                ^^^^^^^^^^^^^

warning: methods `eq_ignore_ascii_case_in`, `to_lowercase_in`, `to_ascii_lowercase_in`, `splitn_in`, and `starts_with_in` are never used
   --> src/player/symbols/symbol.rs:167:19
    |
109 | impl Symbol {
    | ----------- methods in this implementation
...
167 |     pub(crate) fn eq_ignore_ascii_case_in(&self, table: &SymbolTable, other: &str) -> bool {
    |                   ^^^^^^^^^^^^^^^^^^^^^^^
...
170 |     pub(crate) fn to_lowercase_in(&self, table: &SymbolTable) -> String {
    |                   ^^^^^^^^^^^^^^^
...
173 |     pub(crate) fn to_ascii_lowercase_in(&self, table: &SymbolTable) -> String {
    |                   ^^^^^^^^^^^^^^^^^^^^^
...
176 |     pub(crate) fn splitn_in<'a>(
    |                   ^^^^^^^^^
...
184 |     pub(crate) fn starts_with_in(&self, table: &SymbolTable, pat: &str) -> bool {
    |                   ^^^^^^^^^^^^^^

warning: methods `command_tx` and `reset_player` are never used
   --> src/player/testing_shared/mod.rs:178:19
    |
159 | impl HarnessRuntime {
    | ------------------- methods in this implementation
...
178 |     pub(crate) fn command_tx(&self) -> Sender<PlayerVMExecutionItem> { self.command_tx.clone() }
    |                   ^^^^^^^^^^
...
229 |     pub(crate) fn reset_player(&mut self, command_tx: Sender<PlayerVMExecutionItem>) -> bool {
    |                   ^^^^^^^^^^^^

warning: field `auto_detach` is never read
  --> src/player/xtra/curl/mod.rs:59:5
   |
57 | pub(crate) struct CurlInstance {
   |                   ------------ field in this struct
58 |     generation: u64,
59 |     auto_detach: bool,
   |     ^^^^^^^^^^^
   |
   = note: `CurlInstance` has a derived impl for the trait `Clone`, but this is intentionally ignored during dead code analysis

warning: variants `Static` and `Instance` are never constructed
   --> src/player/xtra/external.rs:138:5
    |
137 | pub(crate) enum ExternalXtraContinuation {
    |                 ------------------------ variants in this enum
138 |     Static {
    |     ^^^^^^
...
143 |     Instance {
    |     ^^^^^^^^
    |
    = note: `ExternalXtraContinuation` has a derived impl for the trait `Clone`, but this is intentionally ignored during dead code analysis

warning: function `registered_names_for_player` is never used
   --> src/player/xtra/external.rs:508:15
    |
508 | pub(crate) fn registered_names_for_player(player: &DirPlayer) -> Vec<String> {
    |               ^^^^^^^^^^^^^^^^^^^^^^^^^^^

warning: field `relative_name` is never read
  --> src/player/xtra/manager.rs:49:16
   |
44 | pub(crate) struct FileIoOpenRequest {
   |                   ----------------- field in this struct
...
49 |     pub(crate) relative_name: String,
   |                ^^^^^^^^^^^^^
   |
   = note: `FileIoOpenRequest` has a derived impl for the trait `Clone`, but this is intentionally ignored during dead code analysis

warning: method `invalidated` is never used
   --> src/player/xtra/manager.rs:129:19
    |
102 | impl XtraPendingIntent {
    | ---------------------- method in this implementation
...
129 |     pub(crate) fn invalidated(&self, owner: &OwnerToken, generation: u64) -> bool {
    |                   ^^^^^^^^^^^

warning: fields `xtra_name`, `owner`, `instance_id`, `generation`, and `socket_resource` are never read
   --> src/player/xtra/manager.rs:141:16
    |
140 | pub(crate) struct XtraTeardownRequest {
    |                   ------------------- fields in this struct
141 |     pub(crate) xtra_name: &'static str,
    |                ^^^^^^^^^
142 |     pub(crate) owner: OwnerToken,
    |                ^^^^^
143 |     pub(crate) instance_id: XtraInstanceId,
    |                ^^^^^^^^^^^
144 |     pub(crate) generation: u64,
    |                ^^^^^^^^^^
...
149 |     pub(crate) socket_resource: Option<super::multiuser::MultiuserSocketResource>,
    |                ^^^^^^^^^^^^^^^

warning: fields `onmessage`, `onerror`, `onclose`, and `onopen` are never read
  --> src/player/xtra/multiuser/mod.rs:79:5
   |
76 | pub(crate) struct MultiuserSocketResource {
   |                   ----------------------- fields in this struct
...
79 |     onmessage: Closure<dyn FnMut(MessageEvent)>,
   |     ^^^^^^^^^
80 |     onerror: Closure<dyn FnMut(Event)>,
   |     ^^^^^^^
81 |     onclose: Closure<dyn FnMut(CloseEvent)>,
   |     ^^^^^^^
82 |     onopen: Closure<dyn FnMut(Event)>,
   |     ^^^^^^

warning: fields `name` and `sub_menu_pos` are never read
  --> src/player/xtra/sysmenu/mod.rs:20:5
   |
19 | struct MenuItem {
   |        -------- fields in this struct
20 |     name: String,
   |     ^^^^
...
24 |     sub_menu_pos: Option<i32>,
   |     ^^^^^^^^^^^^
   |
   = note: `MenuItem` has a derived impl for the trait `Clone`, but this is intentionally ignored during dead code analysis

warning: associated function `text_node_to_prop_list` is never used
   --> src/player/xtra/xmlparser/mod.rs:344:8
    |
 50 | impl XmlParserXtraInstance {
    | -------------------------- associated function in this implementation
...
344 |     fn text_node_to_prop_list(player: &mut DirPlayer, text: &str) -> Result<DatumRef, ScriptError> {
    |        ^^^^^^^^^^^^^^^^^^^^^^

warning: method `instance_generation` is never used
   --> src/player/xtra/xmlparser/mod.rs:389:19
    |
356 | impl XmlParserXtraManager {
    | ------------------------- method in this implementation
...
389 |     pub(crate) fn instance_generation(&self, instance_id: u32) -> Option<u64> {
    |                   ^^^^^^^^^^^^^^^^^^^

warning: function `draw_frame_at_end_owned_for_state` is never used
    --> src/rendering.rs:3960:15
     |
3960 | pub(crate) fn draw_frame_at_end_owned_for_state(
     |               ^^^^^^^^^^^^^^^^^^^^^^^^^^^^^^^^^

warning: method `draw_debug_text_overlay` is never used
    --> src/rendering_gpu/webgl2/mod.rs:1241:8
     |
 149 | impl WebGL2Renderer {
     | ------------------- method in this implementation
...
1241 |     fn draw_debug_text_overlay(&mut self, player: &mut DirPlayer) {
     |        ^^^^^^^^^^^^^^^^^^^^^^^

warning: variant `SolidColor` is never constructed
    --> src/rendering_gpu/webgl2/mod.rs:1731:13
     |
1718 |         enum TextureSource {
     |              ------------- variant in this enum
...
1731 |             SolidColor { r: u8, g: u8, b: u8 },
     |             ^^^^^^^^^^

warning: field `width` is never read
    --> src/rendering_gpu/webgl2/mod.rs:6854:21
     |
6852 |                 struct PfrLineRun {
     |                        ---------- field in this struct
6853 |                     text: String,
6854 |                     width: i32,
     |                     ^^^^^
     |
     = note: `PfrLineRun` has a derived impl for the trait `Clone`, but this is intentionally ignored during dead code analysis

warning: field `inverse_bind_cache` is never read
  --> src/rendering_gpu/webgl2/scene3d.rs:67:5
   |
55 | struct MemberGpuData {
   |        ------------- field in this struct
...
67 |     inverse_bind_cache: HashMap<Symbol, Vec<[f32; 16]>>,
   |     ^^^^^^^^^^^^^^^^^^

warning: field `wrap` is never read
   --> src/rendering_gpu/webgl2/scene3d.rs:164:5
    |
160 | struct TextureLayerBinding<'a> {
    |        ------------------- field in this struct
...
164 |     wrap: (u8, u8),   // (repeat_s, repeat_t): 0=clamp, 1=repeat
    |     ^^^^

warning: field `u_color_matrix` is never read
   --> src/rendering_gpu/webgl2/scene3d.rs:203:5
    |
195 | struct PostProcessShader {
    |        ----------------- field in this struct
...
203 |     u_color_matrix: Option<WebGlUniformLocation>,
    |     ^^^^^^^^^^^^^^

warning: function `mat4_multiply_row_major` is never used
    --> src/rendering_gpu/webgl2/scene3d.rs:6065:4
     |
6065 | fn mat4_multiply_row_major(a: &[f32; 16], b: &[f32; 16]) -> [f32; 16] {
     |    ^^^^^^^^^^^^^^^^^^^^^^^

warning: function `row_major_to_column_major` is never used
    --> src/rendering_gpu/webgl2/scene3d.rs:6081:4
     |
6081 | fn row_major_to_column_major(m: &[f32; 16]) -> [f32; 16] {
     |    ^^^^^^^^^^^^^^^^^^^^^^^^^

warning: associated functions `read_u16_safe` and `read_u32_safe` are never used
  --> src/director/chunks/cast_member.rs:26:8
   |
24 | impl CastMemberChunk {
   | -------------------- associated functions in this implementation
25 |     // Helper to read u16 safely
26 |     fn read_u16_safe(reader: &mut BinaryReader) -> Option<u16> {
   |        ^^^^^^^^^^^^^
...
31 |     fn read_u32_safe(reader: &mut BinaryReader) -> Option<u32> {
   |        ^^^^^^^^^^^^^

warning: associated function `get_mp3_sample_rate` is never used
   --> src/director/chunks/media.rs:170:8
    |
 15 | impl MediaChunk {
    | --------------- associated function in this implementation
...
170 |     fn get_mp3_sample_rate(frame_header: &[u8]) -> Option<u32> {
    |        ^^^^^^^^^^^^^^^^^^^

warning: methods `init_transform_flags`, `read_nibble_raw`, and `merge_transformed_glyph` are never used
    --> src/director/chunks/pfr1/glyph.rs:375:8
     |
 185 | impl<'a> Pfr1HeaderParser<'a> {
     | ----------------------------- methods in this implementation
...
 375 |     fn init_transform_flags(&mut self) {
     |        ^^^^^^^^^^^^^^^^^^^^
...
1172 |     fn read_nibble_raw(&mut self) -> i32 {
     |        ^^^^^^^^^^^^^^^
...
2623 |     fn merge_transformed_glyph(&mut self, source: &OutlineGlyph, x_offset: i16, y_offset: i16, x_scale: i16, y_scale: i16) {
     |        ^^^^^^^^^^^^^^^^^^^^^^^

warning: function `rasterize_glyph_to_bitmap` is never used
   --> src/director/chunks/pfr1/rasterizer.rs:182:4
    |
182 | fn rasterize_glyph_to_bitmap(
    |    ^^^^^^^^^^^^^^^^^^^^^^^^^

warning: function `rasterize_glyph_to_bitmap_oversampled` is never used
   --> src/director/chunks/pfr1/rasterizer.rs:268:4
    |
268 | fn rasterize_glyph_to_bitmap_oversampled(
    |    ^^^^^^^^^^^^^^^^^^^^^^^^^^^^^^^^^^^^^

warning: associated function `decode_scaled` is never used
   --> src/director/chunks/score.rs:436:8
    |
 95 | impl ScoreFrameChannelData {
    | -------------------------- associated function in this implementation
...
436 |     fn decode_scaled(value: u8, scale: u8) -> u8 {
    |        ^^^^^^^^^^^^^

warning: associated function `parse_sprite_details` is never used
    --> src/director/chunks/score.rs:1615:8
     |
1328 | impl ScoreChunk {
     | --------------- associated function in this implementation
...
1615 |     fn parse_sprite_details(entries: &Vec<Vec<u8>>) -> std::collections::HashMap<u32, SpriteDetailInfo> {
     |        ^^^^^^^^^^^^^^^^^^^^

warning: struct `Aabb` is never constructed
   --> src/director/chunks/w3d/raycast.rs:597:8
    |
597 | struct Aabb {
    |        ^^^^

warning: associated items `new`, `expand_point`, `merge`, `largest_axis`, `centroid`, and `ray_intersect` are never used
   --> src/director/chunks/w3d/raycast.rs:603:8
    |
602 | impl Aabb {
    | --------- associated items in this implementation
603 |     fn new() -> Self {
    |        ^^^
...
610 |     fn expand_point(&mut self, p: &[f32; 3]) {
    |        ^^^^^^^^^^^^
...
617 |     fn merge(&mut self, other: &Aabb) {
    |        ^^^^^
...
624 |     fn largest_axis(&self) -> usize {
    |        ^^^^^^^^^^^^
...
631 |     fn centroid(&self) -> [f32; 3] {
    |        ^^^^^^^^
...
640 |     fn ray_intersect(&self, ray: &Ray, max_dist: f32) -> bool {
    |        ^^^^^^^^^^^^^

warning: enum `BvhNode` is never used
   --> src/director/chunks/w3d/raycast.rs:656:6
    |
656 | enum BvhNode {
    |      ^^^^^^^

warning: function `build_bvh` is never used
   --> src/director/chunks/w3d/raycast.rs:662:4
    |
662 | fn build_bvh(positions: &[[f32; 3]], faces: &[[u32; 3]], indices: &mut [usize]) -> BvhNode {
    |    ^^^^^^^^^

warning: function `face_centroid` is never used
   --> src/director/chunks/w3d/raycast.rs:702:4
    |
702 | fn face_centroid(positions: &[[f32; 3]], face: &[u32; 3]) -> [f32; 3] {
    |    ^^^^^^^^^^^^^

warning: function `raycast_bvh` is never used
   --> src/director/chunks/w3d/raycast.rs:717:4
    |
717 | fn raycast_bvh(
    |    ^^^^^^^^^^^

warning: fields `name`, `kerning`, and `anti_alias` are never read
    --> src/director/chunks/xmedia_styled_text.rs:1819:5
     |
1818 | struct FontInfo {
     |        -------- fields in this struct
1819 |     name: String,
     |     ^^^^
1820 |     kerning: bool,
     |     ^^^^^^^
1821 |     anti_alias: bool,
     |     ^^^^^^^^^^
     |
     = note: `FontInfo` has derived impls for the traits `Clone` and `Debug`, but these are intentionally ignored during dead code analysis

warning: variant `Root` is never constructed
  --> src/director/lingo/decompiler/handler.rs:53:5
   |
52 | enum BlockContext {
   |      ------------ variant in this enum
53 |     Root,
   |     ^^^^
   |
   = note: `BlockContext` has a derived impl for the trait `Clone`, but this is intentionally ignored during dead code analysis

warning: methods `push` and `read_var` are never used
    --> src/director/lingo/decompiler/handler.rs:168:8
     |
  92 | impl<'a> DecompilerState<'a> {
     | ---------------------------- methods in this implementation
...
 168 |     fn push(&mut self, node: AstNode) {
     |        ^^^^
...
1374 |     fn read_var(&mut self, var_type: i64) -> Rc<AstNode> {
     |        ^^^^^^^^

warning: unused `Result` that must be used
    --> src/lib.rs:1835:9
     |
1835 | /         self.with_context(|context| {
1836 | |             context.player.mouse_loc = loc;
1837 | |             context.player.movie.mouse_down = true;
1838 | |             context.player.queue_tx.try_send(PlayerVMExecutionItem {
...    |
1841 | |             }).map_err(|_| JsValue::from_str("browser player command loop stopped"))
1842 | |         })?;
     | |___________^
     |
     = note: this `Result` may be an `Err` variant, which should be handled
     = note: `#[warn(unused_must_use)]` (part of `#[warn(unused)]`) on by default
help: use `let _ = ...` to ignore the resulting value
     |
1835 |         let _ = self.with_context(|context| {
     |         +++++++

warning: unused `Result` that must be used
    --> src/lib.rs:1849:9
     |
1849 | /         self.with_context(|context| {
1850 | |             context.player.mouse_loc = loc;
1851 | |             context.player.movie.mouse_down = false;
1852 | |             context.player.queue_tx.try_send(PlayerVMExecutionItem {
...    |
1855 | |             }).map_err(|_| JsValue::from_str("browser player command loop stopped"))
1856 | |         })?;
     | |___________^
     |
     = note: this `Result` may be an `Err` variant, which should be handled
help: use `let _ = ...` to ignore the resulting value
     |
1849 |         let _ = self.with_context(|context| {
     |         +++++++

warning: unused `Result` that must be used
    --> src/lib.rs:1863:9
     |
1863 | /         self.with_context(|context| {
1864 | |             context.player.mouse_loc = loc;
1865 | |             context.player.movie.right_mouse_down = true;
1866 | |             context.player.queue_tx.try_send(PlayerVMExecutionItem {
...    |
1869 | |             }).map_err(|_| JsValue::from_str("browser player command loop stopped"))
1870 | |         })?;
     | |___________^
     |
     = note: this `Result` may be an `Err` variant, which should be handled
help: use `let _ = ...` to ignore the resulting value
     |
1863 |         let _ = self.with_context(|context| {
     |         +++++++

warning: unused `Result` that must be used
    --> src/lib.rs:1876:9
     |
1876 | /         self.with_context(|context| {
1877 | |             context.player.mouse_loc = loc;
1878 | |             context.player.movie.right_mouse_down = false;
1879 | |             context.player.queue_tx.try_send(PlayerVMExecutionItem {
...    |
1882 | |             }).map_err(|_| JsValue::from_str("browser player command loop stopped"))
1883 | |         })?;
     | |___________^
     |
     = note: this `Result` may be an `Err` variant, which should be handled
help: use `let _ = ...` to ignore the resulting value
     |
1876 |         let _ = self.with_context(|context| {
     |         +++++++

warning: unused `Result` that must be used
    --> src/lib.rs:1889:9
     |
1889 | /         self.with_context(|context| {
1890 | |             context.player.mouse_loc = loc;
1891 | |             context.player.queue_tx.try_send(PlayerVMExecutionItem {
1892 | |                 command: PlayerVMCommand::MouseMove(loc),
1893 | |                 completer: None,
1894 | |             }).map_err(|_| JsValue::from_str("browser player command loop stopped"))
1895 | |         })?;
     | |___________^
     |
     = note: this `Result` may be an `Err` variant, which should be handled
help: use `let _ = ...` to ignore the resulting value
     |
1889 |         let _ = self.with_context(|context| {
     |         +++++++

warning: unused `Result` that must be used
    --> src/lib.rs:1903:9
     |
1903 | /         self.with_context(|context| {
1904 | |             context.player.mouse_loc.0 += dx;
1905 | |             context.player.mouse_loc.1 += dy;
1906 | |             let loc = context.player.mouse_loc;
...    |
1910 | |             }).map_err(|_| JsValue::from_str("browser player command loop stopped"))
1911 | |         })?;
     | |___________^
     |
     = note: this `Result` may be an `Err` variant, which should be handled
help: use `let _ = ...` to ignore the resulting value
     |
1903 |         let _ = self.with_context(|context| {
     |         +++++++

warning: unused `Result` that must be used
    --> src/lib.rs:1918:9
     |
1918 | /         self.with_context(|context| {
1919 | |             context.player.keyboard_manager.key_down(key.clone(), code);
1920 | |             context.player.queue_tx.try_send(PlayerVMExecutionItem {
1921 | |                 command: PlayerVMCommand::KeyDown(key.clone(), code),
1922 | |                 completer: None,
1923 | |             }).map_err(|_| JsValue::from_str("browser player command loop stopped"))
1924 | |         })?;
     | |___________^
     |
     = note: this `Result` may be an `Err` variant, which should be handled
help: use `let _ = ...` to ignore the resulting value
     |
1918 |         let _ = self.with_context(|context| {
     |         +++++++

warning: unused `Result` that must be used
    --> src/lib.rs:1930:9
     |
1930 | /         self.with_context(|context| {
1931 | |             context.player.keyboard_manager.key_up(&key, code);
1932 | |             context.player.queue_tx.try_send(PlayerVMExecutionItem {
1933 | |                 command: PlayerVMCommand::KeyUp(key.clone(), code),
1934 | |                 completer: None,
1935 | |             }).map_err(|_| JsValue::from_str("browser player command loop stopped"))
1936 | |         })?;
     | |___________^
     |
     = note: this `Result` may be an `Err` variant, which should be handled
help: use `let _ = ...` to ignore the resulting value
     |
1930 |         let _ = self.with_context(|context| {
     |         +++++++

warning: unused `Result` that must be used
   --> src/js_api.rs:336:9
    |
336 |         onDatumSnapshot(datum_ref.unwrap(), snapshot);
    |         ^^^^^^^^^^^^^^^^^^^^^^^^^^^^^^^^^^^^^^^^^^^^^
    |
    = note: this `Result` may be an `Err` variant, which should be handled
help: use `let _ = ...` to ignore the resulting value
    |
336 |         let _ = onDatumSnapshot(datum_ref.unwrap(), snapshot);
    |         +++++++

warning: unused `Result` that must be used
   --> src/js_api.rs:349:9
    |
349 |         onScriptInstanceSnapshot(script_ref.map(|script_ref| *script_ref).unwrap_or(0), snapshot);
    |         ^^^^^^^^^^^^^^^^^^^^^^^^^^^^^^^^^^^^^^^^^^^^^^^^^^^^^^^^^^^^^^^^^^^^^^^^^^^^^^^^^^^^^^^^^
    |
    = note: this `Result` may be an `Err` variant, which should be handled
help: use `let _ = ...` to ignore the resulting value
    |
349 |         let _ = onScriptInstanceSnapshot(script_ref.map(|script_ref| *script_ref).unwrap_or(0), snapshot);
    |         +++++++

warning: unused `Result` that must be used
    --> src/js_api.rs:1070:13
     |
1070 |             onCastMemberListChanged(cast_number, member_list.to_js_object());
     |             ^^^^^^^^^^^^^^^^^^^^^^^^^^^^^^^^^^^^^^^^^^^^^^^^^^^^^^^^^^^^^^^^
     |
     = note: this `Result` may be an `Err` variant, which should be handled
help: use `let _ = ...` to ignore the resulting value
     |
1070 |             let _ = onCastMemberListChanged(cast_number, member_list.to_js_object());
     |             +++++++

warning: unused `Result` that must be used
    --> src/js_api.rs:1106:13
     |
1106 |             onCastMemberChanged(member_ref.to_js().to_js_value(), member_map.to_js_object());
     |             ^^^^^^^^^^^^^^^^^^^^^^^^^^^^^^^^^^^^^^^^^^^^^^^^^^^^^^^^^^^^^^^^^^^^^^^^^^^^^^^^
     |
     = note: this `Result` may be an `Err` variant, which should be handled
help: use `let _ = ...` to ignore the resulting value
     |
1106 |             let _ = onCastMemberChanged(member_ref.to_js().to_js_value(), member_map.to_js_object());
     |             +++++++

warning: unused `Result` that must be used
    --> src/js_api.rs:1153:13
     |
1153 |             onScoreChanged(snapshot.to_js_object(), &owner_key);
     |             ^^^^^^^^^^^^^^^^^^^^^^^^^^^^^^^^^^^^^^^^^^^^^^^^^^^
     |
     = note: this `Result` may be an `Err` variant, which should be handled
help: use `let _ = ...` to ignore the resulting value
     |
1153 |             let _ = onScoreChanged(snapshot.to_js_object(), &owner_key);
     |             +++++++

warning: unused `Result` that must be used
    --> src/js_api.rs:1605:17
     |
1605 |                 onChannelChanged(channel, snapshot.to_js_object(), &owner_key);
     |                 ^^^^^^^^^^^^^^^^^^^^^^^^^^^^^^^^^^^^^^^^^^^^^^^^^^^^^^^^^^^^^^
     |
     = note: this `Result` may be an `Err` variant, which should be handled
help: use `let _ = ...` to ignore the resulting value
     |
1605 |                 let _ = onChannelChanged(channel, snapshot.to_js_object(), &owner_key);
     |                 +++++++

warning: unused `Result` that must be used
    --> src/js_api.rs:2059:9
     |
2059 |         Self::dispatch_channel_names_snapshot(names, &owner_key);
     |         ^^^^^^^^^^^^^^^^^^^^^^^^^^^^^^^^^^^^^^^^^^^^^^^^^^^^^^^^
     |
     = note: this `Result` may be an `Err` variant, which should be handled
help: use `let _ = ...` to ignore the resulting value
     |
2059 |         let _ = Self::dispatch_channel_names_snapshot(names, &owner_key);
     |         +++++++

warning: unused `Result` that must be used
    --> src/js_api.rs:2151:17
     |
2151 |                 onChannelDisplayNameChanged(channel, &display_name, &owner_key);
     |                 ^^^^^^^^^^^^^^^^^^^^^^^^^^^^^^^^^^^^^^^^^^^^^^^^^^^^^^^^^^^^^^^
     |
     = note: this `Result` may be an `Err` variant, which should be handled
help: use `let _ = ...` to ignore the resulting value
     |
2151 |                 let _ = onChannelDisplayNameChanged(channel, &display_name, &owner_key);
     |                 +++++++

warning: unused `Result` that must be used
   --> src/player/mod.rs:316:9
    |
316 |         JsApi::dispatch_debug_message(message);
    |         ^^^^^^^^^^^^^^^^^^^^^^^^^^^^^^^^^^^^^^
    |
    = note: this `Result` may be an `Err` variant, which should be handled
help: use `let _ = ...` to ignore the resulting value
    |
316 |         let _ = JsApi::dispatch_debug_message(message);
    |         +++++++

warning: unused logical operation that must be used
    --> src/player/mod.rs:9558:5
     |
9558 | /     DirPlayer::load_movie_from_dir_owned(
9559 | |         session.clone(), player_id, owner.clone(), dir_file,
9560 | |     )
9561 | |     .await
9562 | |     .is_ok()
9563 | |     || return false;
     | |___________________^ the logical operation produces a value
     |
help: use `let _ = ...` to ignore the resulting value
     |
9558 |     let _ = DirPlayer::load_movie_from_dir_owned(
     |     +++++++

warning: calls to `std::mem::drop` with a reference instead of an owned value does nothing
     --> src/player/mod.rs:10816:5
      |
10816 |     drop(member);
      |     ^^^^^------^
      |          |
      |          argument has type `&player::cast_member::CastMember`
      |
      = note: `#[warn(dropping_references)]` on by default
help: use `let _ = ...` to ignore the expression or result
      |
10816 -     drop(member);
10816 +     let _ = member;
      |

warning: unused return value of `clone` that must be used
  --> src/player/bytecode/expression_tracker.rs:93:21
   |
93 |                     self.push_expr(format!("CONST[{}]", literal_id)).clone();
   |                     ^^^^^^^^^^^^^^^^^^^^^^^^^^^^^^^^^^^^^^^^^^^^^^^^^^^^^^^^
   |
   = note: cloning is often expensive and is not expected to have side effects
help: use `let _ = ...` to ignore the resulting value
   |
93 |                     let _ = self.push_expr(format!("CONST[{}]", literal_id)).clone();
   |                     +++++++

warning: hiding a lifetime that's elided elsewhere is confusing
    --> src/player/cast_manager.rs:1009:30
     |
1009 |     pub fn get_movie_scripts(&self) -> Ref<Option<Vec<Rc<Script>>>> {
     |                              ^^^^^     ^^^^^^^^^^^^^^^^^^^^^^^^^^^^ the same lifetime is hidden here
     |                              |
     |                              the lifetime is elided here
     |
     = help: the same lifetime is referred to in inconsistent ways, making the signature confusing
     = note: `#[warn(mismatched_lifetime_syntaxes)]` on by default
help: use `'_` for type paths
     |
1009 |     pub fn get_movie_scripts(&self) -> Ref<'_, Option<Vec<Rc<Script>>>> {
     |                                            +++

warning: unused `Result` that must be used
    --> src/player/commands.rs:3901:17
     |
3901 | /                 player_invoke_frame_and_movie_scripts(
3902 | |                     Symbol::builtin(BuiltInSymbol::MouseUp),
3903 | |                     &vec![]
3904 | |                 ).await;
     | |_______________________^
     |
     = note: this `Result` may be an `Err` variant, which should be handled
help: use `let _ = ...` to ignore the resulting value
     |
3901 |                 let _ = player_invoke_frame_and_movie_scripts(
     |                 +++++++

warning: unused `Result` that must be used
    --> src/player/commands.rs:4081:17
     |
4081 | /                 player_invoke_frame_and_movie_scripts(
4082 | |                     Symbol::builtin(BuiltInSymbol::RightMouseDown),
4083 | |                     &vec![],
4084 | |                 ).await;
     | |_______________________^
     |
     = note: this `Result` may be an `Err` variant, which should be handled
help: use `let _ = ...` to ignore the resulting value
     |
4081 |                 let _ = player_invoke_frame_and_movie_scripts(
     |                 +++++++

warning: unused `Result` that must be used
    --> src/player/commands.rs:4101:17
     |
4101 | /                 player_invoke_frame_and_movie_scripts(
4102 | |                     Symbol::builtin(BuiltInSymbol::RightMouseUp),
4103 | |                     &vec![],
4104 | |                 ).await;
     | |_______________________^
     |
     = note: this `Result` may be an `Err` variant, which should be handled
help: use `let _ = ...` to ignore the resulting value
     |
4101 |                 let _ = player_invoke_frame_and_movie_scripts(
     |                 +++++++

warning: calls to `std::mem::drop` with a reference instead of an owned value does nothing
   --> src/player/handlers/datum_handlers/cast_member/field.rs:143:17
    |
143 |                 drop(field);
    |                 ^^^^^-----^
    |                      |
    |                      argument has type `&FieldMember`
    |
help: use `let _ = ...` to ignore the expression or result
    |
143 -                 drop(field);
143 +                 let _ = field;
    |

warning: calls to `std::mem::drop` with a reference instead of an owned value does nothing
   --> src/player/handlers/datum_handlers/cast_member/field.rs:144:17
    |
144 |                 drop(member);
    |                 ^^^^^------^
    |                      |
    |                      argument has type `&player::cast_member::CastMember`
    |
help: use `let _ = ...` to ignore the expression or result
    |
144 -                 drop(member);
144 +                 let _ = member;
    |

warning: calls to `std::mem::drop` with a reference instead of an owned value does nothing
   --> src/player/handlers/datum_handlers/cast_member/havok.rs:278:17
    |
278 |                 drop(member);  // Release borrow
    |                 ^^^^^------^
    |                      |
    |                      argument has type `&player::cast_member::CastMember`
    |
help: use `let _ = ...` to ignore the expression or result
    |
278 -                 drop(member);  // Release borrow
278 +                 let _ = member;  // Release borrow
    |

warning: calls to `std::mem::drop` with a value that implements `Copy` does nothing
   --> src/player/handlers/datum_handlers/cast_member/havok.rs:546:13
    |
546 |             drop(member);
    |             ^^^^^------^
    |                  |
    |                  argument has type `std::option::Option<&player::cast_member::CastMember>`
    |
    = note: `#[warn(dropping_copy_types)]` on by default
help: use `let _ = ...` to ignore the expression or result
    |
546 -             drop(member);
546 +             let _ = member;
    |

warning: calls to `std::mem::drop` with a reference instead of an owned value does nothing
    --> src/player/handlers/datum_handlers/cast_member/havok.rs:1377:9
     |
1377 |         drop(member);
     |         ^^^^^------^
     |              |
     |              argument has type `&mut player::cast_member::CastMember`
     |
help: use `let _ = ...` to ignore the expression or result
     |
1377 -         drop(member);
1377 +         let _ = member;
     |

warning: calls to `std::mem::drop` with a reference instead of an owned value does nothing
    --> src/player/handlers/datum_handlers/cast_member/havok.rs:1427:9
     |
1427 |         drop(member);
     |         ^^^^^------^
     |              |
     |              argument has type `&mut player::cast_member::CastMember`
     |
help: use `let _ = ...` to ignore the expression or result
     |
1427 -         drop(member);
1427 +         let _ = member;
     |

warning: calls to `std::mem::drop` with a reference instead of an owned value does nothing
   --> src/player/handlers/datum_handlers/cast_member_ref.rs:637:21
    |
637 |                     drop(player);
    |                     ^^^^^------^
    |                          |
    |                          argument has type `&mut DirPlayer`
    |
help: use `let _ = ...` to ignore the expression or result
    |
637 -                     drop(player);
637 +                     let _ = player;
    |

warning: calls to `std::mem::drop` with a reference instead of an owned value does nothing
   --> src/player/handlers/datum_handlers/cast_member_ref.rs:638:21
    |
638 |                     drop(symbols);
    |                     ^^^^^-------^
    |                          |
    |                          argument has type `&mut SymbolTable`
    |
help: use `let _ = ...` to ignore the expression or result
    |
638 -                     drop(symbols);
638 +                     let _ = symbols;
    |

warning: calls to `std::mem::drop` with a reference instead of an owned value does nothing
   --> src/player/handlers/datum_handlers/cast_member_ref.rs:860:13
    |
860 |             drop(cast_member);
    |             ^^^^^-----------^
    |                  |
    |                  argument has type `&player::cast_member::CastMember`
    |
help: use `let _ = ...` to ignore the expression or result
    |
860 -             drop(cast_member);
860 +             let _ = cast_member;
    |

warning: unused `Result` that must be used
   --> src/player/handlers/datum_handlers/sound_channel.rs:846:9
    |
846 |         channel.set_volume(vol);
    |         ^^^^^^^^^^^^^^^^^^^^^^^
    |
    = note: this `Result` may be an `Err` variant, which should be handled
help: use `let _ = ...` to ignore the resulting value
    |
846 |         let _ = channel.set_volume(vol);
    |         +++++++

warning: unused `Result` that must be used
   --> src/player/handlers/datum_handlers/sound_channel.rs:857:9
    |
857 |         channel.set_pan(pan);
    |         ^^^^^^^^^^^^^^^^^^^^
    |
    = note: this `Result` may be an `Err` variant, which should be handled
help: use `let _ = ...` to ignore the resulting value
    |
857 |         let _ = channel.set_pan(pan);
    |         +++++++

warning: unused `Promise` that must be used
    --> src/player/handlers/datum_handlers/sound_channel.rs:1117:9
     |
1117 | /         self.context
1118 | |             .resume()
1119 | |             .map_err(|e| format!("Failed to resume context: {:?}", e))?;
     | |_______________________________________________________________________^
     |
help: use `let _ = ...` to ignore the resulting value
     |
1117 |         let _ = self.context
     |         +++++++

warning: unused `Result` that must be used
    --> src/player/handlers/datum_handlers/sound_channel.rs:1311:9
     |
1311 | /         crate::js_api::JsApi::dispatch_debug_message(&serde_json::json!({
1312 | |             "event": "sound-playback-started", "schema_version": 1,
1313 | |             "channel": self.channel_num + 1, "member": self.playback_member_name,
1314 | |             "playback_rate": self.playback_rate, "buffer_duration": buffer_duration,
1315 | |             "loop_count": self.loop_count,
1316 | |         }).to_string());
     | |_______________________^
     |
     = note: this `Result` may be an `Err` variant, which should be handled
help: use `let _ = ...` to ignore the resulting value
     |
1311 |         let _ = crate::js_api::JsApi::dispatch_debug_message(&serde_json::json!({
     |         +++++++

warning: unused `Promise` that must be used
    --> src/player/handlers/datum_handlers/sound_channel.rs:3465:9
     |
3465 | /         audio.play().map_err(|e| {
3466 | |             error!("Failed to play audio: {:?}", e);
3467 | |             e
3468 | |         })?;
     | |___________^
     |
help: use `let _ = ...` to ignore the resulting value
     |
3465 |         let _ = audio.play().map_err(|e| {
     |         +++++++

warning: unused `Result` that must be used
    --> src/player/handlers/datum_handlers/sound_channel.rs:3954:13
     |
3954 |             self.set_volume(self.fade_target_volume);
     |             ^^^^^^^^^^^^^^^^^^^^^^^^^^^^^^^^^^^^^^^^
     |
     = note: this `Result` may be an `Err` variant, which should be handled
help: use `let _ = ...` to ignore the resulting value
     |
3954 |             let _ = self.set_volume(self.fade_target_volume);
     |             +++++++

warning: unused `Result` that must be used
    --> src/player/handlers/datum_handlers/sound_channel.rs:3964:13
     |
3964 |             self.set_volume(new_volume);
     |             ^^^^^^^^^^^^^^^^^^^^^^^^^^^
     |
     = note: this `Result` may be an `Err` variant, which should be handled
help: use `let _ = ...` to ignore the resulting value
     |
3964 |             let _ = self.set_volume(new_volume);
     |             +++++++

warning: unused `Promise` that must be used
    --> src/player/handlers/datum_handlers/sound_channel.rs:4369:13
     |
4369 |             audio.play()?;
     |             ^^^^^^^^^^^^^
     |
help: use `let _ = ...` to ignore the resulting value
     |
4369 |             let _ = audio.play()?;
     |             +++++++

warning: calls to `std::mem::drop` with a value that implements `Copy` does nothing
   --> src/player/mcp.rs:701:13
    |
701 |             drop(lctx);
    |             ^^^^^----^
    |                  |
    |                  argument has type `std::option::Option<&ScriptContext>`
    |
help: use `let _ = ...` to ignore the expression or result
    |
701 -             drop(lctx);
701 +             let _ = lctx;
    |

warning: calls to `std::mem::drop` with a value that implements `Copy` does nothing
   --> src/player/mcp.rs:869:5
    |
869 |     drop(lctx);
    |     ^^^^^----^
    |          |
    |          argument has type `std::option::Option<&ScriptContext>`
    |
help: use `let _ = ...` to ignore the expression or result
    |
869 -     drop(lctx);
869 +     let _ = lctx;
    |

warning: call to `.clone()` on a reference in this situation does nothing
  --> src/player/net_task.rs:54:21
   |
54 |             url: url.clone().to_owned(),
   |                     ^^^^^^^^ help: remove this redundant call
   |
   = note: the type `str` does not implement `Clone`, so calling `clone` on `&str` copies the reference, which does not do anything and can be removed
   = note: `#[warn(noop_method_call)]` on by default

warning: hiding a lifetime that's elided elsewhere is confusing
   --> src/player/script.rs:118:24
    |
118 |     pub fn get_handler(&self, name: Symbol) -> Option<ScriptHandlerRefDef> {
    |                        ^^^^^                          ^^^^^^^^^^^^^^^^^^^ the same lifetime is hidden here
    |                        |
    |                        the lifetime is elided here
    |
    = help: the same lifetime is referred to in inconsistent ways, making the signature confusing
help: use `'_` for type paths
    |
118 |     pub fn get_handler(&self, name: Symbol) -> Option<ScriptHandlerRefDef<'_>> {
    |                                                                          ++++

warning: calls to `std::mem::drop` with a reference instead of an owned value does nothing
    --> src/player/script.rs:1329:21
     |
1329 |                     drop(member);
     |                     ^^^^^------^
     |                          |
     |                          argument has type `&player::cast_member::CastMember`
     |
help: use `let _ = ...` to ignore the expression or result
     |
1329 -                     drop(member);
1329 +                     let _ = member;
     |

warning: use of `async fn` in public traits is discouraged as auto trait bounds cannot be specified
   --> src/player/testing_shared/mod.rs:273:5
    |
273 |     async fn load_movie(&mut self, locator: &str);
    |     ^^^^^
    |
    = note: you can suppress this lint if you plan to use the trait only in your own code, or do not care about auto traits like `Send` on the `Future`
    = note: `#[warn(async_fn_in_trait)]` on by default
help: you can alternatively desugar to a normal `fn` that returns `impl Future` and add any desired bounds such as `Send`, but these cannot be relaxed without a breaking API change
    |
273 -     async fn load_movie(&mut self, locator: &str);
273 +     fn load_movie(&mut self, locator: &str) -> impl std::future::Future<Output = ()> + Send;
    |

warning: use of `async fn` in public traits is discouraged as auto trait bounds cannot be specified
   --> src/player/testing_shared/mod.rs:277:5
    |
277 |     async fn step_frame(&mut self) -> bool;
    |     ^^^^^
    |
    = note: you can suppress this lint if you plan to use the trait only in your own code, or do not care about auto traits like `Send` on the `Future`
help: you can alternatively desugar to a normal `fn` that returns `impl Future` and add any desired bounds such as `Send`, but these cannot be relaxed without a breaking API change
    |
277 -     async fn step_frame(&mut self) -> bool;
277 +     fn step_frame(&mut self) -> impl std::future::Future<Output = bool> + Send;
    |

warning: use of `async fn` in public traits is discouraged as auto trait bounds cannot be specified
   --> src/player/testing_shared/mod.rs:284:5
    |
284 |     async fn init_movie(&mut self) {
    |     ^^^^^
    |
    = note: you can suppress this lint if you plan to use the trait only in your own code, or do not care about auto traits like `Send` on the `Future`
help: you can alternatively desugar to a normal `fn` that returns `impl Future` and add any desired bounds such as `Send`, but these cannot be relaxed without a breaking API change
    |
284 ~     fn init_movie(&mut self) -> impl std::future::Future<Output = ()> + Send {async {
285 |         log_test_action("Init movie");
...
292 |         .unwrap_or_else(|error| panic!("movie initialization failed: {}", error));
293 ~     } }
    |

warning: use of `async fn` in public traits is discouraged as auto trait bounds cannot be specified
   --> src/player/testing_shared/mod.rs:295:5
    |
295 |     async fn step_frames(&mut self, n: usize) {
    |     ^^^^^
    |
    = note: you can suppress this lint if you plan to use the trait only in your own code, or do not care about auto traits like `Send` on the `Future`
help: you can alternatively desugar to a normal `fn` that returns `impl Future` and add any desired bounds such as `Send`, but these cannot be relaxed without a breaking API change
    |
295 ~     fn step_frames(&mut self, n: usize) -> impl std::future::Future<Output = ()> + Send {async {
296 |         log_test_action(&format!("Step {} frames", n));
...
301 |         }
302 ~     } }
    |

warning: use of `async fn` in public traits is discouraged as auto trait bounds cannot be specified
   --> src/player/testing_shared/mod.rs:304:5
    |
304 |     async fn eval(&self, command: &str) -> Result<DatumRef, ScriptError> {
    |     ^^^^^
    |
    = note: you can suppress this lint if you plan to use the trait only in your own code, or do not care about auto traits like `Send` on the `Future`
help: you can alternatively desugar to a normal `fn` that returns `impl Future` and add any desired bounds such as `Send`, but these cannot be relaxed without a breaking API change
    |
304 ~     fn eval(&self, command: &str) -> impl std::future::Future<Output = Result<DatumRef, ScriptError>> + Send {async {
305 |         crate::player::eval_lingo_command_owned(
...
311 |         .await
312 ~     } }
    |

warning: use of `async fn` in public traits is discouraged as auto trait bounds cannot be specified
   --> src/player/testing_shared/mod.rs:314:5
    |
314 |     async fn eval_datum(&self, command: &str) -> Result<StaticDatum, ScriptError> {
    |     ^^^^^
    |
    = note: you can suppress this lint if you plan to use the trait only in your own code, or do not care about auto traits like `Send` on the `Future`
help: you can alternatively desugar to a normal `fn` that returns `impl Future` and add any desired bounds such as `Send`, but these cannot be relaxed without a breaking API change
    |
314 ~     fn eval_datum(&self, command: &str) -> impl std::future::Future<Output = Result<StaticDatum, ScriptError>> + Send {async {
315 |         let result = self.eval(command).await?;
...
318 |             .unwrap_or_else(|| Err(ScriptError::new("harness player was replaced".to_owned())))
319 ~     } }
    |

warning: use of `async fn` in public traits is discouraged as auto trait bounds cannot be specified
   --> src/player/testing_shared/mod.rs:377:5
    |
377 |     async fn sprite_visibility(&self, sprite_num: usize) -> f64 {
    |     ^^^^^
    |
    = note: you can suppress this lint if you plan to use the trait only in your own code, or do not care about auto traits like `Send` on the `Future`
help: you can alternatively desugar to a normal `fn` that returns `impl Future` and add any desired bounds such as `Send`, but these cannot be relaxed without a breaking API change
    |
377 ~     fn sprite_visibility(&self, sprite_num: usize) -> impl std::future::Future<Output = f64> + Send {async {
378 |         let (stage_w, stage_h) = self.harness_runtime().with_context(|context| {
...
396 |         }
397 ~     } }
    |

warning: use of `async fn` in public traits is discouraged as auto trait bounds cannot be specified
   --> src/player/testing_shared/mod.rs:413:5
    |
413 |     async fn click(&mut self, x: i32, y: i32) {
    |     ^^^^^
    |
    = note: you can suppress this lint if you plan to use the trait only in your own code, or do not care about auto traits like `Send` on the `Future`
help: you can alternatively desugar to a normal `fn` that returns `impl Future` and add any desired bounds such as `Send`, but these cannot be relaxed without a breaking API change
    |
413 ~     fn click(&mut self, x: i32, y: i32) -> impl std::future::Future<Output = ()> + Send {async {
414 |         log_test_action(&format!("Click ({}, {})", x, y));
...
427 |         let _ = self.harness_runtime().dispatch(PlayerVMCommand::MouseUp((x, y))).await;
428 ~     } }
    |

warning: use of `async fn` in public traits is discouraged as auto trait bounds cannot be specified
   --> src/player/testing_shared/mod.rs:430:5
    |
430 |     async fn mouse_down(&mut self, x: i32, y: i32) {
    |     ^^^^^
    |
    = note: you can suppress this lint if you plan to use the trait only in your own code, or do not care about auto traits like `Send` on the `Future`
help: you can alternatively desugar to a normal `fn` that returns `impl Future` and add any desired bounds such as `Send`, but these cannot be relaxed without a breaking API change
    |
430 ~     fn mouse_down(&mut self, x: i32, y: i32) -> impl std::future::Future<Output = ()> + Send {async {
431 |         self.harness_runtime().with_context(|context| {
...
436 |         let _ = self.harness_runtime().dispatch(PlayerVMCommand::MouseDown((x, y))).await;
437 ~     } }
    |

warning: use of `async fn` in public traits is discouraged as auto trait bounds cannot be specified
   --> src/player/testing_shared/mod.rs:439:5
    |
439 |     async fn mouse_up(&mut self, x: i32, y: i32) {
    |     ^^^^^
    |
    = note: you can suppress this lint if you plan to use the trait only in your own code, or do not care about auto traits like `Send` on the `Future`
help: you can alternatively desugar to a normal `fn` that returns `impl Future` and add any desired bounds such as `Send`, but these cannot be relaxed without a breaking API change
    |
439 ~     fn mouse_up(&mut self, x: i32, y: i32) -> impl std::future::Future<Output = ()> + Send {async {
440 |         self.harness_runtime().with_context(|context| {
...
445 |         let _ = self.harness_runtime().dispatch(PlayerVMCommand::MouseUp((x, y))).await;
446 ~     } }
    |

warning: use of `async fn` in public traits is discouraged as auto trait bounds cannot be specified
   --> src/player/testing_shared/mod.rs:448:5
    |
448 |     async fn mouse_move(&mut self, x: i32, y: i32) {
    |     ^^^^^
    |
    = note: you can suppress this lint if you plan to use the trait only in your own code, or do not care about auto traits like `Send` on the `Future`
help: you can alternatively desugar to a normal `fn` that returns `impl Future` and add any desired bounds such as `Send`, but these cannot be relaxed without a breaking API change
    |
448 ~     fn mouse_move(&mut self, x: i32, y: i32) -> impl std::future::Future<Output = ()> + Send {async {
449 |         self.harness_runtime().with_context(|context| {
...
453 |         let _ = self.harness_runtime().dispatch(PlayerVMCommand::MouseMove((x, y))).await;
454 ~     } }
    |

warning: use of `async fn` in public traits is discouraged as auto trait bounds cannot be specified
   --> src/player/testing_shared/mod.rs:456:5
    |
456 |     async fn key_down(&mut self, key: &str, code: u16) {
    |     ^^^^^
    |
    = note: you can suppress this lint if you plan to use the trait only in your own code, or do not care about auto traits like `Send` on the `Future`
help: you can alternatively desugar to a normal `fn` that returns `impl Future` and add any desired bounds such as `Send`, but these cannot be relaxed without a breaking API change
    |
456 ~     fn key_down(&mut self, key: &str, code: u16) -> impl std::future::Future<Output = ()> + Send {async {
457 |         self.harness_runtime().with_context(|context| {
...
461 |         let _ = self.harness_runtime().dispatch(PlayerVMCommand::KeyDown(key.to_string(), code)).await;
462 ~     } }
    |

warning: use of `async fn` in public traits is discouraged as auto trait bounds cannot be specified
   --> src/player/testing_shared/mod.rs:464:5
    |
464 |     async fn key_up(&mut self, key: &str, code: u16) {
    |     ^^^^^
    |
    = note: you can suppress this lint if you plan to use the trait only in your own code, or do not care about auto traits like `Send` on the `Future`
help: you can alternatively desugar to a normal `fn` that returns `impl Future` and add any desired bounds such as `Send`, but these cannot be relaxed without a breaking API change
    |
464 ~     fn key_up(&mut self, key: &str, code: u16) -> impl std::future::Future<Output = ()> + Send {async {
465 |         self.harness_runtime().with_context(|context| {
...
469 |         let _ = self.harness_runtime().dispatch(PlayerVMCommand::KeyUp(key.to_string(), code)).await;
470 ~     } }
    |

warning: use of `async fn` in public traits is discouraged as auto trait bounds cannot be specified
   --> src/player/testing_shared/mod.rs:472:5
    |
472 |     async fn key_press(&mut self, key: &str, code: u16) {
    |     ^^^^^
    |
    = note: you can suppress this lint if you plan to use the trait only in your own code, or do not care about auto traits like `Send` on the `Future`
help: you can alternatively desugar to a normal `fn` that returns `impl Future` and add any desired bounds such as `Send`, but these cannot be relaxed without a breaking API change
    |
472 ~     fn key_press(&mut self, key: &str, code: u16) -> impl std::future::Future<Output = ()> + Send {async {
473 |         log_test_action(&format!("Key press"));
...
476 |         self.key_up(key, code).await;
477 ~     } }
    |

warning: use of `async fn` in public traits is discouraged as auto trait bounds cannot be specified
   --> src/player/testing_shared/mod.rs:479:5
    |
479 |     async fn type_text(&mut self, text: &str) {
    |     ^^^^^
    |
    = note: you can suppress this lint if you plan to use the trait only in your own code, or do not care about auto traits like `Send` on the `Future`
help: you can alternatively desugar to a normal `fn` that returns `impl Future` and add any desired bounds such as `Send`, but these cannot be relaxed without a breaking API change
    |
479 ~     fn type_text(&mut self, text: &str) -> impl std::future::Future<Output = ()> + Send {async {
480 |         log_test_action(&format!("Type: {:?}", text.chars().map(|_| '*').collect::<String>()));
...
483 |         }
484 ~     } }
    |

warning: use of `async fn` in public traits is discouraged as auto trait bounds cannot be specified
   --> src/player/testing_shared/mod.rs:487:5
    |
487 |     async fn sprite_rect(&self, sprite_num: usize) -> Result<(i32, i32, i32, i32), String> {
    |     ^^^^^
    |
    = note: you can suppress this lint if you plan to use the trait only in your own code, or do not care about auto traits like `Send` on the `Future`
help: you can alternatively desugar to a normal `fn` that returns `impl Future` and add any desired bounds such as `Send`, but these cannot be relaxed without a breaking API change
    |
487 ~     fn sprite_rect(&self, sprite_num: usize) -> impl std::future::Future<Output = Result<(i32, i32, i32, i32), String>> + Send {async {
488 |         let rect = self.eval_datum(&format!("sprite({}).rect", sprite_num)).await?;
...
492 |         }
493 ~     } }
    |

warning: use of `async fn` in public traits is discouraged as auto trait bounds cannot be specified
   --> src/player/testing_shared/mod.rs:502:5
    |
502 |     async fn snapshot_sprite(&self, query: impl Into<SpriteQuery>) -> Result<SnapshotOutput, String> {
    |     ^^^^^
    |
    = note: you can suppress this lint if you plan to use the trait only in your own code, or do not care about auto traits like `Send` on the `Future`
help: you can alternatively desugar to a normal `fn` that returns `impl Future` and add any desired bounds such as `Send`, but these cannot be relaxed without a breaking API change
    |
502 ~     fn snapshot_sprite(&self, query: impl Into<SpriteQuery>) -> impl std::future::Future<Output = Result<SnapshotOutput, String>> + Send {async {
503 |         let query = query.into();
...
507 |         Ok(self.snapshot_stage().crop(l, t, r, b))
508 ~     } }
    |

warning: use of `async fn` in public traits is discouraged as auto trait bounds cannot be specified
   --> src/player/testing_shared/mod.rs:517:5
    |
517 |     async fn snapshot_sprite_isolated(&self, query: impl Into<SpriteQuery>) -> Result<SnapshotOutput, String> {
    |     ^^^^^
    |
    = note: you can suppress this lint if you plan to use the trait only in your own code, or do not care about auto traits like `Send` on the `Future`
help: you can alternatively desugar to a normal `fn` that returns `impl Future` and add any desired bounds such as `Send`, but these cannot be relaxed without a breaking API change
    |
517 ~     fn snapshot_sprite_isolated(&self, query: impl Into<SpriteQuery>) -> impl std::future::Future<Output = Result<SnapshotOutput, String>> + Send {async {
518 |         // Default: fall back to the crop approach. Browser harness overrides
519 |         // this with a true isolated render.
520 |         self.snapshot_sprite(query).await
521 ~     } }
    |

warning: use of `async fn` in public traits is discouraged as auto trait bounds cannot be specified
   --> src/player/testing_shared/mod.rs:530:5
    |
530 |     async fn click_sprite(&mut self, query: impl Into<SpriteQuery>) -> Result<(), String> {
    |     ^^^^^
    |
    = note: you can suppress this lint if you plan to use the trait only in your own code, or do not care about auto traits like `Send` on the `Future`
help: you can alternatively desugar to a normal `fn` that returns `impl Future` and add any desired bounds such as `Send`, but these cannot be relaxed without a breaking API change
    |
530 ~     fn click_sprite(&mut self, query: impl Into<SpriteQuery>) -> impl std::future::Future<Output = Result<(), String>> + Send {async {
531 |         let query = query.into();
...
537 |         Ok(())
538 ~     } }
    |

warning: use of `async fn` in public traits is discouraged as auto trait bounds cannot be specified
   --> src/player/testing_shared/mod.rs:545:5
    |
545 |     async fn click_sprite_at(&mut self, query: impl Into<SpriteQuery>, dx: i32, dy: i32) -> Result<(), String> {
    |     ^^^^^
    |
    = note: you can suppress this lint if you plan to use the trait only in your own code, or do not care about auto traits like `Send` on the `Future`
help: you can alternatively desugar to a normal `fn` that returns `impl Future` and add any desired bounds such as `Send`, but these cannot be relaxed without a breaking API change
    |
545 ~     fn click_sprite_at(&mut self, query: impl Into<SpriteQuery>, dx: i32, dy: i32) -> impl std::future::Future<Output = Result<(), String>> + Send {async {
546 |         let query = query.into();
...
552 |         Ok(())
553 ~     } }
    |

For more information about this error, try `rustc --explain E0133`.
warning: `vm-rust` (lib) generated 857 warnings (run `cargo fix --lib -p vm-rust` to apply 566 suggestions)
warning: unused import: `datum`
 --> tests/e2e/sulake/shared.rs:2:47
  |
2 | use vm_rust::player::testing_shared::{sprite, datum, SnapshotContext, TestHarness};
  |                                               ^^^^^
  |
  = note: `#[warn(unused_imports)]` (part of `#[warn(unused)]`) on by default

warning: unused import: `sprite`
 --> tests/e2e/sulake/v31.rs:2:81
  |
2 | use vm_rust::player::testing_shared::{SnapshotContext, TestConfig, TestHarness, sprite};
  |                                                                                 ^^^^^^

warning: unused doc comment
 --> tests/e2e/dirplayer_test_movies/multiuser.rs:3:1
  |
3 | / /// Exercises the browser WebSocket executor through the real owner-bound
4 | | /// prepare/execute/install path. The Playwright runner starts the loopback
5 | | /// Bun server and publishes its URL before the wasm test module loads.
  | |_----------------------------------------------------------------------^
  |   |
  |   rustdoc does not generate documentation for macro invocations
  |
  = help: to document an item produced by a macro, the macro must produce the documentation as part of its expansion
  = note: `#[warn(unused_doc_comments)]` (part of `#[warn(unused)]`) on by default

warning: unused doc comment
 --> tests/e2e/dirplayer_test_movies/sysmenu.rs:3:1
  |
3 | / /// Exercises SysMenu Print/MessageBox through the real global-dispatch and
4 | | /// browser host boundary. The alert hook re-enters reset to prove stale
5 | | /// completions are rejected after the owner rotates.
  | |_----------------------------------------------------^
  |   |
  |   rustdoc does not generate documentation for macro invocations
  |
  = help: to document an item produced by a macro, the macro must produce the documentation as part of its expansion

warning: unused doc comment
 --> tests/e2e/dirplayer_test_movies/budapi.rs:3:1
  |
3 | / /// Exercises BudAPI MessageBox through the real global-dispatch and browser
4 | | /// host boundary. The mocked alert re-enters reset so a late completion cannot
5 | | /// mutate the replacement owner.
  | |_--------------------------------^
  |   |
  |   rustdoc does not generate documentation for macro invocations
  |
  = help: to document an item produced by a macro, the macro must produce the documentation as part of its expansion

warning: unused variable: `suite`
  --> tests/e2e/sulake/shared.rs:93:5
   |
93 |     suite: &str,
   |     ^^^^^ help: if this is intentional, prefix it with an underscore: `_suite`
   |
   = note: `#[warn(unused_variables)]` (part of `#[warn(unused)]`) on by default

warning: unused variable: `test_name`
  --> tests/e2e/sulake/shared.rs:94:5
   |
94 |     test_name: &str,
   |     ^^^^^^^^^ help: if this is intentional, prefix it with an underscore: `_test_name`

warning: unused variable: `movie_asset`
   --> tests/e2e/sulake/shared.rs:113:5
    |
113 |     movie_asset: &str,
    |     ^^^^^^^^^^^ help: if this is intentional, prefix it with an underscore: `_movie_asset`

warning: unused variable: `movie_asset`
   --> tests/e2e/sulake/shared.rs:139:5
    |
139 |     movie_asset: &str,
    |     ^^^^^^^^^^^ help: if this is intentional, prefix it with an underscore: `_movie_asset`

warning: `vm-rust` (test "mod") generated 9 warnings (run `cargo fix --test "mod" -p vm-rust` to apply 6 suggestions)
    Finished `release` profile [optimized] target(s) in 3m 19s

  ...r-review-build/target/browser_runner/flashPlayerManager.bundle.js  78.1kb

⚡ Done in 27ms
Generated test runner in /private/tmp/dirplayer-parser-review-build/target/browser_runner
Running Playwright tests...
[1A[2K[WebServer] (node:86645) Warning: The 'NO_COLOR' env is ignored due to the 'FORCE_COLOR' env being set.
[WebServer] (Use `node --trace-warnings ...` to show where the warning was created)


Running 1 test using 1 worker

[1A[2K(node:86647) Warning: The 'NO_COLOR' env is ignored due to the 'FORCE_COLOR' env being set.
(Use `node --trace-warnings ...` to show where the warning was created)


[1A[2K(node:86647) Warning: The 'NO_COLOR' env is ignored due to the 'FORCE_COLOR' env being set.
(Use `node --trace-warnings ...` to show where the warning was created)


[1A[2K[1/1] vm-rust/tests/browser/e2e.spec.ts:221:1 › browser e2e tests
[1A[2Kvm-rust/tests/browser/e2e.spec.ts:221:1 › browser e2e tests
[page] Failed to load resource: the server responded with a status of 404 (Not Found)

[1A[2K[page] Module loaded. Running tests...

[1A[2K[page] Loading system font: https://owned-fence.invalid/reset-rejected.png

[1A[2K[page] Loading system font: https://owned-fence.invalid/free-rejected.png

[1A[2K[page] Loading system font: https://owned-fence.invalid/reset-late-success.png

[1A[2K[page] Loading system font: https://owned-fence.invalid/free-late-success.png

[1A[2K[page] Loading system font: http://127.0.0.1:9237/assets/charmap-system.png

[1A[2K[page] ✓ test_generated_browser_player_handle_lifecycle_reentry

[1A[2K[page] Starting command loop

[1A[2K[page] Profiler report: Total: 0ns


[1A[2K[page] Profiler report: Total: 0ns


[1A[2K[page] Starting command loop

[1A[2K[page] Command loop stopped!

[1A[2K[page] Starting command loop

[1A[2K[page] Starting command loop

[1A[2K[page] Command loop stopped!

[1A[2K[page] Starting command loop

[1A[2K[page] Command loop stopped!

[1A[2K[page] Command loop stopped!

[1A[2K[page] Command loop stopped!

[1A[2K[page] ✓ test_browser_handle_flash_scripted_access_owner_capabilities

[1A[2K[page] Profiler report: Total: 0ns


[1A[2K[page] Starting command loop

[1A[2K[page] Command loop stopped!

[1A[2K[page] Starting command loop

[1A[2K[page] Profiler report: Total: 0ns


[1A[2K[page] Starting command loop

[1A[2K[page] Command loop stopped!

[1A[2K[page] Starting command loop

[1A[2K[page] Command loop stopped!

[1A[2K[page] Command loop stopped!

[1A[2K[page] ✓ test_browser_handle_nested_input

[1A[2K[page] Profiler report: Total: 0ns


[1A[2K[page] Starting command loop

[1A[2K[page] Command loop stopped!

[1A[2K[page] Starting command loop

[1A[2K[page] Starting command loop

[1A[2K[page] Starting command loop

[1A[2K[page] Profiler report: Total: 0ns


[1A[2K[page] owner notification callback failed: JsValue("browser host event sink is not bound")

[1A[2K[page] owner notification callback failed: JsValue("browser host event sink is not bound")

[1A[2K[page] owner notification callback failed: JsValue("browser host event sink is not bound")

[1A[2K[page] owner notification callback failed: JsValue("browser host event sink is not bound")

[1A[2K[page] owner notification callback failed: JsValue("browser host event sink is not bound")

[1A[2K[page] owner notification callback failed: JsValue("browser host event sink is not bound")

[1A[2K[page] Profiler report: Total: 0ns


[1A[2K[page] Profiler report: Total: 0ns


[1A[2K[page] Command loop stopped after recv (owner replaced or reset)

[1A[2K[page] Starting command loop

[1A[2K[page] Command loop stopped!

[1A[2K[page] Command loop stopped!

[1A[2K[page] Command loop stopped!

[1A[2K[page] ✓ test_browser_handle_public_play

[1A[2K[page] [.WebGL-0x114001d4400]GL Driver Message (OpenGL, Performance, GL_CLOSE_PATH_NV, High): GPU stall due to ReadPixels

[1A[2K[page] [.WebGL-0x114001d5600]GL Driver Message (OpenGL, Performance, GL_CLOSE_PATH_NV, High): GPU stall due to ReadPixels

[1A[2K[page] [.WebGL-0x114001d5000]GL Driver Message (OpenGL, Performance, GL_CLOSE_PATH_NV, High): GPU stall due to ReadPixels

[1A[2K[page] [.WebGL-0x114001d6200]GL Driver Message (OpenGL, Performance, GL_CLOSE_PATH_NV, High): GPU stall due to ReadPixels (this message will no longer repeat)

[1A[2K[page] ✓ test_browser_host_event_guard_drops_attempted_callback

[1A[2K[page] Starting command loop

[1A[2K[page] Profiler report: Total: 0ns


[1A[2K[page] Command loop stopped after recv (owner replaced or reset)

[1A[2K[page] Starting command loop

[1A[2K[page] Command loop stopped!

[1A[2K[page] ✓ test_browser_host_event_guard_handles_rebound_owner

[1A[2K[page] Starting command loop

[1A[2K[page] Starting command loop

[1A[2K[page] owner notification callback failed: JsValue(Error: test callback failure for 21:1:1
Error: test callback failure for 21:1:1
    at invokeBrowserHandleCallback (http://127.0.0.1:9237/dirplayer-js-api.js:33:11)
    at Object.onChannelChanged (http://127.0.0.1:9237/dirplayer-js-api.js:47:45)
    at onChannelChanged (http://127.0.0.1:9237/dirplayer-js-api-real.js:260:32)
    at onChannelChanged (http://127.0.0.1:9237/dirplayer-js-api.js:68:3)
    at http://127.0.0.1:9237/mod-aae4ecc3acebe171.js:4539:13
    at handleError (http://127.0.0.1:9237/mod-aae4ecc3acebe171.js:5439:18)
    at __wbg_onChannelChanged_890f6f102d872f75 (http://127.0.0.1:9237/mod-aae4ecc3acebe171.js:4538:70)
    at mod-aae4ecc3acebe171.wasm.vm_rust[546e91744c484fff]::js_api::onChannelChanged::__wbg_onChannelChanged_890f6f102d872f75 externref shim (http://127.0.0.1:9237/mod-aae4ecc3acebe171_bg.wasm:wasm-function[10164]:0xba00ff)
    at mod-aae4ecc3acebe171.wasm.<vm_rust[546e91744c484fff]::js_api::JsApi>::dispatch_player_notifications (http://127.0.0.1:9237/mod-aae4ecc3acebe171_bg.wasm:wasm-function[559]:0x2e85fb)
    at mod-aae4ecc3acebe171.wasm.<async_std[bc0d3c6dbe3a721e]::task::builder::SupportTaskLocals<<async_std[bc0d3c6dbe3a721e]::task::builder::Builder>::local<vm_rust[546e91744c484fff]::schedule_player_notification_drain::{closure#0}, ()>::{closure#0}> as core[ed718c3d60ebd546]::future::future::Future>::poll (http://127.0.0.1:9237/mod-aae4ecc3acebe171_bg.wasm:wasm-function[1786]:0x7a737a))

[1A[2K[page] detached browser notification delivery failed for owner 21:1:1: JsValue(Error: test callback failure for 21:1:1
Error: test callback failure for 21:1:1
    at invokeBrowserHandleCallback (http://127.0.0.1:9237/dirplayer-js-api.js:33:11)
    at Object.onChannelChanged (http://127.0.0.1:9237/dirplayer-js-api.js:47:45)
    at onChannelChanged (http://127.0.0.1:9237/dirplayer-js-api-real.js:260:32)
    at onChannelChanged (http://127.0.0.1:9237/dirplayer-js-api.js:68:3)
    at http://127.0.0.1:9237/mod-aae4ecc3acebe171.js:4539:13
    at handleError (http://127.0.0.1:9237/mod-aae4ecc3acebe171.js:5439:18)
    at __wbg_onChannelChanged_890f6f102d872f75 (http://127.0.0.1:9237/mod-aae4ecc3acebe171.js:4538:70)
    at mod-aae4ecc3acebe171.wasm.vm_rust[546e91744c484fff]::js_api::onChannelChanged::__wbg_onChannelChanged_890f6f102d872f75 externref shim (http://127.0.0.1:9237/mod-aae4ecc3acebe171_bg.wasm:wasm-function[10164]:0xba00ff)
    at mod-aae4ecc3acebe171.wasm.<vm_rust[546e91744c484fff]::js_api::JsApi>::dispatch_player_notifications (http://127.0.0.1:9237/mod-aae4ecc3acebe171_bg.wasm:wasm-function[559]:0x2e85fb)
    at mod-aae4ecc3acebe171.wasm.<async_std[bc0d3c6dbe3a721e]::task::builder::SupportTaskLocals<<async_std[bc0d3c6dbe3a721e]::task::builder::Builder>::local<vm_rust[546e91744c484fff]::schedule_player_notification_drain::{closure#0}, ()>::{closure#0}> as core[ed718c3d60ebd546]::future::future::Future>::poll (http://127.0.0.1:9237/mod-aae4ecc3acebe171_bg.wasm:wasm-function[1786]:0x7a737a))

[1A[2K[page] Profiler report: Total: 0ns


[1A[2K[page] Command loop stopped after recv (owner replaced or reset)

[1A[2K[page] Starting command loop

[1A[2K[page] Command loop stopped!

[1A[2K[page] Profiler report: Total: 0ns


[1A[2K[page] Command loop stopped after recv (owner replaced or reset)

[1A[2K[page] Starting command loop

[1A[2K[page] Command loop stopped!

[1A[2K[page] ✓ test_browser_player_handle_isolation

[1A[2K[page] Starting command loop

[1A[2K[page] owner notification callback failed: JsValue(Error: intentional host callback failure
Error: intentional host callback failure
    at eval (eval at __wbg_new_with_args_7bba34e94b1cfa40 (http://127.0.0.1:9237/mod-aae4ecc3acebe171.js:4468:25), <anonymous>:3:136)
    at http://127.0.0.1:9237/mod-aae4ecc3acebe171.js:3579:30
    at handleError (http://127.0.0.1:9237/mod-aae4ecc3acebe171.js:5439:18)
    at __wbg_call_812d25f1510c13c8 (http://127.0.0.1:9237/mod-aae4ecc3acebe171.js:3578:58)
    at mod-aae4ecc3acebe171.wasm.<js_sys[48a69b13fcce3c3a]::Function>::call2::__wbg_call_812d25f1510c13c8 externref shim (http://127.0.0.1:9237/mod-aae4ecc3acebe171_bg.wasm:wasm-function[9818]:0xb9d8ab)
    at mod-aae4ecc3acebe171.wasm.<vm_rust[546e91744c484fff]::js_api::JsApi>::dispatch_player_notifications (http://127.0.0.1:9237/mod-aae4ecc3acebe171_bg.wasm:wasm-function[559]:0x2e8c19)
    at mod-aae4ecc3acebe171.wasm.wasm_bindgen_futures[eecd984a8ac01dbb]::future_to_promise::<mod[91a73dd290ef67cf]::e2e::dirplayer_test_movies::browser_handle::_::__wasm_bindgen_generated_test_browser_player_host_tail_preservation::{closure#0}>::{closure#0}::{closure#0} (http://127.0.0.1:9237/mod-aae4ecc3acebe171_bg.wasm:wasm-function[892]:0x54afc6)
    at mod-aae4ecc3acebe171.wasm.<wasm_bindgen_futures[eecd984a8ac01dbb]::queue::Queue>::new::{closure#0} (http://127.0.0.1:9237/mod-aae4ecc3acebe171_bg.wasm:wasm-function[4718]:0xa69c7f)
    at mod-aae4ecc3acebe171.wasm.wasm_bindgen[c54cf3333bf0a11b]::convert::closures::_::invoke::<wasm_bindgen[c54cf3333bf0a11b]::JsValue, ()> (http://127.0.0.1:9237/mod-aae4ecc3acebe171_bg.wasm:wasm-function[9915]:0xb9e6ca)
    at mod-aae4ecc3acebe171.wasm.wasm_bindgen[c54cf3333bf0a11b]::convert::closures::_::invoke::<wasm_bindgen[c54cf3333bf0a11b]::JsValue, ()> externref shim (http://127.0.0.1:9237/mod-aae4ecc3acebe171_bg.wasm:wasm-function[10179]:0xba0256))

[1A[2K[page] Command loop stopped!

[1A[2K[page] ✓ test_browser_player_host_tail_preservation

[1A[2K[page] Profiler report: Total: 0ns


[1A[2K[page] Starting command loop

[1A[2K[page] Command loop stopped!

[1A[2K[page] Starting command loop

[1A[2K[page] Profiler report: Total: 0ns


[1A[2K[page] Command loop stopped after recv (owner replaced or reset)

[1A[2K[page] Starting command loop

[1A[2K[page] Profiler report: Total: 0ns


[1A[2K[page] Command loop stopped after recv (owner replaced or reset)

[1A[2K[page] Starting command loop

[1A[2K[page] Command loop stopped!

[1A[2K[page] ✓ test_budapi_host_effects

[1A[2K[page] Profiler report: Total: 0ns


[1A[2K[page] Starting command loop

[1A[2K[page] Command loop stopped!

[1A[2K[page] Starting command loop

[1A[2K[page] Command loop stopped!

[1A[2K[page] ✓ test_fileio_open_remote

[1A[2K[page] Profiler report: Total: 0ns


[1A[2K[page] Starting command loop

[1A[2K[page] Command loop stopped!

[1A[2K[page] Starting command loop

[1A[2K[page] Command loop stopped!

[1A[2K[page] ✓ test_flash_owned_evaluator_binding

[1A[2K[page] Profiler report: Total: 0ns


[1A[2K[page] Starting command loop

[1A[2K[page] Command loop stopped!

[1A[2K[page] Starting command loop

[1A[2K[page] Profiler report: Total: 0ns


[1A[2K[page] Starting command loop

[1A[2K[page] Command loop stopped!

[1A[2K[page] Starting command loop

[1A[2K[page] Profiler report: Total: 0ns


[1A[2K[page] Command loop stopped!

[1A[2K[page] Starting command loop

[1A[2K[page] Command loop stopped!

[1A[2K[page] Command loop stopped!

[1A[2K[page] ✓ test_multiuser_socket_lifecycle

[1A[2K[page] Profiler report: Total: 0ns


[1A[2K[page] Starting command loop

[1A[2K[page] Command loop stopped!

[1A[2K[page] Starting command loop

[1A[2K[page] Profiler report: Total: 0ns


[1A[2K[page] Command loop stopped after recv (owner replaced or reset)

[1A[2K[page] Starting command loop

[1A[2K[page] Command loop stopped!

[1A[2K[page] ✓ test_sysmenu_host_effects

[1A[2K[page] 

[1A[2K[page] 13 passed

[1A[2K✓ test_generated_browser_player_handle_lifecycle_reentry

[1A[2K✓ test_browser_handle_flash_scripted_access_owner_capabilities

[1A[2K✓ test_browser_handle_nested_input

[1A[2K✓ test_browser_handle_public_play

[1A[2K✓ test_browser_host_event_guard_drops_attempted_callback

[1A[2K✓ test_browser_host_event_guard_handles_rebound_owner

[1A[2K✓ test_browser_player_handle_isolation

[1A[2K✓ test_browser_player_host_tail_preservation

[1A[2K✓ test_budapi_host_effects

[1A[2K✓ test_fileio_open_remote

[1A[2K✓ test_flash_owned_evaluator_binding

[1A[2K✓ test_multiuser_socket_lifecycle

[1A[2K✓ test_sysmenu_host_effects

[1A[2K13 passed, 0 failed

[1A[2K  1 passed (3.6s)
Report written to /private/tmp/dirplayer-combined-reviewed-20260916/test-results/snapshot-report (1 suites, 0 changed, 1 snapshots)
