[baseline:browser:shapes] $ E2E_FILTER=dpt_shapes npm run e2e-test-browser -- -…

> app@0.8.1 e2e-test-browser
> node ./scripts/run-browser-tests.mjs --reporter=line

Building browser tests...
   Compiling vm-rust v0.1.0 (/Users/clliaw/Projects/dirplayer-rs/vm-rust)
warning: lint `static_mut_ref` has been renamed to `static_mut_refs`
 --> src/lib.rs:1:10
  |
1 | #![allow(static_mut_ref)]
  |          ^^^^^^^^^^^^^^ help: use the new name: `static_mut_refs`
  |
  = note: `#[warn(renamed_and_removed_lints)]` on by default

warning: unused import: `format_numeric_value`
  --> src/js_api.rs:22:94
   |
22 |         datum_formatting::{format_concrete_datum, format_datum, format_float_with_precision, format_numeric_value},
   |                                                                                              ^^^^^^^^^^^^^^^^^^^^
   |
   = note: `#[warn(unused_imports)]` (part of `#[warn(unused)]`) on by default

warning: unused import: `reserve_player_mut`
  --> src/player/bitmap/drawing.rs:11:160
   |
11 | ...BitmapFont, bitmap_font_copy_char}, geometry::IntRect, reserve_player_mut, sprite::{ColorRef, is_skew_flip}, symbols::builtin::Bu...
   |                                                           ^^^^^^^^^^^^^^^^^^

warning: unused import: `super::blend_pixel`
    --> src/player/bitmap/drawing.rs:4351:9
     |
4351 |     use super::blend_pixel;
     |         ^^^^^^^^^^^^^^^^^^
     |
help: if this is a test module, consider adding a `#[cfg(test)]` to the containing module
    --> src/player/bitmap/drawing.rs:4350:1
     |
4350 | mod ink_colour_tests {
     | ^^^^^^^^^^^^^^^^^^^^

warning: unused imports: `DatumType`, `PLAYER_OPT`, `player_call_script_handler_raw_args`, and `player_handle_scope_return`
 --> src/player/bytecode/flow_control.rs:2:37
  |
2 |     director::lingo::datum::{Datum, DatumType},
  |                                     ^^^^^^^^^
3 |     player::{
4 |         HandlerExecutionResult, PLAYER_OPT, ScriptError, compare::datum_is_zero, datum_formatting::format_datum, datum_ref::DatumRef,...
  |                                 ^^^^^^^^^^
5 |             player_call_datum_handler, script_instance::ScriptInstanceUtils,
6 |         }, player_call_script_handler_raw_args, player_ext_call, player_handle_scope_return, reserve_player_mut, reserve_player_ref, ...
  |            ^^^^^^^^^^^^^^^^^^^^^^^^^^^^^^^^^^^                   ^^^^^^^^^^^^^^^^^^^^^^^^^^

warning: unused imports: `PLAYER_OPT` and `get_current_handler_def`
  --> src/player/bytecode/get_set.rs:11:54
   |
11 | ...   DatumRef, DirPlayer, HandlerExecutionResult, PLAYER_OPT, ScriptError, allocator::{DatumAllocatorTrait, ScriptInstanceAllocator...
   |                                                    ^^^^^^^^^^
...
15 | ...       get_current_handler_def, get_obj_prop,
   |           ^^^^^^^^^^^^^^^^^^^^^^^

warning: unused import: `async_recursion::async_recursion`
 --> src/player/bytecode/handler_manager.rs:1:5
  |
1 | use async_recursion::async_recursion;
  |     ^^^^^^^^^^^^^^^^^^^^^^^^^^^^^^^^

warning: unused imports: `reserve_player_mut` and `trace_output`
  --> src/player/bytecode/handler_manager.rs:12:12
   |
12 |         }, reserve_player_mut, scope::ScopeRef, script::Script, symbols::symbol::Symbol, trace_output
   |            ^^^^^^^^^^^^^^^^^^                                                            ^^^^^^^^^^^^

warning: unused imports: `PLAYER_OPT`, `get_current_handler_def`, `get_current_script`, and `symbols::builtin::BuiltInSymbol`
 --> src/player/bytecode/stack.rs:5:43
  |
5 | ...t, PLAYER_OPT, ScriptError, context_vars::player_get_context_var, handlers::datum_handlers::script::ScriptDatumHandlers, reserve_player_mut, script::{get_current_handler_def, get_current_script, get_name}, symbols::builtin::BuiltInSymbol
  |       ^^^^^^^^^^                                                                                                                                         ^^^^^^^^^^^^^^^^^^^^^^^  ^^^^^^^^^^^^^^^^^^             ^^^^^^^^^^^^^^^^^^^^^^^^^^^^^^^

warning: unused import: `ci_string::CiString`
  --> src/player/cast_lib.rs:11:59
   |
11 |     }, js_api::JsApi, player::{cast_member::ScriptMember, ci_string::CiString, symbols::{builtin::BuiltInSymbol, symbol::Symbol}}, u...
   |                                                           ^^^^^^^^^^^^^^^^^^^

warning: unused import: `PLAYER_OPT`
  --> src/player/cast_lib.rs:30:18
   |
30 |     ScriptError, PLAYER_OPT,
   |                  ^^^^^^^^^^

warning: unused imports: `CiStr` and `CiString`
  --> src/player/cast_manager.rs:20:32
   |
20 | use crate::player::ci_string::{CiStr, CiString};
   |                                ^^^^^  ^^^^^^^^

warning: unused import: `web_sys::console`
   --> src/player/cast_manager.rs:857:13
    |
857 |         use web_sys::console;
    |             ^^^^^^^^^^^^^^^^

warning: unused import: `std::collections::HashMap`
 --> src/player/commands.rs:1:5
  |
1 | use std::collections::HashMap;
  |     ^^^^^^^^^^^^^^^^^^^^^^^^^

warning: unused import: `chrono::Local`
 --> src/player/commands.rs:6:5
  |
6 | use chrono::Local;
  |     ^^^^^^^^^^^^^

warning: unused import: `PLAYER_OPT`
  --> src/player/commands.rs:15:14
   |
15 |     player::{PLAYER_OPT, symbols::{builtin::BuiltInSymbol, symbol::Symbol}},
   |              ^^^^^^^^^^

warning: unused imports: `get_sprites_at`, `player_dispatch_event_to_sprite`, and `sprite_has_handler`
  --> src/player/commands.rs:25:41
   |
25 |         player_dispatch_callback_event, player_dispatch_event_to_sprite,
   |                                         ^^^^^^^^^^^^^^^^^^^^^^^^^^^^^^^
...
35 |         concrete_sprite_hit_test, get_concrete_sprite_rect, get_sprite_at, get_sprites_at,
   |                                                                            ^^^^^^^^^^^^^^
36 |         sprite_has_handler,
   |         ^^^^^^^^^^^^^^^^^^

warning: unused import: `allocator::DatumAllocatorTrait`
 --> src/player/datum_ref.rs:3:13
  |
3 | use super::{allocator::DatumAllocatorTrait, ownership::OwnerToken};
  |             ^^^^^^^^^^^^^^^^^^^^^^^^^^^^^^

warning: unused import: `crate::player::ci_string::CiStr`
   --> src/player/eval.rs:585:9
    |
585 |     use crate::player::ci_string::CiStr;
    |         ^^^^^^^^^^^^^^^^^^^^^^^^^^^^^^^

warning: unused import: `PLAYER_EVENT_TX`
  --> src/player/events.rs:17:5
   |
17 |     PLAYER_EVENT_TX, score::ScoreRef,
   |     ^^^^^^^^^^^^^^^

warning: unused import: `itertools::Itertools`
 --> src/player/handlers/datum_handlers/cast_member/field.rs:2:5
  |
2 | use itertools::Itertools;
  |     ^^^^^^^^^^^^^^^^^^^^

warning: unused import: `decompiler::TokenType::Builtin`
 --> src/player/handlers/datum_handlers/cast_member/text.rs:7:8
  |
7 |     }, decompiler::TokenType::Builtin}},
  |        ^^^^^^^^^^^^^^^^^^^^^^^^^^^^^^

warning: unused import: `std::collections::VecDeque`
 --> src/player/handlers/datum_handlers/cast_member_ref.rs:1:5
  |
1 | use std::collections::VecDeque;
  |     ^^^^^^^^^^^^^^^^^^^^^^^^^^

warning: unused import: `crate::symbol_match`
 --> src/player/handlers/datum_handlers/list_handlers.rs:8:5
  |
8 | use crate::symbol_match;
  |     ^^^^^^^^^^^^^^^^^^^

warning: unused import: `crate::PLAYER_OPT`
 --> src/player/handlers/datum_handlers/prop_list.rs:5:5
  |
5 | use crate::PLAYER_OPT;
  |     ^^^^^^^^^^^^^^^^^

warning: unused import: `builtin::BuiltInSymbol`
 --> src/player/handlers/datum_handlers/script.rs:6:299
  |
6 | ...for_script}, script_ref::ScriptInstanceRef, symbols::{builtin::BuiltInSymbol, symbol::Symbol}
  |                                                          ^^^^^^^^^^^^^^^^^^^^^^

warning: unused import: `cast_lib::CastMemberRef`
 --> src/player/handlers/datum_handlers/script_instance.rs:5:101
  |
5 | ...   DatumRef, DirPlayer, ScriptError, ScriptErrorCode, allocator::ScriptInstanceAllocatorTrait, cast_lib::CastMemberRef, handlers::...
  |                                                                                                   ^^^^^^^^^^^^^^^^^^^^^^^

warning: unused import: `wasm_bindgen_futures::spawn_local`
  --> src/player/handlers/datum_handlers/sound_channel.rs:35:5
   |
35 | use wasm_bindgen_futures::spawn_local;
   |     ^^^^^^^^^^^^^^^^^^^^^^^^^^^^^^^^^

warning: unused import: `crate::player::ci_string::CiString`
    --> src/player/handlers/datum_handlers/sprite.rs:1407:21
     |
1407 |                 use crate::player::ci_string::CiString;
     |                     ^^^^^^^^^^^^^^^^^^^^^^^^^^^^^^^^^^

warning: unused import: `log::warn`
 --> src/player/handlers/datum_handlers/string.rs:3:5
  |
3 | use log::warn;
  |     ^^^^^^^^^

warning: unnecessary braces around block return value
    --> src/player/handlers/datum_handlers/shockwave3d_object.rs:1732:50
     |
1732 | ...                   "loc" => { if let Some(v) = loc_vals { ov.loc = v; } },
     |                                ^^                                         ^^
     |
     = note: `#[warn(unused_braces)]` (part of `#[warn(unused)]`) on by default
help: remove these braces
     |
1732 -                                         "loc" => { if let Some(v) = loc_vals { ov.loc = v; } },
1732 +                                         "loc" => if let Some(v) = loc_vals { ov.loc = v; },
     |

warning: unnecessary braces around block return value
    --> src/player/handlers/datum_handlers/shockwave3d_object.rs:1736:55
     |
1736 | ...                   "regPoint" => { if let Some(v) = reg_vals { ov.reg_point = v; } },
     |                                     ^^                                               ^^
     |
help: remove these braces
     |
1736 -                                         "regPoint" => { if let Some(v) = reg_vals { ov.reg_point = v; } },
1736 +                                         "regPoint" => if let Some(v) = reg_vals { ov.reg_point = v; },
     |

warning: unused import: `crate::director::chunks::w3d::types::W3dNodeType`
    --> src/player/handlers/datum_handlers/shockwave3d_object.rs:4612:37
     |
4612 | ...                   use crate::director::chunks::w3d::types::W3dNodeType;
     |                           ^^^^^^^^^^^^^^^^^^^^^^^^^^^^^^^^^^^^^^^^^^^^^^^^

warning: unused import: `PhysXObjectRef`
  --> src/player/handlers/datum_handlers/physx_object.rs:11:48
   |
11 |     director::lingo::datum::{Datum, DatumType, PhysXObjectRef},
   |                                                ^^^^^^^^^^^^^^

warning: unnecessary braces around block return value
   --> src/player/handlers/datum_handlers/physx_object.rs:942:25
    |
942 | ...=> { if let Datum::Vector(v) = &value { c.anchor_a = *v; } else { return Err(ScriptError::new("Expected vector".to_string())); } },
    |       ^^                                                                                                                           ^^
    |
help: remove these braces
    |
942 -             "pointA" => { if let Datum::Vector(v) = &value { c.anchor_a = *v; } else { return Err(ScriptError::new("Expected vector".to_string())); } },
942 +             "pointA" => if let Datum::Vector(v) = &value { c.anchor_a = *v; } else { return Err(ScriptError::new("Expected vector".to_string())); },
    |

warning: unnecessary braces around block return value
   --> src/player/handlers/datum_handlers/physx_object.rs:943:25
    |
943 | ...=> { if let Datum::Vector(v) = &value { c.anchor_b = *v; } else { return Err(ScriptError::new("Expected vector".to_string())); } },
    |       ^^                                                                                                                           ^^
    |
help: remove these braces
    |
943 -             "pointB" => { if let Datum::Vector(v) = &value { c.anchor_b = *v; } else { return Err(ScriptError::new("Expected vector".to_string())); } },
943 +             "pointB" => if let Datum::Vector(v) = &value { c.anchor_b = *v; } else { return Err(ScriptError::new("Expected vector".to_string())); },
    |

warning: unnecessary braces around block return value
   --> src/player/handlers/datum_handlers/physx_object.rs:971:29
    |
971 |             "localAxisA" => { if let Datum::Vector(v) = &value { c.d6_local_axis_a = Some(*v); } },
    |                             ^^                                                                  ^^
    |
help: remove these braces
    |
971 -             "localAxisA" => { if let Datum::Vector(v) = &value { c.d6_local_axis_a = Some(*v); } },
971 +             "localAxisA" => if let Datum::Vector(v) = &value { c.d6_local_axis_a = Some(*v); },
    |

warning: unnecessary braces around block return value
   --> src/player/handlers/datum_handlers/physx_object.rs:972:31
    |
972 |             "localNormalA" => { if let Datum::Vector(v) = &value { c.d6_local_normal_a = Some(*v); } },
    |                               ^^                                                                    ^^
    |
help: remove these braces
    |
972 -             "localNormalA" => { if let Datum::Vector(v) = &value { c.d6_local_normal_a = Some(*v); } },
972 +             "localNormalA" => if let Datum::Vector(v) = &value { c.d6_local_normal_a = Some(*v); },
    |

warning: unnecessary braces around block return value
   --> src/player/handlers/datum_handlers/physx_object.rs:973:29
    |
973 |             "localAxisB" => { if let Datum::Vector(v) = &value { c.d6_local_axis_b = Some(*v); } },
    |                             ^^                                                                  ^^
    |
help: remove these braces
    |
973 -             "localAxisB" => { if let Datum::Vector(v) = &value { c.d6_local_axis_b = Some(*v); } },
973 +             "localAxisB" => if let Datum::Vector(v) = &value { c.d6_local_axis_b = Some(*v); },
    |

warning: unnecessary braces around block return value
   --> src/player/handlers/datum_handlers/physx_object.rs:974:31
    |
974 |             "localNormalB" => { if let Datum::Vector(v) = &value { c.d6_local_normal_b = Some(*v); } },
    |                               ^^                                                                    ^^
    |
help: remove these braces
    |
974 -             "localNormalB" => { if let Datum::Vector(v) = &value { c.d6_local_normal_b = Some(*v); } },
974 +             "localNormalB" => if let Datum::Vector(v) = &value { c.d6_local_normal_b = Some(*v); },
    |

warning: unnecessary braces around block return value
   --> src/player/handlers/datum_handlers/physx_object.rs:975:31
    |
975 |             "localAnchorA" => { if let Datum::Vector(v) = &value { c.d6_local_anchor_a = Some(*v); } },
    |                               ^^                                                                    ^^
    |
help: remove these braces
    |
975 -             "localAnchorA" => { if let Datum::Vector(v) = &value { c.d6_local_anchor_a = Some(*v); } },
975 +             "localAnchorA" => if let Datum::Vector(v) = &value { c.d6_local_anchor_a = Some(*v); },
    |

warning: unnecessary braces around block return value
   --> src/player/handlers/datum_handlers/physx_object.rs:976:31
    |
976 |             "localAnchorB" => { if let Datum::Vector(v) = &value { c.d6_local_anchor_b = Some(*v); } },
    |                               ^^                                                                    ^^
    |
help: remove these braces
    |
976 -             "localAnchorB" => { if let Datum::Vector(v) = &value { c.d6_local_anchor_b = Some(*v); } },
976 +             "localAnchorB" => if let Datum::Vector(v) = &value { c.d6_local_anchor_b = Some(*v); },
    |

warning: unused import: `warn`
 --> src/player/handlers/movie.rs:1:18
  |
1 | use log::{debug, warn, error};
  |                  ^^^^

warning: unused import: `itertools::Itertools`
 --> src/player/handlers/types.rs:2:5
  |
2 | use itertools::Itertools;
  |     ^^^^^^^^^^^^^^^^^^^^

warning: unused import: `ci_string::CiStr`
  --> src/player/handlers/types.rs:10:9
   |
10 |         ci_string::CiStr,
   |         ^^^^^^^^^^^^^^^^

warning: unused import: `JsArray`
  --> src/player/js_lingo/builtins.rs:20:20
   |
20 | use super::value::{JsArray, JsError, JsObject, JsValue, NativeFn};
   |                    ^^^^^^^

warning: unused import: `JsArrayRef`
  --> src/player/js_lingo/interpreter.rs:19:14
   |
19 |     JsArray, JsArrayRef, JsError, JsFunction, JsFunctionRef, JsObject, JsObjectRef, JsValue,
   |              ^^^^^^^^^^

warning: unused imports: `JsFunctionAtom` and `iter_ops`
  --> src/player/js_lingo/interpreter.rs:24:5
   |
24 |     iter_ops, JsAtom, JsBindingKind, JsFunctionAtom, JsFunctionBinding, JsScriptIR, JsTryNote,
   |     ^^^^^^^^                         ^^^^^^^^^^^^^^

warning: unused import: `std::collections::HashMap`
  --> src/player/js_lingo/value.rs:11:5
   |
11 | use std::collections::HashMap;
   |     ^^^^^^^^^^^^^^^^^^^^^^^^^

warning: unused import: `StubBridge`
  --> src/player/js_lingo_loader.rs:27:58
   |
27 | use crate::player::js_lingo::host_bridge::{JsHostBridge, StubBridge};
   |                                                          ^^^^^^^^^^

warning: unused import: `self`
 --> src/player/movie.rs:9:66
  |
9 |     }, player::{ColorRef, ScriptInstanceRef, symbols::{builtin::{self, BuiltInSymbol}, symbol::Symbol}}, reserve_player_mut, reserve_...
  |                                                                  ^^^^

warning: unused import: `fxhash::FxHashMap`
 --> src/player/scope.rs:1:5
  |
1 | use fxhash::FxHashMap;
  |     ^^^^^^^^^^^^^^^^^

warning: unused import: `PLAYER_OPT`
 --> src/player/scope.rs:9:15
  |
9 |     DatumRef, PLAYER_OPT,
  |               ^^^^^^^^^^

warning: unused imports: `CiStr` and `CiString`
  --> src/player/script.rs:14:24
   |
14 | use super::ci_string::{CiStr, CiString};
   |                        ^^^^^  ^^^^^^^^

warning: unused import: `cast_member::shockwave3d::Shockwave3dMemberHandlers`
  --> src/player/script.rs:32:13
   |
32 |             cast_member::shockwave3d::Shockwave3dMemberHandlers,
   |             ^^^^^^^^^^^^^^^^^^^^^^^^^^^^^^^^^^^^^^^^^^^^^^^^^^^

warning: unused import: `allocator::ScriptInstanceAllocatorTrait`
 --> src/player/script_ref.rs:1:13
  |
1 | use super::{allocator::ScriptInstanceAllocatorTrait, ownership::OwnerToken, script::ScriptInstanceId};
  |             ^^^^^^^^^^^^^^^^^^^^^^^^^^^^^^^^^^^^^^^

warning: unused import: `crate::player::symbols::symbol::Symbol`
 --> src/player/sprite.rs:1:5
  |
1 | use crate::player::symbols::symbol::Symbol;
  |     ^^^^^^^^^^^^^^^^^^^^^^^^^^^^^^^^^^^^^^

warning: unused import: `task::spawn_local`
 --> src/player/xtra/multiuser/mod.rs:7:34
  |
7 | use async_std::{channel::Sender, task::spawn_local};
  |                                  ^^^^^^^^^^^^^^^^^

warning: unused imports: `CastMemberType`, `CastMember`, and `ScriptMember`
  --> src/player/virtual_scripts/mod.rs:16:26
   |
16 | use super::cast_member::{CastMember, CastMemberType, ScriptMember};
   |                          ^^^^^^^^^^  ^^^^^^^^^^^^^^  ^^^^^^^^^^^^

warning: unused import: `super::ci_string::CiString`
  --> src/player/virtual_scripts/mod.rs:17:5
   |
17 | use super::ci_string::CiString;
   |     ^^^^^^^^^^^^^^^^^^^^^^^^^^

warning: unused import: `super::sprite::ColorRef`
  --> src/player/virtual_scripts/mod.rs:20:5
   |
20 | use super::sprite::ColorRef;
   |     ^^^^^^^^^^^^^^^^^^^^^^^

warning: unused import: `RENDERER_LOCK`
   --> src/player/testing_browser.rs:345:32
    |
345 |         use crate::rendering::{RENDERER_LOCK, with_renderer_mut};
    |                                ^^^^^^^^^^^^^

warning: unused imports: `SymbolTable` and `handlers::datum_handlers::symbol`
 --> src/player/symbols/builtin.rs:5:21
  |
5 | use crate::player::{handlers::datum_handlers::symbol, symbols::symbol_table::{SYMBOL_TABLE, SymbolTable}};
  |                     ^^^^^^^^^^^^^^^^^^^^^^^^^^^^^^^^                                        ^^^^^^^^^^^

warning: variant `_Angle_World` should have an upper camel case name
   --> src/player/symbols/builtin.rs:959:18
    |
959 |     "<world>" => _Angle_World,
    |                  ^^^^^^^^^^^^ help: convert the identifier to upper camel case: `AngleWorld`
    |
    = note: `#[warn(non_camel_case_types)]` (part of `#[warn(nonstandard_style)]`) on by default

warning: unused import: `itertools::Format`
 --> src/player/symbols/symbol.rs:3:5
  |
3 | use itertools::Format;
  |     ^^^^^^^^^^^^^^^^^

warning: unused import: `task::spawn_local`
  --> src/player/mod.rs:80:5
   |
80 |     task::spawn_local,
   |     ^^^^^^^^^^^^^^^^^

warning: unused imports: `enums::ScriptType`, `geometry::IntRect`, and `try_execute_bytecode_sync`
   --> src/player/mod.rs:108:9
    |
108 | ...   enums::ScriptType,
    |       ^^^^^^^^^^^^^^^^^
...
115 | ...   bytecode::handler_manager::{BytecodeHandlerContext, player_execute_bytecode, try_execute_bytecode_sync, try_execute_opcode_sync}, datum_formatting::format_datum, events::{dispatch_event_to_all_behaviors, dispatch_system_event_to_timeouts, player_dispatch_event_beginsprite, player_invoke_event_to_instances, player_invoke_frame_and_movie_scripts, player_invoke_targeted_event}, geometry::IntRect, p...
    |                                                                                    ^^^^^^^^^^^^^^^^^^^^^^^^^                                                                                                                                                                                                                                                                                    ^^^^^^^^^^^^^^^^^

warning: unused label
    --> src/player/mod.rs:4823:5
     |
4823 |     'driver: loop {
     |     ^^^^^^^
     |
     = note: `#[warn(unused_labels)]` (part of `#[warn(unused)]`) on by default

warning: unused import: `async_std::task::spawn_local`
 --> src/rendering.rs:8:5
  |
8 | use async_std::task::spawn_local;
  |     ^^^^^^^^^^^^^^^^^^^^^^^^^^^^

warning: unused import: `chrono::Local`
 --> src/rendering.rs:9:5
  |
9 | use chrono::Local;
  |     ^^^^^^^^^^^^^

warning: unused import: `CursorRef`
  --> src/rendering.rs:32:28
   |
32 |         sprite::{ColorRef, CursorRef, Sprite},
   |                            ^^^^^^^^^

warning: unused imports: `CursorRef` and `datum_ref::DatumRef`
  --> src/rendering_gpu/webgl2/mod.rs:25:184
   |
25 | ...e, datum_ref::DatumRef, font::{GlyphPreference, get_glyph_preference, measure_text, measure_text_wrapped}, geometry::IntRect, handlers::datum_handlers::cast_member::font::{FontMemberHandlers, HtmlStyle, StyledSpan, TextAlignment}, score::{ScoreRef, get_concrete_sprite_render_rect as get_concrete_sprite_rect, get_sprite_at}, sprite::{ColorRef, CursorRef, i...
   |       ^^^^^^^^^^^^^^^^^^^                                                                                                                                                                                                                                                                                                                                   ^^^^^^^^^

warning: unused import: `crate::director::lingo::datum::Datum`
  --> src/rendering_gpu/webgl2/mod.rs:27:5
   |
27 | use crate::director::lingo::datum::Datum;
   |     ^^^^^^^^^^^^^^^^^^^^^^^^^^^^^^^^^^^^

warning: unused import: `Local`
 --> src/utils.rs:2:24
  |
2 | use chrono::{DateTime, Local, TimeDelta};
  |                        ^^^^^

warning: unused import: `async_std::task::spawn_local`
  --> src/lib.rs:10:5
   |
10 | use async_std::task::spawn_local;
   |     ^^^^^^^^^^^^^^^^^^^^^^^^^^^^

warning: unused import: `web_sys::console`
 --> src/director/chunks/sound.rs:5:5
  |
5 | use web_sys::console;
  |     ^^^^^^^^^^^^^^^^

warning: unused import: `symbol::Symbol`
 --> src/director/lingo/constants.rs:3:54
  |
3 | use crate::player::symbols::{builtin::BuiltInSymbol, symbol::Symbol};
  |                                                      ^^^^^^^^^^^^^^

warning: unused import: `std::borrow::Borrow`
 --> src/director/static_datum.rs:1:5
  |
1 | use std::borrow::Borrow;
  |     ^^^^^^^^^^^^^^^^^^^

warning: unused import: `std::io::Read`
 --> src/director/static_datum.rs:3:5
  |
3 | use std::io::Read;
  |     ^^^^^^^^^^^^^

warning: unused import: `itertools::Itertools`
 --> src/director/static_datum.rs:7:5
  |
7 | use itertools::Itertools;
  |     ^^^^^^^^^^^^^^^^^^^^

warning: unused import: `crate::player::cast_member::Media`
  --> src/director/static_datum.rs:13:5
   |
13 | use crate::player::cast_member::Media;
   |     ^^^^^^^^^^^^^^^^^^^^^^^^^^^^^^^^^

warning: variable does not need to be mutable
   --> src/player/bytecode/flow_control.rs:245:17
    |
245 |             let mut receiver;
    |                 ----^^^^^^^^
    |                 |
    |                 help: remove this `mut`
    |
    = note: `#[warn(unused_mut)]` (part of `#[warn(unused)]`) on by default

warning: use of deprecated method `web_sys::AudioBufferSourceNode::stop`
    --> src/player/handlers/datum_handlers/sound_channel.rs:1676:28
     |
1676 |             let _ = source.stop();
     |                            ^^^^
     |
     = note: `#[warn(deprecated)]` on by default

warning: variable does not need to be mutable
    --> src/player/handlers/datum_handlers/sound_channel.rs:2372:17
     |
2372 |             let mut ch = self_rc.borrow_mut();
     |                 ----^^
     |                 |
     |                 help: remove this `mut`

warning: variable does not need to be mutable
    --> src/player/handlers/datum_handlers/sound_channel.rs:2361:17
     |
2361 |             let mut ch = self_rc.borrow_mut();
     |                 ----^^
     |                 |
     |                 help: remove this `mut`

warning: use of deprecated method `web_sys::BlobPropertyBag::type_`: Use `set_type()` instead.
    --> src/player/handlers/datum_handlers/sound_channel.rs:3324:45
     |
3324 |             web_sys::BlobPropertyBag::new().type_("audio/mpeg"),
     |                                             ^^^^^

warning: variable does not need to be mutable
    --> src/player/handlers/datum_handlers/sound_channel.rs:3319:13
     |
3319 |         let mut blob_parts = js_sys::Array::new();
     |             ----^^^^^^^^^^
     |             |
     |             help: remove this `mut`

warning: use of deprecated method `web_sys::AudioBufferSourceNode::stop_with_when`
    --> src/player/handlers/datum_handlers/sound_channel.rs:3411:28
     |
3411 |             let _ = source.stop_with_when(0.0);
     |                            ^^^^^^^^^^^^^^

warning: use of deprecated method `web_sys::AudioBufferSourceNode::stop_with_when`
    --> src/player/handlers/datum_handlers/sound_channel.rs:4148:28
     |
4148 |             let _ = source.stop_with_when(0.0);
     |                            ^^^^^^^^^^^^^^

warning: use of deprecated method `web_sys::RequestInit::method`: Use `set_method()` instead.
   --> src/player/net_task.rs:102:18
    |
102 |             opts.method("POST");
    |                  ^^^^^^

warning: use of deprecated method `web_sys::RequestInit::body`: Use `set_body()` instead.
   --> src/player/net_task.rs:105:22
    |
105 |                 opts.body(Some(&JsValue::from_str(post_data)));
    |                      ^^^^

warning: use of deprecated method `web_sys::RequestInit::headers`: Use `set_headers()` instead.
   --> src/player/net_task.rs:116:18
    |
116 |             opts.headers(&headers);
    |                  ^^^^^^^

warning: variable does not need to be mutable
   --> src/player/xtra/curl/mod.rs:487:9
    |
487 |     let mut init = web_sys::RequestInit::new();
    |         ----^^^^
    |         |
    |         help: remove this `mut`

warning: use of deprecated method `web_sys::WebGlContextAttributes::alpha`: Use `set_alpha()` instead.
    --> src/player/handlers/datum_handlers/cast_member/shockwave3d.rs:3269:19
     |
3269 |     context_attrs.alpha(true);
     |                   ^^^^^

warning: use of deprecated method `web_sys::WebGlContextAttributes::depth`: Use `set_depth()` instead.
    --> src/player/handlers/datum_handlers/cast_member/shockwave3d.rs:3270:19
     |
3270 |     context_attrs.depth(true);
     |                   ^^^^^

warning: use of deprecated method `web_sys::WebGlContextAttributes::preserve_drawing_buffer`: Use `set_preserve_drawing_buffer()` instead.
    --> src/player/handlers/datum_handlers/cast_member/shockwave3d.rs:3271:19
     |
3271 |     context_attrs.preserve_drawing_buffer(true); // needed for readPixels
     |                   ^^^^^^^^^^^^^^^^^^^^^^^

warning: use of deprecated method `web_sys::AudioBufferSourceNode::stop_with_when`
    --> src/player/handlers/datum_handlers/sound_channel.rs:2781:28
     |
2781 |             let _ = source.stop_with_when(0.0);
     |                            ^^^^^^^^^^^^^^

warning: use of deprecated method `web_sys::AudioBufferSourceNode::stop_with_when`
    --> src/player/handlers/datum_handlers/sound_channel.rs:3915:28
     |
3915 |             let _ = source.stop_with_when(0.0);
     |                            ^^^^^^^^^^^^^^

warning: use of deprecated method `web_sys::AudioBufferSourceNode::stop_with_when`
    --> src/player/handlers/datum_handlers/sound_channel.rs:4253:28
     |
4253 |             let _ = source.stop_with_when(0.0);
     |                            ^^^^^^^^^^^^^^

warning: use of deprecated method `web_sys::AudioBufferSourceNode::stop_with_when`
    --> src/player/handlers/datum_handlers/sound_channel.rs:4267:28
     |
4267 |             let _ = source.stop_with_when(0.0);
     |                            ^^^^^^^^^^^^^^

warning: use of deprecated method `web_sys::CanvasRenderingContext2d::set_fill_style`
    --> src/rendering.rs:3565:20
     |
3565 |         self.ctx2d.set_fill_style(&safe_js_string("white"));
     |                    ^^^^^^^^^^^^^^

warning: use of deprecated method `web_sys::BlobPropertyBag::type_`: Use `set_type()` instead.
    --> src/lib.rs:2240:13
     |
2240 |     options.type_(mime_type);
     |             ^^^^^

warning: unused import: `num::ToPrimitive`
 --> src/player/bitmap/bitmap.rs:5:5
  |
5 | use num::ToPrimitive;
  |     ^^^^^^^^^^^^^^^^

warning: unused import: `DatumAllocatorTrait`
  --> src/player/mcp.rs:17:17
   |
17 |     allocator::{DatumAllocatorTrait, ScriptInstanceAllocatorTrait},
   |                 ^^^^^^^^^^^^^^^^^^^

warning: unused import: `wasm_bindgen::JsCast`
  --> src/player/mod.rs:88:5
   |
88 | use wasm_bindgen::JsCast;
   |     ^^^^^^^^^^^^^^^^^^^^

warning: unused variable: `scan_height`
   --> src/player/bitmap/bitmap.rs:428:5
    |
428 |     scan_height: u16,
    |     ^^^^^^^^^^^ help: if this is intentional, prefix it with an underscore: `_scan_height`
    |
    = note: `#[warn(unused_variables)]` (part of `#[warn(unused)]`) on by default

warning: unused variable: `palette_cast_lib`
   --> src/player/bitmap/bitmap.rs:690:9
    |
690 |     let palette_cast_lib = if info.clut_cast_lib > 0 {
    |         ^^^^^^^^^^^^^^^^ help: if this is intentional, prefix it with an underscore: `_palette_cast_lib`

warning: variable `sprite_num` is assigned to, but never used
    --> src/player/bitmap/drawing.rs:2235:13
     |
2235 |         let mut sprite_num = 0;
     |             ^^^^^^^^^^^^^^
     |
     = note: consider using `_sprite_num` instead

warning: value assigned to `sprite_num` is never read
    --> src/player/bitmap/drawing.rs:2241:13
     |
2241 |             sprite_num = sprite.number;
     |             ^^^^^^^^^^^^^^^^^^^^^^^^^^
     |
     = help: maybe it is overwritten before being read?
     = note: `#[warn(unused_assignments)]` (part of `#[warn(unused)]`) on by default

warning: unused variable: `palettes`
  --> src/player/bitmap/mask.rs:73:28
   |
73 |     pub fn get_mask(&self, palettes: &PaletteMap, bg_color: &ColorRef) -> BitmapMask {
   |                            ^^^^^^^^ help: if this is intentional, prefix it with an underscore: `_palettes`

warning: unused variable: `palettes`
  --> src/player/bitmap/mask.rs:84:41
   |
84 |     pub fn create_matte_text(&mut self, palettes: &PaletteMap) {
   |                                         ^^^^^^^^ help: if this is intentional, prefix it with an underscore: `_palettes`

warning: unused variable: `player`
  --> src/player/bytecode/get_set.rs:56:9
   |
56 |         player: &mut DirPlayer,
   |         ^^^^^^ help: if this is intentional, prefix it with an underscore: `_player`

warning: unused variable: `xml_id`
   --> src/player/bytecode/get_set.rs:197:34
    |
197 |             if let Datum::XmlRef(xml_id) = player.get_datum(&obj_datum_ref) {
    |                                  ^^^^^^ help: if this is intentional, prefix it with an underscore: `_xml_id`

warning: unreachable pattern
   --> src/player/bytecode/handler_manager.rs:261:13
    |
209 |             OpCode::PushVarRef => StackBytecodeHandler::push_var_ref(ctx),
    |             ------------------ matches all the relevant values
...
261 |             OpCode::PushVarRef => StackBytecodeHandler::push_var_ref(ctx),
    |             ^^^^^^^^^^^^^^^^^^ no value can reach this
    |
    = note: `#[warn(unreachable_patterns)]` (part of `#[warn(unused)]`) on by default

warning: unused variable: `should_trace`
   --> src/player/bytecode/handler_manager.rs:384:18
    |
384 |     let (opcode, should_trace) = {
    |                  ^^^^^^^^^^^^ help: if this is intentional, prefix it with an underscore: `_should_trace`

warning: unused variable: `script`
   --> src/player/bytecode/handler_manager.rs:389:13
    |
389 |         let script = unsafe { &*ctx.script_ptr };
    |             ^^^^^^ help: if this is intentional, prefix it with an underscore: `_script`

warning: unused variable: `items`
   --> src/player/bytecode/expression_tracker.rs:767:28
    |
767 |             Datum::List(_, items, _) => {
    |                            ^^^^^ help: if this is intentional, prefix it with an underscore: `_items`

warning: unused variable: `items`
   --> src/player/bytecode/expression_tracker.rs:770:29
    |
770 |             Datum::PropList(items, _) => {
    |                             ^^^^^ help: if this is intentional, prefix it with an underscore: `_items`

warning: unused variable: `datums`
   --> src/player/cast_lib.rs:285:9
    |
285 |         datums: &DatumAllocator,
    |         ^^^^^^ help: if this is intentional, prefix it with an underscore: `_datums`

warning: unused variable: `datums`
   --> src/player/cast_manager.rs:472:9
    |
472 |         datums: &DatumAllocator,
    |         ^^^^^^ help: if this is intentional, prefix it with an underscore: `_datums`

warning: unused variable: `cm`
    --> src/player/cast_member.rs:3478:31
     |
3478 |             Chunk::CastMember(cm) => {
     |                               ^^ help: if this is intentional, prefix it with an underscore: `_cm`

warning: variable does not need to be mutable
    --> src/player/cast_member.rs:5628:21
     |
5628 |                 let mut script_id = member_info.header.script_id;
     |                     ----^^^^^^^^^
     |                     |
     |                     help: remove this `mut`

warning: unused variable: `has_script`
    --> src/player/cast_member.rs:5630:21
     |
5630 |                 let has_script = lctx.as_ref()
     |                     ^^^^^^^^^^ help: if this is intentional, prefix it with an underscore: `_has_script`

warning: unused variable: `script_chunk`
    --> src/player/cast_member.rs:6001:25
     |
6001 |                     let script_chunk = &lctx.as_ref().unwrap().scripts[&script_id];
     |                         ^^^^^^^^^^^^ help: if this is intentional, prefix it with an underscore: `_script_chunk`

warning: unused variable: `handler`
    --> src/player/commands.rs:1147:21
     |
1147 |                 let handler = script.get_own_handler_ref(Symbol::builtin(BuiltInSymbol::MouseUp))?;
     |                     ^^^^^^^ help: if this is intentional, prefix it with an underscore: `_handler`

warning: unused variable: `player`
    --> src/player/eval.rs:2245:33
     |
2245 |             reserve_player_mut(|player| {
     |                                 ^^^^^^ help: if this is intentional, prefix it with an underscore: `_player`

warning: unused variable: `key`
   --> src/player/keyboard_events.rs:748:30
    |
748 | async fn player_key_up_inner(key: String, code: u16) -> Result<DatumRef, ScriptError> {
    |                              ^^^ help: if this is intentional, prefix it with an underscore: `_key`

warning: unused variable: `code`
   --> src/player/keyboard_events.rs:748:43
    |
748 | async fn player_key_up_inner(key: String, code: u16) -> Result<DatumRef, ScriptError> {
    |                                           ^^^^ help: if this is intentional, prefix it with an underscore: `_code`

warning: unused variable: `a`
   --> src/player/compare.rs:218:20
    |
218 |         (CursorRef(a), o) | (o, CursorRef(a)) => Ok(match o {
    |                    ^                      ^
    |
help: if this is intentional, prefix it with an underscore
    |
218 |         (CursorRef(_a), o) | (o, CursorRef(_a)) => Ok(match o {
    |                    +                       +

warning: unused variable: `a`
   --> src/player/compare.rs:351:16
    |
351 |         (Media(a), o) | (o, Media(a)) => Ok(match o {
    |                ^                  ^
    |
help: if this is intentional, prefix it with an underscore
    |
351 |         (Media(_a), o) | (o, Media(_a)) => Ok(match o {
    |                +                   +

warning: unreachable pattern
   --> src/player/compare.rs:673:9
    |
670 |         (Datum::String(left), Datum::String(right)) => Ok(str_lt_ci(left, right)),
    |         ------------------------------------------- matches all the relevant values
...
673 |         (Datum::String(..), Datum::String(..)) => Ok(false),
    |         ^^^^^^^^^^^^^^^^^^^^^^^^^^^^^^^^^^^^^^ no value can reach this

warning: unused variable: `datums`
   --> src/player/compare.rs:723:37
    |
723 | pub fn datum_is_zero(datum: &Datum, datums: &DatumAllocator) -> Result<bool, ScriptError> {
    |                                     ^^^^^^ help: if this is intentional, prefix it with an underscore: `_datums`

warning: unnecessary `unsafe` block
   --> src/player/compiled/mod.rs:526:13
    |
526 |             unsafe { (*scope_ptr).local($s as usize) }
    |             ^^^^^^ unnecessary `unsafe` block
...
536 |             unsafe { (*scope_ptr).stack.push_value($v) }
    |             ------ because it's nested under this `unsafe` block
...
565 |             IrOp::GetLocal(s) => { st_push!(lc_get!(*s)); pc += 1; }
    |                                             ----------- in this macro invocation
    |
    = note: `#[warn(unused_unsafe)]` (part of `#[warn(unused)]`) on by default
    = note: this warning originates in the macro `lc_get` (in Nightly builds, run with -Z macro-backtrace for more info)

warning: unreachable pattern
   --> src/player/datum_operations.rs:658:9
    |
424 |         (Datum::Void, Datum::Int(r)) => Ok(Datum::Int(-r)),
    |         ---------------------------- matches all the relevant values
...
658 |         (Datum::Void, Datum::Int(r)) => Ok(Datum::Float(0.0 - (*r as f64))),
    |         ^^^^^^^^^^^^^^^^^^^^^^^^^^^^ no value can reach this

warning: unreachable pattern
   --> src/player/datum_operations.rs:659:9
    |
426 |         (Datum::Void, Datum::Float(r)) => Ok(Datum::Float(-r)),
    |         ------------------------------ matches all the relevant values
...
659 |         (Datum::Void, Datum::Float(r)) => Ok(Datum::Float(0.0 - r)),
    |         ^^^^^^^^^^^^^^^^^^^^^^^^^^^^^^ no value can reach this

warning: unreachable pattern
   --> src/player/datum_operations.rs:660:9
    |
423 |         (Datum::Void, Datum::Void) => Ok(Datum::Int(0)),
    |         -------------------------- matches all the relevant values
...
660 |         (Datum::Void, Datum::Void) => Ok(Datum::Int(0)),
    |         ^^^^^^^^^^^^^^^^^^^^^^^^^^ no value can reach this

warning: unreachable pattern
   --> src/player/datum_operations.rs:661:9
    |
425 |         (Datum::Int(l), Datum::Void) => Ok(Datum::Int(*l)),
    |         ---------------------------- matches all the relevant values
...
661 |         (Datum::Int(l), Datum::Void) => Ok(Datum::Float((*l as f64) - 0.0)),
    |         ^^^^^^^^^^^^^^^^^^^^^^^^^^^^ no value can reach this

warning: unreachable pattern
   --> src/player/datum_operations.rs:662:9
    |
427 |         (Datum::Float(l), Datum::Void) => Ok(Datum::Float(*l)),
    |         ------------------------------ matches all the relevant values
...
662 |         (Datum::Float(l), Datum::Void) => Ok(Datum::Float(*l - 0.0)),
    |         ^^^^^^^^^^^^^^^^^^^^^^^^^^^^^^ no value can reach this

warning: unreachable pattern
    --> src/player/datum_operations.rs:1097:9
     |
 975 |         (Datum::Void, _) => Datum::Int(0),
     |         ---------------- matches all the relevant values
...
1097 |         (Datum::Void, _) => Datum::Int(0),
     |         ^^^^^^^^^^^^^^^^ no value can reach this

warning: unreachable pattern
    --> src/player/datum_operations.rs:1111:9
     |
1083 |         (Datum::List(list_type, items, sorted), Datum::Int(_)) | (Datum::List(list_type, items, sorted), Datum::Float(_)) => {
     |         ----------------------------------------------------------------------------------------------------------------- matches all the relevant values
...
1111 |         (Datum::List(_, list, _), Datum::Int(_) | Datum::Float(_)) => {
     |         ^^^^^^^^^^^^^^^^^^^^^^^^^^^^^^^^^^^^^^^^^^^^^^^^^^^^^^^^^^ no value can reach this

warning: unused variable: `bf`
    --> src/player/datum_operations.rs:1013:46
     |
1013 |         (Datum::Float(left), Datum::Point(b, bf)) => {
     |                                              ^^ help: if this is intentional, prefix it with an underscore: `_bf`

warning: unreachable pattern
  --> src/player/datum_ref.rs:71:13
   |
71 |             _ => false,
   |             ^ no value can reach this
   |
note: multiple earlier patterns match some of the same values
  --> src/player/datum_ref.rs:71:13
   |
65 |             (DatumRef::Void, DatumRef::Void) => true,
   |             -------------------------------- matches some of the same values
66 |             (DatumRef::Ref(handle), DatumRef::Void) => handle.id == 0,
   |             --------------------------------------- matches some of the same values
67 |             (DatumRef::Void, DatumRef::Ref(handle)) => handle.id == 0,
   |             --------------------------------------- matches some of the same values
68 |             (DatumRef::Ref(handle1), DatumRef::Ref(handle2)) => {
   |             ------------------------------------------------ matches some of the same values
...
71 |             _ => false,
   |             ^ collectively making this unreachable

warning: variable does not need to be mutable
    --> src/player/eval.rs:1310:17
     |
1310 |             let mut inner = pair.into_inner();
     |                 ----^^^^^
     |                 |
     |                 help: remove this `mut`

warning: variable does not need to be mutable
    --> src/player/eval.rs:1484:17
     |
1484 |             let mut inner = pair.into_inner();
     |                 ----^^^^^
     |                 |
     |                 help: remove this `mut`

warning: unused variable: `a`
    --> src/player/font/mod.rs:1502:17
     |
1502 |             let a = font_bitmap.data[idx + 3];
     |                 ^ help: if this is intentional, prefix it with an underscore: `_a`

warning: unused variable: `bitmap_palette`
  --> src/player/handlers/datum_handlers/bitmap.rs:89:34
   |
89 |                 let (target_rgb, bitmap_palette) = {
   |                                  ^^^^^^^^^^^^^^ help: if this is intentional, prefix it with an underscore: `_bitmap_palette`

warning: unreachable pattern
   --> src/player/handlers/datum_handlers/cast_member/field.rs:598:13
    |
577 |             "selection" => {
    |             ----------- matches all the relevant values
...
598 |             "selection" => {
    |             ^^^^^^^^^^^ no value can reach this

warning: unused variable: `alignment`
   --> src/player/handlers/datum_handlers/cast_member/field.rs:414:21
    |
414 |                 let alignment = field.alignment.clone();
    |                     ^^^^^^^^^
    |
help: you might have meant to pattern match on the similarly named variant `Alignment`
    |
414 -                 let alignment = field.alignment.clone();
414 +                 let player::symbols::builtin::BuiltInSymbol::Alignment = field.alignment.clone();
    |
help: if this is intentional, prefix it with an underscore
    |
414 |                 let _alignment = field.alignment.clone();
    |                     +

warning: unused variable: `player`
   --> src/player/handlers/datum_handlers/cast_member/field.rs:888:18
    |
888 |                 |player| value.media_value(),
    |                  ^^^^^^ help: if this is intentional, prefix it with an underscore: `_player`

warning: unused variable: `player`
   --> src/player/handlers/datum_handlers/cast_member/field.rs:879:18
    |
879 |                 |player| value.int_value(),
    |                  ^^^^^^ help: if this is intentional, prefix it with an underscore: `_player`

warning: unused variable: `player`
   --> src/player/handlers/datum_handlers/cast_member/field.rs:870:18
    |
870 |                 |player| value.int_value(),
    |                  ^^^^^^ help: if this is intentional, prefix it with an underscore: `_player`

warning: unused variable: `player`
   --> src/player/handlers/datum_handlers/cast_member/field.rs:862:18
    |
862 |                 |player| value.bool_value(),
    |                  ^^^^^^ help: if this is intentional, prefix it with an underscore: `_player`

warning: unused variable: `player`
   --> src/player/handlers/datum_handlers/cast_member/field.rs:845:18
    |
845 |                 |player| value.int_value(),
    |                  ^^^^^^ help: if this is intentional, prefix it with an underscore: `_player`

warning: unused variable: `player`
   --> src/player/handlers/datum_handlers/cast_member/field.rs:837:18
    |
837 |                 |player| value.int_value(),
    |                  ^^^^^^ help: if this is intentional, prefix it with an underscore: `_player`

warning: unused variable: `player`
   --> src/player/handlers/datum_handlers/cast_member/field.rs:829:18
    |
829 |                 |player| value.int_value(),
    |                  ^^^^^^ help: if this is intentional, prefix it with an underscore: `_player`

warning: unused variable: `player`
   --> src/player/handlers/datum_handlers/cast_member/field.rs:821:18
    |
821 |                 |player| value.int_value(),
    |                  ^^^^^^ help: if this is intentional, prefix it with an underscore: `_player`

warning: unused variable: `player`
   --> src/player/handlers/datum_handlers/cast_member/field.rs:813:18
    |
813 |                 |player| value.int_value(),
    |                  ^^^^^^ help: if this is intentional, prefix it with an underscore: `_player`

warning: unused variable: `player`
   --> src/player/handlers/datum_handlers/cast_member/field.rs:805:18
    |
805 |                 |player| value.bool_value(),
    |                  ^^^^^^ help: if this is intentional, prefix it with an underscore: `_player`

warning: unused variable: `player`
   --> src/player/handlers/datum_handlers/cast_member/field.rs:797:18
    |
797 |                 |player| value.bool_value(),
    |                  ^^^^^^ help: if this is intentional, prefix it with an underscore: `_player`

warning: unused variable: `player`
   --> src/player/handlers/datum_handlers/cast_member/field.rs:789:18
    |
789 |                 |player| value.bool_value(),
    |                  ^^^^^^ help: if this is intentional, prefix it with an underscore: `_player`

warning: unused variable: `player`
   --> src/player/handlers/datum_handlers/cast_member/field.rs:781:18
    |
781 |                 |player| value.string_value(),
    |                  ^^^^^^ help: if this is intentional, prefix it with an underscore: `_player`

warning: unused variable: `player`
   --> src/player/handlers/datum_handlers/cast_member/field.rs:773:18
    |
773 |                 |player| value.int_value(),
    |                  ^^^^^^ help: if this is intentional, prefix it with an underscore: `_player`

warning: unused variable: `player`
   --> src/player/handlers/datum_handlers/cast_member/field.rs:761:18
    |
761 |                 |player| value.int_value(),
    |                  ^^^^^^ help: if this is intentional, prefix it with an underscore: `_player`

warning: unused variable: `player`
   --> src/player/handlers/datum_handlers/cast_member/field.rs:747:18
    |
747 |                 |player| value.string_value(),
    |                  ^^^^^^ help: if this is intentional, prefix it with an underscore: `_player`

warning: unused variable: `player`
   --> src/player/handlers/datum_handlers/cast_member/field.rs:731:18
    |
731 |                 |player| value.int_value(),
    |                  ^^^^^^ help: if this is intentional, prefix it with an underscore: `_player`

warning: unused variable: `player`
   --> src/player/handlers/datum_handlers/cast_member/field.rs:723:18
    |
723 |                 |player| value.string_value(),
    |                  ^^^^^^ help: if this is intentional, prefix it with an underscore: `_player`

warning: unused variable: `player`
   --> src/player/handlers/datum_handlers/cast_member/field.rs:707:18
    |
707 |                 |player| value.int_value(),
    |                  ^^^^^^ help: if this is intentional, prefix it with an underscore: `_player`

warning: unused variable: `player`
   --> src/player/handlers/datum_handlers/cast_member/field.rs:694:18
    |
694 |                 |player| value.int_value(),
    |                  ^^^^^^ help: if this is intentional, prefix it with an underscore: `_player`

warning: unused variable: `player`
   --> src/player/handlers/datum_handlers/cast_member/field.rs:686:18
    |
686 |                 |player| value.bool_value(),
    |                  ^^^^^^ help: if this is intentional, prefix it with an underscore: `_player`

warning: unused variable: `player`
   --> src/player/handlers/datum_handlers/cast_member/field.rs:678:18
    |
678 |                 |player| value.string_value(),
    |                  ^^^^^^ help: if this is intentional, prefix it with an underscore: `_player`

warning: unused variable: `player`
   --> src/player/handlers/datum_handlers/cast_member/field.rs:626:18
    |
626 |                 |player| value.string_value(),
    |                  ^^^^^^ help: if this is intentional, prefix it with an underscore: `_player`

warning: variable does not need to be mutable
   --> src/player/handlers/datum_handlers/cast_member/font.rs:551:13
    |
551 |         let mut y = top_spacing.max(0) as f64;
    |             ----^
    |             |
    |             help: remove this `mut`

warning: unused variable: `y`
   --> src/player/handlers/datum_handlers/cast_member/font.rs:551:13
    |
551 |         let mut y = top_spacing.max(0) as f64;
    |             ^^^^^ help: if this is intentional, prefix it with an underscore: `_y`

warning: variable does not need to be mutable
   --> src/player/handlers/datum_handlers/cast_member/font.rs:799:13
    |
799 |         let mut push_line = |line: &mut NativeLine, lines_out: &mut Vec<NativeLine>| {
    |             ----^^^^^^^^^
    |             |
    |             help: remove this `mut`

warning: variable does not need to be mutable
   --> src/player/handlers/datum_handlers/cast_member/font.rs:818:17
    |
818 |             let mut flush_token = |token_text: &mut String,
    |                 ----^^^^^^^^^^^
    |                 |
    |                 help: remove this `mut`

warning: value assigned to `token_start_byte` is never read
   --> src/player/handlers/datum_handlers/cast_member/font.rs:956:13
    |
940 |                     token_start_byte = cur_byte_offset;
    |                     ---------------------------------- `token_start_byte` is overwritten here before the previous value is read
...
956 |             token_start_byte = cur_byte_offset;
    |             ^^^^^^^^^^^^^^^^^^^^^^^^^^^^^^^^^^ this value is reassigned later and never used

warning: value assigned to `current_line` is never read
    --> src/player/handlers/datum_handlers/cast_member/font.rs:2155:21
     |
2155 |                     current_line = String::new();
     |                     ^^^^^^^^^^^^
     |
     = help: maybe it is overwritten before being read?

warning: unused variable: `rgb`
    --> src/player/handlers/datum_handlers/cast_member/font.rs:2183:34
     |
2183 |     fn rgb_to_palette_index_safe(rgb: u32, palettes: &PaletteMap) -> u32 {
     |                                  ^^^ help: if this is intentional, prefix it with an underscore: `_rgb`

warning: unused variable: `palettes`
    --> src/player/handlers/datum_handlers/cast_member/font.rs:2183:44
     |
2183 |     fn rgb_to_palette_index_safe(rgb: u32, palettes: &PaletteMap) -> u32 {
     |                                            ^^^^^^^^ help: if this is intentional, prefix it with an underscore: `_palettes`

warning: unused variable: `bitmap`
    --> src/player/handlers/datum_handlers/cast_member/font.rs:2234:9
     |
2234 |         bitmap: &mut Bitmap,
     |         ^^^^^^ help: if this is intentional, prefix it with an underscore: `_bitmap`

warning: unused variable: `x`
    --> src/player/handlers/datum_handlers/cast_member/font.rs:2236:9
     |
2236 |         x: i32,
     |         ^ help: if this is intentional, prefix it with an underscore: `_x`

warning: unused variable: `y`
    --> src/player/handlers/datum_handlers/cast_member/font.rs:2237:9
     |
2237 |         y: i32,
     |         ^ help: if this is intentional, prefix it with an underscore: `_y`

warning: unused variable: `font`
    --> src/player/handlers/datum_handlers/cast_member/font.rs:2238:9
     |
2238 |         font: BitmapFont,
     |         ^^^^ help: if this is intentional, prefix it with an underscore: `_font`

warning: unused variable: `font_bitmap`
    --> src/player/handlers/datum_handlers/cast_member/font.rs:2239:9
     |
2239 |         font_bitmap: &Bitmap,
     |         ^^^^^^^^^^^ help: if this is intentional, prefix it with an underscore: `_font_bitmap`

warning: unused variable: `bg_color`
    --> src/player/handlers/datum_handlers/cast_member/font.rs:2241:9
     |
2241 |         bg_color: u8,
     |         ^^^^^^^^ help: if this is intentional, prefix it with an underscore: `_bg_color`

warning: unused variable: `glyph_index`
    --> src/player/handlers/datum_handlers/cast_member/font.rs:2246:13
     |
2246 |         let glyph_index = ch as usize;
     |             ^^^^^^^^^^^ help: if this is intentional, prefix it with an underscore: `_glyph_index`

warning: unused variable: `final_color`
    --> src/player/handlers/datum_handlers/cast_member/font.rs:2252:13
     |
2252 |         let final_color = color_override.unwrap_or({
     |             ^^^^^^^^^^^ help: if this is intentional, prefix it with an underscore: `_final_color`

warning: unused variable: `palette`
    --> src/player/handlers/datum_handlers/cast_member/font.rs:2263:21
     |
2263 |         if let Some(palette) = palettes.palettes.first() {
     |                     ^^^^^^^ help: if this is intentional, prefix it with an underscore: `_palette`

warning: unreachable pattern
    --> src/player/handlers/datum_handlers/cast_member/font.rs:2278:13
     |
2278 |             _ => 0, // fallback
     |             ^ no value can reach this
     |
note: multiple earlier patterns match some of the same values
    --> src/player/handlers/datum_handlers/cast_member/font.rs:2278:13
     |
2273 |             ColorRef::PaletteIndex(idx) => idx,
     |             --------------------------- matches some of the same values
2274 |             ColorRef::Rgb(r, g, b) => {
     |             ---------------------- matches some of the same values
...
2278 |             _ => 0, // fallback
     |             ^ collectively making this unreachable

warning: unused variable: `r`
    --> src/player/handlers/datum_handlers/cast_member/font.rs:2274:27
     |
2274 |             ColorRef::Rgb(r, g, b) => {
     |                           ^ help: if this is intentional, prefix it with an underscore: `_r`

warning: unused variable: `g`
    --> src/player/handlers/datum_handlers/cast_member/font.rs:2274:30
     |
2274 |             ColorRef::Rgb(r, g, b) => {
     |                              ^ help: if this is intentional, prefix it with an underscore: `_g`

warning: unused variable: `b`
    --> src/player/handlers/datum_handlers/cast_member/font.rs:2274:33
     |
2274 |             ColorRef::Rgb(r, g, b) => {
     |                                 ^ help: if this is intentional, prefix it with an underscore: `_b`

warning: unused variable: `bg_color`
    --> src/player/handlers/datum_handlers/cast_member/font.rs:2314:25
     |
2314 |                     let bg_color = if let Some(bg) = span.style.bg_color {
     |                         ^^^^^^^^ help: if this is intentional, prefix it with an underscore: `_bg_color`

warning: unused variable: `player`
    --> src/player/handlers/datum_handlers/cast_member/font.rs:2592:14
     |
2592 |             |player| (), // no extra data needed
     |              ^^^^^^ help: if this is intentional, prefix it with an underscore: `_player`

warning: unused variable: `player`
    --> src/player/handlers/datum_handlers/cast_member/font.rs:2585:9
     |
2585 |         player: &mut DirPlayer,
     |         ^^^^^^ help: if this is intentional, prefix it with an underscore: `_player`

warning: unused variable: `handler_sym`
    --> src/player/handlers/datum_handlers/cast_member/shockwave3d.rs:1262:29
     |
1262 |                         let handler_sym = args.get(1)
     |                             ^^^^^^^^^^^ help: if this is intentional, prefix it with an underscore: `_handler_sym`

warning: unreachable pattern
    --> src/player/handlers/datum_handlers/cast_member/text.rs:1150:13
     |
 424 |             "scrolltop" => Ok(Datum::Int(
     |             ----------- matches all the relevant values
...
1150 |             "scrolltop" => {
     |             ^^^^^^^^^^^ no value can reach this

warning: variable does not need to be mutable
    --> src/player/handlers/datum_handlers/cast_member/text.rs:1343:22
     |
1343 |                 let (mut width, mut height) = if measure_with_canvas {
     |                      ----^^^^^
     |                      |
     |                      help: remove this `mut`

warning: variable does not need to be mutable
    --> src/player/handlers/datum_handlers/cast_member/text.rs:1343:33
     |
1343 |                 let (mut width, mut height) = if measure_with_canvas {
     |                                 ----^^^^^^
     |                                 |
     |                                 help: remove this `mut`

warning: variable does not need to be mutable
    --> src/player/handlers/datum_handlers/cast_member/text.rs:1941:25
     |
1941 |                     let mut flush_line = |line: &str, line_char_offset: usize, y_pos: i32, bitmap: &mut Bitmap| {
     |                         ----^^^^^^^^^^
     |                         |
     |                         help: remove this `mut`

warning: unreachable pattern
    --> src/player/handlers/datum_handlers/cast_member/text.rs:3120:13
     |
2343 |             "scrolltop" => borrow_member_mut(
     |             ----------- matches all the relevant values
...
3120 |             "scrolltop" => borrow_member_mut(
     |             ^^^^^^^^^^^ no value can reach this

warning: unused variable: `player`
    --> src/player/handlers/datum_handlers/cast_member/text.rs:3147:18
     |
3147 |                 |player| value.string_value(),
     |                  ^^^^^^ help: if this is intentional, prefix it with an underscore: `_player`

warning: unused variable: `player`
    --> src/player/handlers/datum_handlers/cast_member/text.rs:3133:18
     |
3133 |                 |player| value.bool_value(),
     |                  ^^^^^^ help: if this is intentional, prefix it with an underscore: `_player`

warning: unused variable: `player`
    --> src/player/handlers/datum_handlers/cast_member/text.rs:3122:18
     |
3122 |                 |player| value.int_value(),
     |                  ^^^^^^ help: if this is intentional, prefix it with an underscore: `_player`

warning: unused variable: `player`
    --> src/player/handlers/datum_handlers/cast_member/text.rs:3111:18
     |
3111 |                 |player| value.int_value(),
     |                  ^^^^^^ help: if this is intentional, prefix it with an underscore: `_player`

warning: unused variable: `player`
    --> src/player/handlers/datum_handlers/cast_member/text.rs:3100:18
     |
3100 |                 |player| value.bool_value(),
     |                  ^^^^^^ help: if this is intentional, prefix it with an underscore: `_player`

warning: unused variable: `player`
    --> src/player/handlers/datum_handlers/cast_member/text.rs:3089:18
     |
3089 |                 |player| value.int_value(),
     |                  ^^^^^^ help: if this is intentional, prefix it with an underscore: `_player`

warning: unused variable: `player`
    --> src/player/handlers/datum_handlers/cast_member/text.rs:3078:18
     |
3078 |                 |player| value.bool_value(),
     |                  ^^^^^^ help: if this is intentional, prefix it with an underscore: `_player`

warning: unused variable: `player`
    --> src/player/handlers/datum_handlers/cast_member/text.rs:3067:18
     |
3067 |                 |player| value.bool_value(),
     |                  ^^^^^^ help: if this is intentional, prefix it with an underscore: `_player`

warning: unused variable: `player`
    --> src/player/handlers/datum_handlers/cast_member/text.rs:3050:18
     |
3050 |                 |player| value.string_value(),
     |                  ^^^^^^ help: if this is intentional, prefix it with an underscore: `_player`

warning: unused variable: `player`
    --> src/player/handlers/datum_handlers/cast_member/text.rs:3039:18
     |
3039 |                 |player| value.bool_value(),
     |                  ^^^^^^ help: if this is intentional, prefix it with an underscore: `_player`

warning: unused variable: `player`
    --> src/player/handlers/datum_handlers/cast_member/text.rs:3028:18
     |
3028 |                 |player| value.bool_value(),
     |                  ^^^^^^ help: if this is intentional, prefix it with an underscore: `_player`

warning: unused variable: `player`
    --> src/player/handlers/datum_handlers/cast_member/text.rs:3017:18
     |
3017 |                 |player| value.bool_value(),
     |                  ^^^^^^ help: if this is intentional, prefix it with an underscore: `_player`

warning: unused variable: `player`
    --> src/player/handlers/datum_handlers/cast_member/text.rs:2978:18
     |
2978 |                 |player| value.string_value(),
     |                  ^^^^^^ help: if this is intentional, prefix it with an underscore: `_player`

warning: unused variable: `player`
    --> src/player/handlers/datum_handlers/cast_member/text.rs:2915:18
     |
2915 |                 |player| value.int_value(),
     |                  ^^^^^^ help: if this is intentional, prefix it with an underscore: `_player`

warning: unused variable: `player`
    --> src/player/handlers/datum_handlers/cast_member/text.rs:2900:18
     |
2900 |                 |player| value.int_value(),
     |                  ^^^^^^ help: if this is intentional, prefix it with an underscore: `_player`

warning: unused variable: `player`
    --> src/player/handlers/datum_handlers/cast_member/text.rs:2884:18
     |
2884 |                 |player| value.int_value(),
     |                  ^^^^^^ help: if this is intentional, prefix it with an underscore: `_player`

warning: unused variable: `player`
    --> src/player/handlers/datum_handlers/cast_member/text.rs:2867:18
     |
2867 |                 |player| value.string_value(),
     |                  ^^^^^^ help: if this is intentional, prefix it with an underscore: `_player`

warning: unused variable: `player`
    --> src/player/handlers/datum_handlers/cast_member/text.rs:2843:18
     |
2843 |                 |player| value.string_value(),
     |                  ^^^^^^ help: if this is intentional, prefix it with an underscore: `_player`

warning: unused variable: `player`
    --> src/player/handlers/datum_handlers/cast_member/text.rs:2827:18
     |
2827 |                 |player| value.string_value(),
     |                  ^^^^^^ help: if this is intentional, prefix it with an underscore: `_player`

warning: unused variable: `player`
    --> src/player/handlers/datum_handlers/cast_member/text.rs:2810:18
     |
2810 |                 |player| value.string_value(),
     |                  ^^^^^^ help: if this is intentional, prefix it with an underscore: `_player`

warning: unused variable: `player`
    --> src/player/handlers/datum_handlers/cast_member/text.rs:2799:18
     |
2799 |                 |player| value.float_value().or_else(|_| value.int_value().map(|i| i as f64)),
     |                  ^^^^^^ help: if this is intentional, prefix it with an underscore: `_player`

warning: unused variable: `player`
    --> src/player/handlers/datum_handlers/cast_member/text.rs:2788:18
     |
2788 |                 |player| value.int_value(),
     |                  ^^^^^^ help: if this is intentional, prefix it with an underscore: `_player`

warning: unused variable: `player`
    --> src/player/handlers/datum_handlers/cast_member/text.rs:2777:18
     |
2777 |                 |player| value.int_value(),
     |                  ^^^^^^ help: if this is intentional, prefix it with an underscore: `_player`

warning: unused variable: `player`
    --> src/player/handlers/datum_handlers/cast_member/text.rs:2766:18
     |
2766 |                 |player| value.int_value(),
     |                  ^^^^^^ help: if this is intentional, prefix it with an underscore: `_player`

warning: unused variable: `player`
    --> src/player/handlers/datum_handlers/cast_member/text.rs:2757:18
     |
2757 |                 |player| value.int_value(),
     |                  ^^^^^^ help: if this is intentional, prefix it with an underscore: `_player`

warning: unused variable: `player`
    --> src/player/handlers/datum_handlers/cast_member/text.rs:2740:18
     |
2740 |                 |player| value.int_value(),
     |                  ^^^^^^ help: if this is intentional, prefix it with an underscore: `_player`

warning: unused variable: `player`
    --> src/player/handlers/datum_handlers/cast_member/text.rs:2710:18
     |
2710 |                 |player| value.int_value(),
     |                  ^^^^^^ help: if this is intentional, prefix it with an underscore: `_player`

warning: unused variable: `player`
    --> src/player/handlers/datum_handlers/cast_member/text.rs:2698:18
     |
2698 |                 |player| value.int_value(),
     |                  ^^^^^^ help: if this is intentional, prefix it with an underscore: `_player`

warning: unused variable: `player`
    --> src/player/handlers/datum_handlers/cast_member/text.rs:2528:18
     |
2528 |                 |player| value.string_value(),
     |                  ^^^^^^ help: if this is intentional, prefix it with an underscore: `_player`

warning: unused variable: `player`
    --> src/player/handlers/datum_handlers/cast_member/text.rs:2520:18
     |
2520 |                 |player| value.bool_value(),
     |                  ^^^^^^ help: if this is intentional, prefix it with an underscore: `_player`

warning: unused variable: `player`
    --> src/player/handlers/datum_handlers/cast_member/text.rs:2512:18
     |
2512 |                 |player| value.symbol_value(),
     |                  ^^^^^^ help: if this is intentional, prefix it with an underscore: `_player`

warning: unused variable: `player`
    --> src/player/handlers/datum_handlers/cast_member/text.rs:2504:18
     |
2504 |                 |player| value.int_value(),
     |                  ^^^^^^ help: if this is intentional, prefix it with an underscore: `_player`

warning: unused variable: `player`
    --> src/player/handlers/datum_handlers/cast_member/text.rs:2492:18
     |
2492 |                 |player| value.int_value(),
     |                  ^^^^^^ help: if this is intentional, prefix it with an underscore: `_player`

warning: unused variable: `player`
    --> src/player/handlers/datum_handlers/cast_member/text.rs:2435:18
     |
2435 |                 |player| value.int_value(),
     |                  ^^^^^^ help: if this is intentional, prefix it with an underscore: `_player`

warning: unused variable: `player`
    --> src/player/handlers/datum_handlers/cast_member/text.rs:2422:18
     |
2422 |                 |player| value.string_value(),
     |                  ^^^^^^ help: if this is intentional, prefix it with an underscore: `_player`

warning: unused variable: `player`
    --> src/player/handlers/datum_handlers/cast_member/text.rs:2414:18
     |
2414 |                 |player| value.int_value(),
     |                  ^^^^^^ help: if this is intentional, prefix it with an underscore: `_player`

warning: unused variable: `player`
    --> src/player/handlers/datum_handlers/cast_member/text.rs:2406:18
     |
2406 |                 |player| value.bool_value(),
     |                  ^^^^^^ help: if this is intentional, prefix it with an underscore: `_player`

warning: unused variable: `player`
    --> src/player/handlers/datum_handlers/cast_member/text.rs:2398:18
     |
2398 |                 |player| value.symbol_value(),
     |                  ^^^^^^ help: if this is intentional, prefix it with an underscore: `_player`

warning: unused variable: `player`
    --> src/player/handlers/datum_handlers/cast_member/text.rs:2358:18
     |
2358 |                 |player| value.string_value(),
     |                  ^^^^^^ help: if this is intentional, prefix it with an underscore: `_player`

warning: variable does not need to be mutable
    --> src/player/handlers/datum_handlers/cast_member/text.rs:3677:13
     |
3677 |         let mut flush_run = |run_buf: &mut String,
     |             ----^^^^^^^^^
     |             |
     |             help: remove this `mut`

warning: unused variable: `model_names`
   --> src/player/handlers/datum_handlers/cast_member/havok.rs:673:14
    |
673 |         let (model_names, model_transforms): (Vec<Symbol>, std::collections::HashMap<Symbol, [f32; 16]>) = {
    |              ^^^^^^^^^^^ help: if this is intentional, prefix it with an underscore: `_model_names`

warning: variable does not need to be mutable
   --> src/player/handlers/datum_handlers/cast_member/physx_gu_capsule_box.rs:202:21
    |
202 |     let (mut f_tmp, mut f_param, mut f_t, mut f_delta);
    |                     ----^^^^^^^
    |                     |
    |                     help: remove this `mut`

warning: variable does not need to be mutable
   --> src/player/handlers/datum_handlers/cast_member/physx_gu_capsule_box.rs:202:34
    |
202 |     let (mut f_tmp, mut f_param, mut f_t, mut f_delta);
    |                                  ----^^^
    |                                  |
    |                                  help: remove this `mut`

warning: variable does not need to be mutable
   --> src/player/handlers/datum_handlers/cast_member/physx_gu_capsule_box.rs:202:43
    |
202 |     let (mut f_tmp, mut f_param, mut f_t, mut f_delta);
    |                                           ----^^^^^^^
    |                                           |
    |                                           help: remove this `mut`

warning: variable does not need to be mutable
   --> src/player/handlers/datum_handlers/cast_member/physx_soa_solver.rs:166:17
    |
166 |             let mut hdr = SolverContactHeader {
    |                 ----^^^
    |                 |
    |                 help: remove this `mut`

warning: unused variable: `atom_a`
   --> src/player/handlers/datum_handlers/cast_member/physx_soa_solver.rs:184:21
    |
184 |                 let atom_a = &bodies[a as usize];
    |                     ^^^^^^ help: if this is intentional, prefix it with an underscore: `_atom_a`

warning: unused variable: `atom_b`
   --> src/player/handlers/datum_handlers/cast_member/physx_soa_solver.rs:185:21
    |
185 |                 let atom_b = &bodies[b as usize];
    |                     ^^^^^^ help: if this is intentional, prefix it with an underscore: `_atom_b`

warning: unused variable: `list_count`
   --> src/player/handlers/manager.rs:719:48
    |
719 |         let (handler_name, args, instance_ids, list_count) = reserve_player_mut(|player| {
    |                                                ^^^^^^^^^^ help: if this is intentional, prefix it with an underscore: `_list_count`

warning: unused variable: `sprite_num`
   --> src/player/score.rs:417:9
    |
417 |         sprite_num: u32,
    |         ^^^^^^^^^^ help: if this is intentional, prefix it with an underscore: `_sprite_num`

warning: unused variable: `player`
   --> src/player/handlers/datum_handlers/cast_member_ref.rs:762:9
    |
762 |         player: &mut DirPlayer,
    |         ^^^^^^ help: if this is intentional, prefix it with an underscore: `_player`

warning: variable does not need to be mutable
   --> src/player/handlers/datum_handlers/date.rs:101:25
    |
101 |                     let mut js_date = js_sys::Date::new(&wasm_bindgen::JsValue::from_f64(
    |                         ----^^^^^^^
    |                         |
    |                         help: remove this `mut`

warning: variable does not need to be mutable
   --> src/player/handlers/datum_handlers/date.rs:118:25
    |
118 |                     let mut js_date = js_sys::Date::new(&wasm_bindgen::JsValue::from_f64(
    |                         ----^^^^^^^
    |                         |
    |                         help: remove this `mut`

warning: variable does not need to be mutable
   --> src/player/handlers/datum_handlers/date.rs:134:25
    |
134 |                     let mut js_date = js_sys::Date::new(&wasm_bindgen::JsValue::from_f64(
    |                         ----^^^^^^^
    |                         |
    |                         help: remove this `mut`

warning: variable does not need to be mutable
   --> src/player/handlers/datum_handlers/date.rs:150:25
    |
150 |                     let mut js_date = js_sys::Date::new(&wasm_bindgen::JsValue::from_f64(
    |                         ----^^^^^^^
    |                         |
    |                         help: remove this `mut`

warning: variable does not need to be mutable
   --> src/player/handlers/datum_handlers/date.rs:166:25
    |
166 |                     let mut js_date = js_sys::Date::new(&wasm_bindgen::JsValue::from_f64(
    |                         ----^^^^^^^
    |                         |
    |                         help: remove this `mut`

warning: variable does not need to be mutable
   --> src/player/handlers/datum_handlers/date.rs:182:25
    |
182 |                     let mut js_date = js_sys::Date::new(&wasm_bindgen::JsValue::from_f64(
    |                         ----^^^^^^^
    |                         |
    |                         help: remove this `mut`

warning: variable does not need to be mutable
   --> src/player/handlers/datum_handlers/date.rs:198:25
    |
198 |                     let mut js_date = js_sys::Date::new(&wasm_bindgen::JsValue::from_f64(
    |                         ----^^^^^^^
    |                         |
    |                         help: remove this `mut`

warning: variable does not need to be mutable
   --> src/player/handlers/datum_handlers/date.rs:268:13
    |
268 |         let mut js_date = js_sys::Date::new(&wasm_bindgen::JsValue::from_f64(
    |             ----^^^^^^^
    |             |
    |             help: remove this `mut`

warning: unused variable: `player`
  --> src/player/handlers/datum_handlers/player.rs:74:38
   |
74 |             _ => reserve_player_ref(|player| {
   |                                      ^^^^^^ help: if this is intentional, prefix it with an underscore: `_player`

warning: unused variable: `prop_name_camel`
   --> src/player/handlers/datum_handlers/prop_list.rs:542:25
    |
542 |                     let prop_name_camel = {
    |                         ^^^^^^^^^^^^^^^ help: if this is intentional, prefix it with an underscore: `_prop_name_camel`

warning: unused variable: `args`
   --> src/player/handlers/datum_handlers/script.rs:159:39
    |
159 |     pub fn handlers(datum: &DatumRef, args: &Vec<DatumRef>) -> Result<DatumRef, ScriptError> {
    |                                       ^^^^ help: if this is intentional, prefix it with an underscore: `_args`

warning: unused variable: `args`
   --> src/player/handlers/datum_handlers/script_instance.rs:506:39
    |
506 |     pub fn handlers(datum: &DatumRef, args: &Vec<DatumRef>) -> Result<DatumRef, ScriptError> {
    |                                       ^^^^ help: if this is intentional, prefix it with an underscore: `_args`

warning: unused variable: `idx`
   --> src/player/handlers/datum_handlers/sound_channel.rs:629:14
    |
629 |         for (idx, segment_ref) in lingo_list.iter().enumerate() {
    |              ^^^ help: if this is intentional, prefix it with an underscore: `_idx`

warning: variable does not need to be mutable
    --> src/player/handlers/datum_handlers/sound_channel.rs:2094:21
     |
2094 |                 let mut ch = self_rc.borrow_mut();
     |                     ----^^
     |                     |
     |                     help: remove this `mut`

warning: unused variable: `layer`
    --> src/player/handlers/datum_handlers/sound_channel.rs:2692:13
     |
2692 |         let layer = (header[1] >> 1) & 0x03;
     |             ^^^^^ help: if this is intentional, prefix it with an underscore: `_layer`

warning: unused variable: `source`
    --> src/player/handlers/datum_handlers/sound_channel.rs:2793:25
     |
2793 |             if let Some(ref source) = self.source_node {
     |                         ^^^^^^^^^^ help: if this is intentional, prefix it with an underscore: `_source`

warning: unused variable: `source`
    --> src/player/handlers/datum_handlers/sound_channel.rs:2808:25
     |
2808 |             if let Some(ref source) = self.source_node {
     |                         ^^^^^^^^^^ help: if this is intentional, prefix it with an underscore: `_source`

warning: unused variable: `sample_count`
    --> src/player/handlers/datum_handlers/sound_channel.rs:3114:13
     |
3114 |         let sample_count = (pcm_data.len() / bytes_per_frame) as u32;
     |             ^^^^^^^^^^^^ help: if this is intentional, prefix it with an underscore: `_sample_count`

warning: unused variable: `sample_rate`
    --> src/player/handlers/datum_handlers/sound_channel.rs:3504:13
     |
3504 |         let sample_rate = 16000; // default for Director sounds
     |             ^^^^^^^^^^^ help: if this is intentional, prefix it with an underscore: `_sample_rate`

warning: unused variable: `data`
    --> src/player/handlers/datum_handlers/sound_channel.rs:3603:18
     |
3603 |     fn load_aiff(data: &[u8]) -> Result<AudioData, String> {
     |                  ^^^^ help: if this is intentional, prefix it with an underscore: `_data`

warning: unused variable: `props`
    --> src/player/handlers/datum_handlers/sound_channel.rs:3643:13
     |
3643 |         let props = match datum {
     |             ^^^^^ help: if this is intentional, prefix it with an underscore: `_props`

warning: unused variable: `member_datum`
    --> src/player/handlers/datum_handlers/sound_channel.rs:3727:25
     |
3727 |             if let Some(member_datum) = SoundChannel::get_proplist_prop(player, datum, Symbol::builtin(BuiltInSymbol::Member)) {
     |                         ^^^^^^^^^^^^ help: if this is intentional, prefix it with an underscore: `_member_datum`

warning: unused variable: `source`
    --> src/player/handlers/datum_handlers/sound_channel.rs:4113:21
     |
4113 |         if let Some(ref source) = self.source_node {
     |                     ^^^^^^^^^^ help: if this is intentional, prefix it with an underscore: `_source`

warning: unused variable: `context`
    --> src/player/handlers/datum_handlers/sound_channel.rs:4225:13
     |
4225 |         let context = self.audio_context();
     |             ^^^^^^^ help: if this is intentional, prefix it with an underscore: `_context`

warning: unused variable: `chunk_expr`
   --> src/player/handlers/datum_handlers/string_chunk.rs:104:9
    |
104 |         chunk_expr: &StringChunkExpr,
    |         ^^^^^^^^^^ help: if this is intentional, prefix it with an underscore: `_chunk_expr`

warning: unused variable: `start`
   --> src/player/handlers/datum_handlers/string_chunk.rs:518:22
    |
518 |                 let (start, end) = StringChunkUtils::vm_range_to_host(
    |                      ^^^^^ help: if this is intentional, prefix it with an underscore: `_start`

warning: unused variable: `datum`
  --> src/player/handlers/datum_handlers/timeout.rs:26:15
   |
26 |     fn set_at(datum: &DatumRef, args: &Vec<DatumRef>) -> Result<DatumRef, ScriptError> {
   |               ^^^^^ help: if this is intentional, prefix it with an underscore: `_datum`

warning: unreachable pattern
   --> src/player/handlers/datum_handlers/void.rs:101:13
    |
101 |             "count" | "number" => {
    |             ^^^^^^^^^^^^^^^^^^ no value can reach this
    |
note: multiple earlier patterns match some of the same values
   --> src/player/handlers/datum_handlers/void.rs:101:13
    |
 71 |               "count" | "length" => Ok(player.alloc_datum(Datum::Int(0))),
    |               ------------------ matches some of the same values
...
 91 | /             "name" | "type" | "number" | "member"
 92 | |             | "transform" | "parent" | "shader" | "shaderlist"
 93 | |             | "visibility" | "visible" | "blend" | "resource"
 94 | |             | "texture" | "texturelist" | "renderformat"
 95 | |             | "loch" | "locv" => {
    | |_____________________________- matches some of the same values
...
101 |               "count" | "number" => {
    |               ^^^^^^^^^^^^^^^^^^ collectively making this unreachable

warning: unused variable: `node`
   --> src/player/handlers/datum_handlers/xml.rs:932:29
    |
932 |                 if let Some(node) = player.xml_nodes.get(&xml_id) {
    |                             ^^^^ help: if this is intentional, prefix it with an underscore: `_node`

warning: variable `depth` is assigned to, but never used
    --> src/player/handlers/datum_handlers/shockwave3d_object.rs:3035:41
     |
3035 | ...                   let mut depth = 0u32;
     |                           ^^^^^^^^^
     |
     = note: consider using `_depth` instead

warning: unused variable: `cam_pos`
    --> src/player/handlers/datum_handlers/shockwave3d_object.rs:5454:25
     |
5454 |                     let cam_pos = [cam_transform[12], cam_transform[13], cam_transform[14]];
     |                         ^^^^^^^ help: if this is intentional, prefix it with an underscore: `_cam_pos`

warning: value assigned to `depth` is never read
    --> src/player/handlers/datum_handlers/shockwave3d_object.rs:3047:45
     |
3047 | ...                   depth += 1;
     |                       ^^^^^^^^^^
     |
     = help: maybe it is overwritten before being read?

warning: unused variable: `args`
   --> src/player/handlers/manager.rs:616:22
    |
616 |     fn clear_globals(args: &Vec<DatumRef>) -> Result<DatumRef, ScriptError> {
    |                      ^^^^ help: if this is intentional, prefix it with an underscore: `_args`

warning: unreachable pattern
    --> src/player/handlers/manager.rs:2497:110
     |
2013 | ...me(BuiltInSymbol::CharPosToLoc) => {
     |       --------------------------- matches all the relevant values
...
2497 | ...me(BuiltInSymbol::LocVToLinePos | BuiltInSymbol::LinePosToLocV | BuiltInSymbol::LocToCharPos | BuiltInSymbol::CharPosToLoc)
     |                                                                                                   ^^^^^^^^^^^^^^^^^^^^^^^^^^^ no value can reach this

warning: unreachable pattern
    --> src/player/handlers/manager.rs:1738:13
     |
1162 |             Some(BuiltInSymbol::GetPos) => Self::get_pos_global(args),
     |             --------------------------- matches all the relevant values
...
1738 |             Some(BuiltInSymbol::GetPos) => reserve_player_mut(|player| {
     |             ^^^^^^^^^^^^^^^^^^^^^^^^^^^ no value can reach this

warning: unreachable pattern
    --> src/player/handlers/manager.rs:1880:13
     |
1144 |             Some(BuiltInSymbol::Objectp) => TypeHandlers::objectp(args),
     |             ---------------------------- matches all the relevant values
...
1880 |             Some(BuiltInSymbol::Objectp) => Self::object_p(args),
     |             ^^^^^^^^^^^^^^^^^^^^^^^^^^^^ no value can reach this

warning: unreachable pattern
    --> src/player/handlers/manager.rs:1904:13
     |
1240 |             Some(BuiltInSymbol::Play) => {
     |             ------------------------- matches all the relevant values
...
1904 |             Some(BuiltInSymbol::Play) => {
     |             ^^^^^^^^^^^^^^^^^^^^^^^^^ no value can reach this

warning: unused variable: `channel_index`
    --> src/player/handlers/manager.rs:2911:35
     |
2911 |                 for (frame_index, channel_index, data) in &player.movie.score.channel_initialization_data {
     |                                   ^^^^^^^^^^^^^ help: if this is intentional, prefix it with an underscore: `_channel_index`

warning: unused variable: `args`
   --> src/player/handlers/movie.rs:878:33
    |
878 |     pub fn external_param_count(args: &Vec<DatumRef>) -> Result<DatumRef, ScriptError> {
    |                                 ^^^^ help: if this is intentional, prefix it with an underscore: `_args`

warning: unused variable: `args`
    --> src/player/handlers/movie.rs:1520:17
     |
1520 |     pub fn halt(args: &Vec<DatumRef>) -> Result<DatumRef, ScriptError> {
     |                 ^^^^ help: if this is intentional, prefix it with an underscore: `_args`

warning: unreachable pattern
   --> src/player/handlers/types.rs:288:13
    |
134 |             Datum::List(_, list, _) => {
    |             ----------------------- matches all the relevant values
...
288 |             Datum::List(_, items, _) => {
    |             ^^^^^^^^^^^^^^^^^^^^^^^^ no value can reach this

warning: variable does not need to be mutable
    --> src/player/handlers/types.rs:1515:17
     |
1515 |             let mut s = js_sys::Date::new_0()
     |                 ----^
     |                 |
     |                 help: remove this `mut`

warning: variable `me_prepended` is assigned to, but never used
   --> src/player/js_lingo_loader.rs:335:9
    |
335 |     let mut me_prepended = false;
    |         ^^^^^^^^^^^^^^^^
    |
    = note: consider using `_me_prepended` instead

warning: unused variable: `arg_summary`
   --> src/player/js_lingo_loader.rs:354:9
    |
354 |     let arg_summary = js_args
    |         ^^^^^^^^^^^ help: if this is intentional, prefix it with an underscore: `_arg_summary`

warning: value assigned to `me_prepended` is never read
   --> src/player/js_lingo_loader.rs:349:13
    |
349 |             me_prepended = true;
    |             ^^^^^^^^^^^^^^^^^^^
    |
    = help: maybe it is overwritten before being read?

warning: unreachable pattern
   --> src/player/movie.rs:613:68
    |
466 |             BuiltInSymbol::ExitLock => {
    |             ----------------------- matches all the relevant values
...
613 |             | BuiltInSymbol::BeepOn | BuiltInSymbol::CenterStage | BuiltInSymbol::ExitLock | BuiltInSymbol::FixStageSize
    |                                                                    ^^^^^^^^^^^^^^^^^^^^^^^ no value can reach this

warning: unused variable: `datums`
   --> src/player/movie.rs:462:9
    |
462 |         datums: &DatumAllocator,
    |         ^^^^^^ help: if this is intentional, prefix it with an underscore: `_datums`

warning: unused variable: `sprite`
    --> src/player/score.rs:2175:33
     |
2175 | ...                   let sprite = match &score_ref_clone {
     |                           ^^^^^^ help: if this is intentional, prefix it with an underscore: `_sprite`

warning: unused variable: `channel_index`
   --> src/player/score.rs:906:24
    |
906 |         for (i, (span, channel_index, data)) in span_init_data.iter().enumerate() {
    |                        ^^^^^^^^^^^^^ help: if this is intentional, prefix it with an underscore: `_channel_index`

warning: unused variable: `script_instance_ref`
    --> src/player/score.rs:1756:26
     |
1756 |                     let (script_instance_ref, datum_ref) = match behavior_result {
     |                          ^^^^^^^^^^^^^^^^^^^ help: if this is intentional, prefix it with an underscore: `_script_instance_ref`

warning: unused variable: `script_instance_ref`
    --> src/player/score.rs:1977:30
     |
1977 |                         let (script_instance_ref, datum_ref) = match behavior_result {
     |                              ^^^^^^^^^^^^^^^^^^^ help: if this is intentional, prefix it with an underscore: `_script_instance_ref`

warning: unused variable: `sprite_member`
    --> src/player/score.rs:2105:21
     |
2105 |                 let sprite_member = CastMemberRef {
     |                     ^^^^^^^^^^^^^ help: if this is intentional, prefix it with an underscore: `_sprite_member`

warning: unused variable: `script_instance_ref`
    --> src/player/score.rs:2122:27
     |
2122 |                     Some((script_instance_ref, datum_ref)) => {
     |                           ^^^^^^^^^^^^^^^^^^^ help: if this is intentional, prefix it with an underscore: `_script_instance_ref`

warning: unused variable: `script_instance_ref`
    --> src/player/score.rs:2423:22
     |
2423 |                 let (script_instance_ref, datum_ref) = match behavior_result {
     |                      ^^^^^^^^^^^^^^^^^^^ help: if this is intentional, prefix it with an underscore: `_script_instance_ref`

warning: unused variable: `player`
    --> src/player/score.rs:5265:14
     |
5265 |             |player| value.int_value(),
     |              ^^^^^^ help: if this is intentional, prefix it with an underscore: `_player`

warning: unused variable: `player`
    --> src/player/score.rs:5012:14
     |
5012 |             |player| Ok::<_, ScriptError>(value.clone()),
     |              ^^^^^^ help: if this is intentional, prefix it with an underscore: `_player`

warning: unused variable: `player`
    --> src/player/score.rs:4945:14
     |
4945 |             |player| value.int_value(),
     |              ^^^^^^ help: if this is intentional, prefix it with an underscore: `_player`

warning: unused variable: `player`
    --> src/player/score.rs:4922:14
     |
4922 |             |player| value.int_value(),
     |              ^^^^^^ help: if this is intentional, prefix it with an underscore: `_player`

warning: unused variable: `player`
    --> src/player/score.rs:4696:14
     |
4696 |             |player| value.int_value(),
     |              ^^^^^^ help: if this is intentional, prefix it with an underscore: `_player`

warning: unused variable: `player`
    --> src/player/score.rs:4688:14
     |
4688 |             |player| value.int_value(),
     |              ^^^^^^ help: if this is intentional, prefix it with an underscore: `_player`

warning: unused variable: `player`
    --> src/player/score.rs:4622:14
     |
4622 |             |player| value.int_value(),
     |              ^^^^^^ help: if this is intentional, prefix it with an underscore: `_player`

warning: unused variable: `player`
    --> src/player/score.rs:4609:14
     |
4609 |             |player| value.int_value(),
     |              ^^^^^^ help: if this is intentional, prefix it with an underscore: `_player`

warning: unused variable: `player`
    --> src/player/score.rs:4600:18
     |
4600 |                 |player| value.int_value(),
     |                  ^^^^^^ help: if this is intentional, prefix it with an underscore: `_player`

warning: unused variable: `player`
    --> src/player/score.rs:4586:14
     |
4586 |             |player| value.int_value(),
     |              ^^^^^^ help: if this is intentional, prefix it with an underscore: `_player`

warning: unused variable: `player`
    --> src/player/score.rs:4577:14
     |
4577 |             |player| value.int_value(),
     |              ^^^^^^ help: if this is intentional, prefix it with an underscore: `_player`

warning: unused variable: `player`
    --> src/player/score.rs:4569:14
     |
4569 |             |player| value.int_value(),
     |              ^^^^^^ help: if this is intentional, prefix it with an underscore: `_player`

warning: unused variable: `player`
   --> src/player/script.rs:439:5
    |
439 |     player: &'a DirPlayer,
    |     ^^^^^^ help: if this is intentional, prefix it with an underscore: `_player`

warning: variable does not need to be mutable
   --> src/player/xtra/multiuser/mod.rs:395:25
    |
395 |                     let mut multiusr_manager =
    |                         ----^^^^^^^^^^^^^^^^
    |                         |
    |                         help: remove this `mut`

warning: variable does not need to be mutable
   --> src/player/xtra/multiuser/mod.rs:414:25
    |
414 |                     let mut multiusr_manager =
    |                         ----^^^^^^^^^^^^^^^^
    |                         |
    |                         help: remove this `mut`

warning: variable does not need to be mutable
   --> src/player/xtra/multiuser/mod.rs:152:21
    |
152 |                 let mut multiusr_manager = unsafe { MULTIUSER_XTRA_MANAGER_OPT.as_mut().unwrap() };
    |                     ----^^^^^^^^^^^^^^^^
    |                     |
    |                     help: remove this `mut`

warning: variable does not need to be mutable
   --> src/player/xtra/multiuser/mod.rs:170:21
    |
170 |                 let mut multiusr_manager = unsafe { MULTIUSER_XTRA_MANAGER_OPT.as_mut().unwrap() };
    |                     ----^^^^^^^^^^^^^^^^
    |                     |
    |                     help: remove this `mut`

warning: variable does not need to be mutable
   --> src/player/xtra/multiuser/mod.rs:502:21
    |
502 |                 let mut multiusr_manager = unsafe { MULTIUSER_XTRA_MANAGER_OPT.as_mut().unwrap() };
    |                     ----^^^^^^^^^^^^^^^^
    |                     |
    |                     help: remove this `mut`

warning: variable does not need to be mutable
   --> src/player/xtra/multiuser/mod.rs:569:21
    |
569 |                 let mut multiusr_manager = unsafe { MULTIUSER_XTRA_MANAGER_OPT.as_mut().unwrap() };
    |                     ----^^^^^^^^^^^^^^^^
    |                     |
    |                     help: remove this `mut`

warning: variable does not need to be mutable
   --> src/player/xtra/multiuser/mod.rs:689:9
    |
689 |     let mut manager = unsafe { MULTIUSER_XTRA_MANAGER_OPT.as_mut().unwrap() };
    |         ----^^^^^^^
    |         |
    |         help: remove this `mut`

warning: unused variable: `prev`
  --> src/player/score_keyframes.rs:21:42
   |
21 |     fn resolve_with_prev(raw: Self::Raw, prev: Option<&Self>) -> Self {
   |                                          ^^^^ help: if this is intentional, prefix it with an underscore: `_prev`

warning: unused variable: `player`
   --> src/player/virtual_scripts/mod.rs:361:33
    |
361 | pub fn register_virtual_scripts(player: &mut DirPlayer) {
    |                                 ^^^^^^ help: if this is intentional, prefix it with an underscore: `_player`

warning: unused variable: `member_ref`
    --> src/player/mod.rs:3881:37
     |
3881 |     pub fn load_sound_member(&self, member_ref: &DatumRef) -> Result<AudioData, ScriptError> {
     |                                     ^^^^^^^^^^ help: if this is intentional, prefix it with an underscore: `_member_ref`

warning: unused variable: `old_frame`
    --> src/player/mod.rs:4013:25
     |
4013 |                     let old_frame = film_loop.current_frame;
     |                         ^^^^^^^^^ help: if this is intentional, prefix it with an underscore: `_old_frame`

warning[E0133]: use of mutable static is unsafe and requires unsafe block
    --> src/player/mod.rs:4347:8
     |
4347 |     if ACTIVE_PLAYER_ID == 0 {
     |        ^^^^^^^^^^^^^^^^ use of mutable static
     |
     = note: mutable statics can be mutated by multiple threads: aliasing violations or data races will cause undefined behavior
note: an unsafe function restricts its caller, but its body is safe by default
    --> src/player/mod.rs:4346:1
     |
4346 | unsafe fn active_player_ptr() -> *mut DirPlayer {
     | ^^^^^^^^^^^^^^^^^^^^^^^^^^^^^^^^^^^^^^^^^^^^^^^
     = note: for more information, see <https://doc.rust-lang.org/edition-guide/rust-2024/unsafe-op-in-unsafe-fn.html>
     = note: `#[warn(unsafe_op_in_unsafe_fn)]` (part of `#[warn(rust_2024_compatibility)]`) on by default

warning[E0133]: call to unsafe function `std::option::Option::<T>::unwrap_unchecked` is unsafe and requires unsafe block
    --> src/player/mod.rs:4348:9
     |
4348 |         PLAYER_OPT.as_mut().unwrap_unchecked() as *mut DirPlayer
     |         ^^^^^^^^^^^^^^^^^^^^^^^^^^^^^^^^^^^^^^ call to unsafe function
     |
     = note: consult the function's documentation for information on how to avoid undefined behavior
     = note: for more information, see <https://doc.rust-lang.org/edition-guide/rust-2024/unsafe-op-in-unsafe-fn.html>

warning[E0133]: use of mutable static is unsafe and requires unsafe block
    --> src/player/mod.rs:4348:9
     |
4348 |         PLAYER_OPT.as_mut().unwrap_unchecked() as *mut DirPlayer
     |         ^^^^^^^^^^ use of mutable static
     |
     = note: mutable statics can be mutated by multiple threads: aliasing violations or data races will cause undefined behavior
     = note: for more information, see <https://doc.rust-lang.org/edition-guide/rust-2024/unsafe-op-in-unsafe-fn.html>

warning[E0133]: call to unsafe function `std::option::Option::<T>::unwrap_unchecked` is unsafe and requires unsafe block
    --> src/player/mod.rs:4350:9
     |
4350 | /         NESTED_PLAYERS
4351 | |             .get_unchecked_mut(ACTIVE_PLAYER_ID - 1)
4352 | |             .as_mut()
4353 | |             .unwrap_unchecked() as *mut DirPlayer
     | |_______________________________^ call to unsafe function
     |
     = note: consult the function's documentation for information on how to avoid undefined behavior
     = note: for more information, see <https://doc.rust-lang.org/edition-guide/rust-2024/unsafe-op-in-unsafe-fn.html>

warning[E0133]: call to unsafe function `core::slice::<impl [T]>::get_unchecked_mut` is unsafe and requires unsafe block
    --> src/player/mod.rs:4350:9
     |
4350 | /         NESTED_PLAYERS
4351 | |             .get_unchecked_mut(ACTIVE_PLAYER_ID - 1)
     | |____________________________________________________^ call to unsafe function
     |
     = note: consult the function's documentation for information on how to avoid undefined behavior
     = note: for more information, see <https://doc.rust-lang.org/edition-guide/rust-2024/unsafe-op-in-unsafe-fn.html>

warning[E0133]: use of mutable static is unsafe and requires unsafe block
    --> src/player/mod.rs:4350:9
     |
4350 |         NESTED_PLAYERS
     |         ^^^^^^^^^^^^^^ use of mutable static
     |
     = note: mutable statics can be mutated by multiple threads: aliasing violations or data races will cause undefined behavior
     = note: for more information, see <https://doc.rust-lang.org/edition-guide/rust-2024/unsafe-op-in-unsafe-fn.html>

warning[E0133]: use of mutable static is unsafe and requires unsafe block
    --> src/player/mod.rs:4351:32
     |
4351 |             .get_unchecked_mut(ACTIVE_PLAYER_ID - 1)
     |                                ^^^^^^^^^^^^^^^^ use of mutable static
     |
     = note: mutable statics can be mutated by multiple threads: aliasing violations or data races will cause undefined behavior
     = note: for more information, see <https://doc.rust-lang.org/edition-guide/rust-2024/unsafe-op-in-unsafe-fn.html>

warning[E0133]: dereference of raw pointer is unsafe and requires unsafe block
    --> src/player/mod.rs:4413:6
     |
4413 |     &*active_player_ptr()
     |      ^^^^^^^^^^^^^^^^^^^^ dereference of raw pointer
     |
     = note: raw pointers may be null, dangling or unaligned; they can violate aliasing rules and cause data races: all of these are undefined behavior
note: an unsafe function restricts its caller, but its body is safe by default
    --> src/player/mod.rs:4412:1
     |
4412 | pub unsafe fn player_ref() -> &'static DirPlayer {
     | ^^^^^^^^^^^^^^^^^^^^^^^^^^^^^^^^^^^^^^^^^^^^^^^^
     = note: for more information, see <https://doc.rust-lang.org/edition-guide/rust-2024/unsafe-op-in-unsafe-fn.html>

warning[E0133]: call to unsafe function `player::active_player_ptr` is unsafe and requires unsafe block
    --> src/player/mod.rs:4413:7
     |
4413 |     &*active_player_ptr()
     |       ^^^^^^^^^^^^^^^^^^^ call to unsafe function
     |
     = note: consult the function's documentation for information on how to avoid undefined behavior
     = note: for more information, see <https://doc.rust-lang.org/edition-guide/rust-2024/unsafe-op-in-unsafe-fn.html>

warning[E0133]: dereference of raw pointer is unsafe and requires unsafe block
    --> src/player/mod.rs:4420:10
     |
4420 |     &mut *active_player_ptr()
     |          ^^^^^^^^^^^^^^^^^^^^ dereference of raw pointer
     |
     = note: raw pointers may be null, dangling or unaligned; they can violate aliasing rules and cause data races: all of these are undefined behavior
note: an unsafe function restricts its caller, but its body is safe by default
    --> src/player/mod.rs:4419:1
     |
4419 | pub unsafe fn player_mut() -> &'static mut DirPlayer {
     | ^^^^^^^^^^^^^^^^^^^^^^^^^^^^^^^^^^^^^^^^^^^^^^^^^^^^
     = note: for more information, see <https://doc.rust-lang.org/edition-guide/rust-2024/unsafe-op-in-unsafe-fn.html>

warning[E0133]: call to unsafe function `player::active_player_ptr` is unsafe and requires unsafe block
    --> src/player/mod.rs:4420:11
     |
4420 |     &mut *active_player_ptr()
     |           ^^^^^^^^^^^^^^^^^^^ call to unsafe function
     |
     = note: consult the function's documentation for information on how to avoid undefined behavior
     = note: for more information, see <https://doc.rust-lang.org/edition-guide/rust-2024/unsafe-op-in-unsafe-fn.html>

warning: variable does not need to be mutable
    --> src/rendering.rs:1279:22
     |
1279 |                 let (mut ink, sprite_color, sprite_bg_color) = {
     |                      ----^^^
     |                      |
     |                      help: remove this `mut`

warning: unused variable: `bg_color`
    --> src/rendering.rs:2049:21
     |
2049 |                 let bg_color = match sprite.member.as_ref() {
     |                     ^^^^^^^^ help: if this is intentional, prefix it with an underscore: `_bg_color`

warning: value assigned to `src_rect` is never read
    --> src/rendering.rs:2073:36
     |
2073 |                 let mut src_rect = IntRect::from(0, 0, 0, 0);
     |                                    ^^^^^^^^^^^^^^^^^^^^^^^^^ this value is reassigned later and never used
...
2097 |                     src_rect = IntRect::from(0, 0, sprite.width as i32, sprite.height as i32);
     |                     ------------------------------------------------------------------------- `src_rect` is overwritten here before the previous value is read

warning: variable does not need to be mutable
    --> src/rendering_gpu/webgl2/scene3d.rs:1231:13
     |
1231 |         let mut all_meshes = Vec::new();
     |             ----^^^^^^^^^^
     |             |
     |             help: remove this `mut`

warning: unused variable: `is_playing`
    --> src/rendering_gpu/webgl2/scene3d.rs:2152:21
     |
2152 |                 let is_playing = runtime_state.map(|rs| rs.animation_playing).unwrap_or(true);
     |                     ^^^^^^^^^^ help: if this is intentional, prefix it with an underscore: `_is_playing`

warning: unused variable: `scene`
    --> src/rendering_gpu/webgl2/scene3d.rs:3686:9
     |
3686 |         scene: &W3dScene,
     |         ^^^^^ help: if this is intentional, prefix it with an underscore: `_scene`

warning: unused variable: `existing_tex`
    --> src/rendering_gpu/webgl2/scene3d.rs:3729:29
     |
3729 |                 if let Some(existing_tex) = gpu_data.textures.get(&tex_key) {
     |                             ^^^^^^^^^^^^ help: if this is intentional, prefix it with an underscore: `_existing_tex`

warning: unused variable: `rtt_tex`
    --> src/rendering_gpu/webgl2/scene3d.rs:3735:29
     |
3735 |                 if let Some(ref rtt_tex) = self.rtt_texture {
     |                             ^^^^^^^^^^^ help: if this is intentional, prefix it with an underscore: `_rtt_tex`

warning: variable `has_lightmap_layer` is assigned to, but never used
    --> src/rendering_gpu/webgl2/scene3d.rs:4552:21
     |
4552 |                 let mut has_lightmap_layer = false;
     |                     ^^^^^^^^^^^^^^^^^^^^^^
     |
     = note: consider using `_has_lightmap_layer` instead

warning: value assigned to `has_lightmap_layer` is never read
    --> src/rendering_gpu/webgl2/scene3d.rs:4555:21
     |
4555 |                     has_lightmap_layer = !layers.extra_layers.is_empty();
     |                     ^^^^^^^^^^^^^^^^^^^^^^^^^^^^^^^^^^^^^^^^^^^^^^^^^^^^
     |
     = help: maybe it is overwritten before being read?

warning: unused variable: `gpu_data`
    --> src/rendering_gpu/webgl2/scene3d.rs:4852:9
     |
4852 |         gpu_data: &MemberGpuData,
     |         ^^^^^^^^ help: if this is intentional, prefix it with an underscore: `_gpu_data`

warning: unused variable: `camera_pos`
    --> src/rendering_gpu/webgl2/scene3d.rs:5233:94
     |
5233 |     fn setup_lights(&self, gl: &WebGl2RenderingContext, shader: &Shader3d, scene: &W3dScene, camera_pos: &[f32; 3],
     |                                                                                              ^^^^^^^^^^ help: if this is intentional, prefix it with an underscore: `_camera_pos`

warning: unused variable: `df`
   --> src/rendering_gpu/webgl2/mod.rs:774:13
    |
774 |         let df = SPRITE_DEBUG_FRAME.fetch_add(1, std::sync::atomic::Ordering::Relaxed);
    |             ^^ help: if this is intentional, prefix it with an underscore: `_df`

warning: unused variable: `bg_color`
    --> src/rendering_gpu/webgl2/mod.rs:1576:17
     |
1576 |             let bg_color = if crate::player::gif::is_gif_member(player, member_ref.cast_lib, member_ref.cast_member) {
     |                 ^^^^^^^^ help: if this is intentional, prefix it with an underscore: `_bg_color`

warning: unused variable: `should_use_colorkey_ink40`
    --> src/rendering_gpu/webgl2/mod.rs:4840:13
     |
4840 |         let should_use_colorkey_ink40 = ink == 40 && (is_16bit || (is_32bit && !bitmap.use_alpha));
     |             ^^^^^^^^^^^^^^^^^^^^^^^^^ help: if this is intentional, prefix it with an underscore: `_should_use_colorkey_ink40`

warning: variable does not need to be mutable
    --> src/rendering_gpu/webgl2/mod.rs:6084:13
     |
6084 |         let mut render_width = width as u16;
     |             ----^^^^^^^^^^^^
     |             |
     |             help: remove this `mut`

warning: variable does not need to be mutable
    --> src/rendering_gpu/webgl2/mod.rs:6426:21
     |
6426 |                 let mut render_line = |line: &str, y_pos: i32, bitmap: &mut Bitmap| {
     |                     ----^^^^^^^^^^^
     |                     |
     |                     help: remove this `mut`

warning: variable does not need to be mutable
    --> src/rendering_gpu/webgl2/mod.rs:7068:29
     |
7068 |                         let mut run_params = CopyPixelsParams {
     |                             ----^^^^^^^^^^
     |                             |
     |                             help: remove this `mut`

warning: unused variable: `fg_color_rgb`
    --> src/rendering_gpu/webgl2/mod.rs:6419:17
     |
6419 |             let fg_color_rgb = resolve_color_ref(
     |                 ^^^^^^^^^^^^ help: if this is intentional, prefix it with an underscore: `_fg_color_rgb`

warning: unused variable: `native_char_height`
    --> src/rendering_gpu/webgl2/mod.rs:6742:21
     |
6742 |                 let native_char_height = font.char_height.max(1) as i32;
     |                     ^^^^^^^^^^^^^^^^^^ help: if this is intentional, prefix it with an underscore: `_native_char_height`

warning: value assigned to `synthetic_spans` is never read
    --> src/rendering_gpu/webgl2/mod.rs:6230:60
     |
6230 |         let mut synthetic_spans: Option<Vec<StyledSpan>> = None;
     |                                                            ^^^^ this value is reassigned later and never used
...
6254 |                 synthetic_spans = Some(vec![StyledSpan {
     |                 --------------- `synthetic_spans` is overwritten here before the previous value is read

warning: unused variable: `channel_num`
  --> src/rendering_gpu/mod.rs:74:64
   |
74 |     fn draw_sprite_isolated(&mut self, player: &mut DirPlayer, channel_num: i16) {
   |                                                                ^^^^^^^^^^^ help: if this is intentional, prefix it with an underscore: `_channel_num`

warning: unused variable: `x_min`
   --> src/director/chunks/pfr1/physical.rs:377:9
    |
377 |     let x_min = record.x_min as i32;
    |         ^^^^^ help: if this is intentional, prefix it with an underscore: `_x_min`

warning: variable does not need to be mutable
    --> src/director/chunks/pfr1/glyph.rs:1067:67
     |
1067 |     fn read_ce9d_flag_nibble_cached(&mut self, mut aligned: bool, mut cache: i32, mut count: i32) -> (i32, bool, i32, i32) {
     |                                                                   ----^^^^^
     |                                                                   |
     |                                                                   help: remove this `mut`

warning: variable does not need to be mutable
    --> src/director/chunks/pfr1/glyph.rs:1067:83
     |
1067 |     fn read_ce9d_flag_nibble_cached(&mut self, mut aligned: bool, mut cache: i32, mut count: i32) -> (i32, bool, i32, i32) {
     |                                                                                   ----^^^^^
     |                                                                                   |
     |                                                                                   help: remove this `mut`

warning: value assigned to `v5` is never read
    --> src/director/chunks/pfr1/glyph.rs:1573:27
     |
1573 |         let mut v5: u32 = 0;
     |                           ^ this value is reassigned later and never used
...
1577 |             7 => { v5 = 2210; path = 49; }
     |                    --------- `v5` is overwritten here before the previous value is read

warning: value assigned to `path` is never read
    --> src/director/chunks/pfr1/glyph.rs:1574:29
     |
1574 |         let mut path: u32 = 0; // 49, 54, or 70
     |                             ^ this value is reassigned later and never used
...
1577 |             7 => { v5 = 2210; path = 49; }
     |                               --------- `path` is overwritten here before the previous value is read

warning: variable does not need to be mutable
    --> src/director/chunks/pfr1/glyph.rs:2368:14
     |
2368 |         let (mut fx0, mut fy0) = self.apply_transform_flags_with_raw(x0, y0, tx0, ty0);
     |              ----^^^
     |              |
     |              help: remove this `mut`

warning: variable does not need to be mutable
    --> src/director/chunks/pfr1/glyph.rs:2368:23
     |
2368 |         let (mut fx0, mut fy0) = self.apply_transform_flags_with_raw(x0, y0, tx0, ty0);
     |                       ----^^^
     |                       |
     |                       help: remove this `mut`

warning: variable does not need to be mutable
    --> src/director/chunks/pfr1/glyph.rs:2369:14
     |
2369 |         let (mut fx1, mut fy1) = self.apply_transform_flags_with_raw(x1, y1, tx1, ty1);
     |              ----^^^
     |              |
     |              help: remove this `mut`

warning: variable does not need to be mutable
    --> src/director/chunks/pfr1/glyph.rs:2369:23
     |
2369 |         let (mut fx1, mut fy1) = self.apply_transform_flags_with_raw(x1, y1, tx1, ty1);
     |                       ----^^^
     |                       |
     |                       help: remove this `mut`

warning: variable does not need to be mutable
    --> src/director/chunks/pfr1/glyph.rs:2370:14
     |
2370 |         let (mut fx2, mut fy2) = self.apply_transform_flags_with_raw(x2, y2, tx2, ty2);
     |              ----^^^
     |              |
     |              help: remove this `mut`

warning: variable does not need to be mutable
    --> src/director/chunks/pfr1/glyph.rs:2370:23
     |
2370 |         let (mut fx2, mut fy2) = self.apply_transform_flags_with_raw(x2, y2, tx2, ty2);
     |                       ----^^^
     |                       |
     |                       help: remove this `mut`

warning: variable does not need to be mutable
    --> src/director/chunks/pfr1/glyph.rs:2371:14
     |
2371 |         let (mut fx3, mut fy3) = self.apply_transform_flags_with_raw(x3, y3, tx3, ty3);
     |              ----^^^
     |              |
     |              help: remove this `mut`

warning: variable does not need to be mutable
    --> src/director/chunks/pfr1/glyph.rs:2371:23
     |
2371 |         let (mut fx3, mut fy3) = self.apply_transform_flags_with_raw(x3, y3, tx3, ty3);
     |                       ----^^^
     |                       |
     |                       help: remove this `mut`

warning: variable does not need to be mutable
    --> src/director/chunks/pfr1/glyph.rs:2949:13
     |
2949 |         let mut finish_contour = |contours: &mut Vec<PfrContour>, current: &mut PfrContour| {
     |             ----^^^^^^^^^^^^^^
     |             |
     |             help: remove this `mut`

warning: variable does not need to be mutable
    --> src/director/chunks/pfr1/glyph.rs:2956:13
     |
2956 |         let mut read_coord_pair = |data: &[u8], pos: &mut usize| -> (f32, f32) {
     |             ----^^^^^^^^^^^^^^^
     |             |
     |             help: remove this `mut`

warning: value assigned to `best_score` is never read
    --> src/director/chunks/pfr1/glyph.rs:3355:13
     |
3355 |             best_score = direct_score;
     |             ^^^^^^^^^^^^^^^^^^^^^^^^^
     |
     = help: maybe it is overwritten before being read?

warning: value assigned to `header_score` is never read
    --> src/director/chunks/pfr1/glyph.rs:3310:33
     |
3310 |     let mut header_score: i32 = 0;
     |                                 ^ this value is reassigned later and never used
...
3338 |         header_score = score_glyph(&glyph, true);
     |         ---------------------------------------- `header_score` is overwritten here before the previous value is read

warning: value assigned to `direct_score` is never read
    --> src/director/chunks/pfr1/glyph.rs:3311:33
     |
3311 |     let mut direct_score: i32 = 0;
     |                                 ^ this value is reassigned later and never used
...
3352 |         direct_score = score_glyph(&glyph, false);
     |         ----------------------------------------- `direct_score` is overwritten here before the previous value is read

warning: value assigned to `header_contours` is never read
    --> src/director/chunks/pfr1/glyph.rs:3312:31
     |
3312 |     let mut header_contours = 0usize;
     |                               ^^^^^^ this value is reassigned later and never used
...
3337 |         header_contours = glyph.contours.len();
     |         -------------------------------------- `header_contours` is overwritten here before the previous value is read

warning: value assigned to `direct_contours` is never read
    --> src/director/chunks/pfr1/glyph.rs:3313:31
     |
3313 |     let mut direct_contours = 0usize;
     |                               ^^^^^^ this value is reassigned later and never used
...
3351 |         direct_contours = glyph.contours.len();
     |         -------------------------------------- `direct_contours` is overwritten here before the previous value is read

warning: unused variable: `block`
   --> src/director/chunks/pfr1/rasterizer.rs:295:9
    |
295 |     let block = oversample * oversample;
    |         ^^^^^ help: if this is intentional, prefix it with an underscore: `_block`

warning: unused variable: `ch`
   --> src/director/chunks/pfr1/mod.rs:305:25
    |
305 |                     let ch = char_code as u8 as char;
    |                         ^^ help: if this is intentional, prefix it with an underscore: `_ch`

warning: variable does not need to be mutable
   --> src/director/chunks/score.rs:156:13
    |
156 |         let mut reserved_28: u16 = 0;
    |             ----^^^^^^^^^^^
    |             |
    |             help: remove this `mut`

warning: variable does not need to be mutable
   --> src/director/chunks/score.rs:157:13
    |
157 |         let mut reserved_32: u16 = 0;
    |             ----^^^^^^^^^^^
    |             |
    |             help: remove this `mut`

warning: unused variable: `start_pos`
  --> src/director/chunks/score.rs:96:13
   |
96 |         let start_pos = reader.pos;
   |             ^^^^^^^^^ help: if this is intentional, prefix it with an underscore: `_start_pos`

warning: unused variable: `safe_name`
   --> src/director/chunks/w3d/types.rs:534:17
    |
534 |             let safe_name = resource_name.as_str().replace(' ', "_");
    |                 ^^^^^^^^^ help: if this is intentional, prefix it with an underscore: `_safe_name`

warning: unused variable: `res_info`
   --> src/director/chunks/w3d/types.rs:616:17
    |
616 |             let res_info = self.model_resources.get(resource_name);
    |                 ^^^^^^^^ help: if this is intentional, prefix it with an underscore: `_res_info`

warning: unused variable: `mtl_name`
   --> src/director/chunks/w3d/types.rs:722:30
    |
722 |     pub fn export_mtl(&self, mtl_name: &str) -> String {
    |                              ^^^^^^^^ help: if this is intentional, prefix it with an underscore: `_mtl_name`

warning: unused variable: `side_start`
   --> src/director/chunks/w3d/primitives.rs:158:9
    |
158 |     let side_start = positions.len() as u32;
    |         ^^^^^^^^^^ help: if this is intentional, prefix it with an underscore: `_side_start`

warning: variable does not need to be mutable
   --> src/director/chunks/xmedia_styled_text.rs:342:13
    |
342 |         let mut key = match u16::from_str_radix(key_str, 16) {
    |             ----^^^
    |             |
    |             help: remove this `mut`

warning: unused variable: `doc_version`
    --> src/director/chunks/xmedia_styled_text.rs:1597:33
     |
1597 | fn parse_section_8(data: &[u8], doc_version: i32) -> Result<ParagraphInfo, String> {
     |                                 ^^^^^^^^^^^ help: if this is intentional, prefix it with an underscore: `_doc_version`

warning: unused variable: `font_style`
    --> src/director/chunks/xmedia_styled_text.rs:1889:17
     |
1889 |             Ok((font_style, anti_alias_val, kerning_val)) => {
     |                 ^^^^^^^^^^ help: if this is intentional, prefix it with an underscore: `_font_style`

warning: unused variable: `start_offset`
    --> src/director/chunks/xmedia_styled_text.rs:1937:9
     |
1937 |     let start_offset = *offset;
     |         ^^^^^^^^^^^^ help: if this is intentional, prefix it with an underscore: `_start_offset`

warning: unused variable: `word84`
    --> src/director/chunks/xmedia_styled_text.rs:1949:9
     |
1949 |     let word84 = if packer.remaining() >= 2 { packer.unpack_num() as u16 } else { 0 };
     |         ^^^^^^ help: if this is intentional, prefix it with an underscore: `_word84`

warning: unused variable: `entry_idx`
    --> src/director/chunks/xmedia_styled_text.rs:1991:52
     |
1991 | fn read_font_name(data: &[u8], offset: &mut usize, entry_idx: usize, name_idx: usize) -> Result<Option<String>, String> {
     |                                                    ^^^^^^^^^ help: if this is intentional, prefix it with an underscore: `_entry_idx`

warning: unused variable: `name_idx`
    --> src/director/chunks/xmedia_styled_text.rs:1991:70
     |
1991 | fn read_font_name(data: &[u8], offset: &mut usize, entry_idx: usize, name_idx: usize) -> Result<Option<String>, String> {
     |                                                                      ^^^^^^^^ help: if this is intentional, prefix it with an underscore: `_name_idx`

warning: value assigned to `width` is never read
   --> src/director/enums.rs:295:25
    |
295 |         let mut width = 0u16;
    |                         ^^^^ this value is reassigned later and never used
...
318 |         width = (right - left) as u16;
    |         ----------------------------- `width` is overwritten here before the previous value is read

warning: value assigned to `height` is never read
   --> src/director/enums.rs:296:26
    |
296 |         let mut height = 0u16;
    |                          ^^^^ this value is reassigned later and never used
...
317 |         height = (bottom - top) as u16;
    |         ------------------------------ `height` is overwritten here before the previous value is read

warning: unused variable: `f`
   --> src/director/enums.rs:529:19
    |
529 |         if let Ok(f) = reader.read_u24() {
    |                   ^ help: if this is intentional, prefix it with an underscore: `_f`

warning: variable does not need to be mutable
   --> src/director/enums.rs:937:13
    |
937 |         let mut reg_y       = i32::from_be_bytes([bytes[o+0x3B], bytes[o+0x3C], bytes[o+0x3D], bytes[o+0x3E]]);
    |             ----^^^^^
    |             |
    |             help: remove this `mut`

warning: variable does not need to be mutable
   --> src/director/enums.rs:938:13
    |
938 |         let mut reg_x       = i32::from_be_bytes([bytes[o+0x3F], bytes[o+0x40], bytes[o+0x41], bytes[o+0x42]]);
    |             ----^^^^^
    |             |
    |             help: remove this `mut`

warning: unused variable: `data_length`
    --> src/director/enums.rs:1441:13
     |
1441 |         let data_length = reader.read_u32().ok()?;
     |             ^^^^^^^^^^^ help: if this is intentional, prefix it with an underscore: `_data_length`

warning: unused variable: `length`
    --> src/director/enums.rs:1931:13
     |
1931 |         let length = reader.read_u32().ok()?;
     |             ^^^^^^ help: if this is intentional, prefix it with an underscore: `_length`

warning: unused variable: `val1`
    --> src/director/enums.rs:1963:13
     |
1963 |         let val1 = reader.read_u32().ok()?;
     |             ^^^^ help: if this is intentional, prefix it with an underscore: `_val1`

warning: unused variable: `val2`
    --> src/director/enums.rs:1964:13
     |
1964 |         let val2 = reader.read_u32().ok()?;
     |             ^^^^ help: if this is intentional, prefix it with an underscore: `_val2`

warning: unused variable: `expected_char_count`
    --> src/director/enums.rs:1994:9
     |
1994 |         expected_char_count: u32,
     |         ^^^^^^^^^^^^^^^^^^^ help: if this is intentional, prefix it with an underscore: `_expected_char_count`

warning: unused variable: `text_start_pos`
    --> src/director/enums.rs:2051:13
     |
2051 |         let text_start_pos = reader.pos;
     |             ^^^^^^^^^^^^^^ help: if this is intentional, prefix it with an underscore: `_text_start_pos`

warning: unreachable pattern
   --> src/director/static_datum.rs:195:9
    |
195 |         _ => {
    |         ^ no value can reach this
    |
note: multiple earlier patterns match some of the same values
   --> src/director/static_datum.rs:195:9
    |
151 |         StaticDatum::String(s) => allocator.alloc_datum(Datum::String(s.clone()), bitmap_manager).unwrap(),
    |         ---------------------- matches some of the same values
152 |         StaticDatum::Int(i) => allocator.alloc_datum(Datum::Int(*i), bitmap_manager).unwrap(),
    |         ------------------- matches some of the same values
153 |         StaticDatum::Float(f) => allocator.alloc_datum(Datum::Float(*f), bitmap_manager).unwrap(),
    |         --------------------- matches some of the same values
154 |         StaticDatum::Symbol(s) => allocator.alloc_datum(Datum::Symbol(Symbol::from_str(s)), bitmap_manager).unwrap(),
    |         ---------------------- matches some of the same values
...
195 |         _ => {
    |         ^ ...and 6 other patterns collectively make this unreachable

warning: type `DatumHandle` is more private than the item `DatumRef::Ref::0`
  --> src/player/datum_ref.rs:15:9
   |
15 |     Ref(DatumHandle),
   |         ^^^^^^^^^^^ field `DatumRef::Ref::0` is reachable at visibility `pub`
   |
note: but type `DatumHandle` is only usable at visibility `pub(crate)`
  --> src/player/datum_ref.rs:7:1
   |
 7 | pub(crate) struct DatumHandle {
   | ^^^^^^^^^^^^^^^^^^^^^^^^^^^^^
   = note: `#[warn(private_interfaces)]` on by default

warning: type `CurlInstance` is more private than the item `CurlXtraManager::instances`
   --> src/player/xtra/curl/mod.rs:115:5
    |
115 |     pub instances: FxHashMap<u32, CurlInstance>,
    |     ^^^^^^^^^^^^^^^^^^^^^^^^^^^^^^^^^^^^^^^^^^^ field `CurlXtraManager::instances` is reachable at visibility `pub`
    |
note: but type `CurlInstance` is only usable at visibility `pub(self)`
   --> src/player/xtra/curl/mod.rs:57:1
    |
 57 | struct CurlInstance {
    | ^^^^^^^^^^^^^^^^^^^

warning: method `advance_filmloop_frames` is never used
    --> src/player/mod.rs:4005:8
     |
 729 | impl DirPlayer {
     | -------------- method in this implementation
...
4005 |     fn advance_filmloop_frames(&mut self) {
     |        ^^^^^^^^^^^^^^^^^^^^^^^
     |
     = note: `#[warn(dead_code)]` (part of `#[warn(unused)]`) on by default

warning: method `clear` is never used
   --> src/player/allocator.rs:173:19
    |
 29 | impl<T> Arena<T> {
    | ---------------- method in this implementation
...
173 |     pub(crate) fn clear(&mut self) {
    |                   ^^^^^

warning: methods `try_get_datum` and `try_get_datum_mut` are never used
   --> src/player/allocator.rs:360:19
    |
265 | impl DatumAllocator {
    | ------------------- methods in this implementation
...
360 |     pub(crate) fn try_get_datum(&self, reference: &DatumRef) -> Option<&Datum> {
    |                   ^^^^^^^^^^^^^
...
365 |     pub(crate) fn try_get_datum_mut(&mut self, reference: &DatumRef) -> Option<&mut Datum> {
    |                   ^^^^^^^^^^^^^^^^^

warning: method `scanline_fill_polygon` is never used
    --> src/player/bitmap/drawing.rs:1651:8
     |
 333 | impl Bitmap {
     | ----------- method in this implementation
...
1651 |     fn scanline_fill_polygon(
     |        ^^^^^^^^^^^^^^^^^^^^^

warning: constant `WHITE` is never used
    --> src/player/bitmap/drawing.rs:4353:11
     |
4353 |     const WHITE: (u8, u8, u8) = (255, 255, 255);
     |           ^^^^^

warning: constant `BLACK` is never used
    --> src/player/bitmap/drawing.rs:4354:11
     |
4354 |     const BLACK: (u8, u8, u8) = (0, 0, 0);
     |           ^^^^^

warning: method `push` is never used
  --> src/player/bytecode/handler_manager.rs:72:8
   |
55 | impl ExecutionHistory {
   | --------------------- method in this implementation
...
72 |     fn push(&mut self, entry: ExecutionHistoryEntry) {
   |        ^^^^

warning: function `record_execution` is never used
  --> src/player/bytecode/handler_manager.rs:96:4
   |
96 | fn record_execution(
   |    ^^^^^^^^^^^^^^^^

warning: methods `get_builtin_name` and `get_movie_prop_name` are never used
   --> src/player/bytecode/expression_tracker.rs:778:8
    |
 14 | impl StackExpressionTracker {
    | --------------------------- methods in this implementation
...
778 |     fn get_builtin_name(&self, id: u16) -> String {
    |        ^^^^^^^^^^^^^^^^
...
912 |     fn get_movie_prop_name(&self, id: u16) -> String {
    |        ^^^^^^^^^^^^^^^^^^^

warning: associated function `directional_preset_to_transform` is never used
   --> src/player/cast_member.rs:676:19
    |
454 | impl TextMember {
    | --------------- associated function in this implementation
...
676 |     pub(crate) fn directional_preset_to_transform(preset: u32) -> [f32; 16] {
    |                   ^^^^^^^^^^^^^^^^^^^^^^^^^^^^^^^

warning: multiple associated functions are never used
    --> src/player/cast_member.rs:3421:8
     |
3383 | impl CastMember {
     | --------------- associated functions in this implementation
...
3421 |     fn find_sound_chunk_in_def(def: &CastMemberDef) -> Option<SoundChunk> {
     |        ^^^^^^^^^^^^^^^^^^^^^^^
...
3455 |     fn child_has_sound_in_def(def: &CastMemberDef) -> bool {
     |        ^^^^^^^^^^^^^^^^^^^^^^
...
3470 |     fn find_sound_chunk_in_chunk(chunk: &Chunk) -> Option<SoundChunk> {
     |        ^^^^^^^^^^^^^^^^^^^^^^^^^
...
3487 |     fn chunk_has_sound(chunk_opt: &Option<Chunk>) -> bool {
     |        ^^^^^^^^^^^^^^^
...
3499 |     fn find_sound_chunk(chunk_opt: &Option<Chunk>) -> Option<SoundChunk> {
     |        ^^^^^^^^^^^^^^^^
...
3756 |     fn extract_text_from_xmedia(data: &[u8]) -> Option<String> {
     |        ^^^^^^^^^^^^^^^^^^^^^^^^
...
4332 |     fn is_swa_ole(raw: &[u8]) -> bool {
     |        ^^^^^^^^^^

warning: function `datum_to_f64` is never used
   --> src/player/compare.rs:763:4
    |
763 | fn datum_to_f64(datum: &Datum) -> Result<f64, ScriptError> {
    |    ^^^^^^^^^^^^

warning: function `parse_number_value` is never used
   --> src/player/eval.rs:561:4
    |
561 | fn parse_number_value(pair: Pair<Rule>) -> Result<f64, ScriptError> {
    |    ^^^^^^^^^^^^^^^^^^

warning: method `load_font` is never used
   --> src/player/font/mod.rs:534:8
    |
133 | impl FontManager {
    | ---------------- method in this implementation
...
534 |     fn load_font(&mut self, font_name: &str) -> Option<BitmapFont> {
    |        ^^^^^^^^^

warning: multiple associated functions are never used
    --> src/player/handlers/datum_handlers/cast_member/font.rs:1923:8
     |
 362 | impl FontMemberHandlers {
     | ----------------------- associated functions in this implementation
...
1923 |     fn word_wrap_native_with_size(text: &str, max_width: f64, font_size: i32) -> Vec<String> {
     |        ^^^^^^^^^^^^^^^^^^^^^^^^^^
...
2183 |     fn rgb_to_palette_index_safe(rgb: u32, palettes: &PaletteMap) -> u32 {
     |        ^^^^^^^^^^^^^^^^^^^^^^^^^
...
2190 |     fn determine_ink_from_style(style: &HtmlStyle) -> i32 {
     |        ^^^^^^^^^^^^^^^^^^^^^^^^
...
2206 |     fn rgb_to_palette_index(rgb: u32, palettes: &PaletteMap) -> u8 {
     |        ^^^^^^^^^^^^^^^^^^^^
...
2233 |     fn draw_styled_character(
     |        ^^^^^^^^^^^^^^^^^^^^^
...
2271 |     fn color_ref_to_u8(color: ColorRef) -> u8 {
     |        ^^^^^^^^^^^^^^^
...
2283 |     fn render_html_text_simple(
     |        ^^^^^^^^^^^^^^^^^^^^^^^

warning: associated function `extract_text_from_rtf` is never used
    --> src/player/handlers/datum_handlers/cast_member/text.rs:4214:8
     |
 223 | impl TextMemberHandlers {
     | ----------------------- associated function in this implementation
...
4214 |     fn extract_text_from_rtf(rtf: &str) -> String {
     |        ^^^^^^^^^^^^^^^^^^^^^

warning: field `italic` is never read
    --> src/player/handlers/datum_handlers/cast_member/text.rs:1878:25
     |
1876 |                     struct PerCharStyle {
     |                            ------------ field in this struct
1877 |                         bold: bool,
1878 |                         italic: bool,
     |                         ^^^^^^
     |
     = note: `PerCharStyle` has a derived impl for the trait `Clone`, but this is intentionally ignored during dead code analysis

warning: fields `sb`, `sa`, and `sl` are never read
    --> src/player/handlers/datum_handlers/cast_member/text.rs:3597:13
     |
3588 |         struct Frame {
     |                ----- fields in this struct
...
3597 |             sb: Option<i32>,
     |             ^^
3598 |             sa: Option<i32>,
     |             ^^
3599 |             sl: Option<i32>,
     |             ^^
     |
     = note: `Frame` has a derived impl for the trait `Clone`, but this is intentionally ignored during dead code analysis

warning: constant `HEADER_VERSION_TOKEN` is never used
   --> src/player/handlers/datum_handlers/cast_member/hke_parser.rs:129:7
    |
129 | const HEADER_VERSION_TOKEN: [u8; 4] = [0x6E, 0x7E, 0xA7, 0x0A];
    |       ^^^^^^^^^^^^^^^^^^^^

warning: function `get_text_member_line_height` is never used
  --> src/player/handlers/datum_handlers/cast_member_ref.rs:77:4
   |
77 | fn get_text_member_line_height(text_data: &TextMember) -> u16 {
   |    ^^^^^^^^^^^^^^^^^^^^^^^^^^^

warning: associated function `forget` is never used
   --> src/player/handlers/datum_handlers/script_instance.rs:644:8
    |
203 | impl ScriptInstanceDatumHandlers {
    | -------------------------------- associated function in this implementation
...
644 |     fn forget(datum: &DatumRef, _args: &Vec<DatumRef>) -> Result<DatumRef, ScriptError> {
    |        ^^^^^^

warning: associated function `handle_playfile` is never used
   --> src/player/handlers/datum_handlers/sound_channel.rs:485:8
    |
 63 | impl SoundChannelDatumHandlers {
    | ------------------------------ associated function in this implementation
...
485 |     fn handle_playfile(
    |        ^^^^^^^^^^^^^^^

warning: associated items `load_director_sound_as_wav`, `play_async`, `get_member_audio_data`, `load_raw_pcm`, `spawn_playback_async`, and `load_audio_data` are never used
    --> src/player/handlers/datum_handlers/sound_channel.rs:1560:8
     |
1182 | impl SoundChannel {
     | ----------------- associated items in this implementation
...
1560 |     fn load_director_sound_as_wav(
     |        ^^^^^^^^^^^^^^^^^^^^^^^^^^
...
1654 |     async fn play_async(
     |              ^^^^^^^^^^
...
2819 |     fn get_member_audio_data(&self) -> Option<AudioData> {
     |        ^^^^^^^^^^^^^^^^^^^^^
...
3613 |     fn load_raw_pcm(data: &[u8]) -> Result<AudioData, String> {
     |        ^^^^^^^^^^^^
...
4560 |     fn spawn_playback_async(&self) {
     |        ^^^^^^^^^^^^^^^^^^^^
...
4580 |     async fn load_audio_data(
     |              ^^^^^^^^^^^^^^^

warning: associated function `create_xml_document` is never used
   --> src/player/handlers/datum_handlers/xml.rs:713:8
    |
425 | impl XmlDatumHandlers {
    | --------------------- associated function in this implementation
...
713 |     fn create_xml_document(player: &mut DirPlayer, content: String) -> Result<u32, ScriptError> {
    |        ^^^^^^^^^^^^^^^^^^^

warning: associated function `void_p` is never used
    --> src/player/handlers/manager.rs:2800:8
     |
  92 | impl BuiltInHandlerManager {
     | -------------------------- associated function in this implementation
...
2800 |     fn void_p(args: &Vec<DatumRef>) -> Result<DatumRef, ScriptError> {
     |        ^^^^^^

warning: function `count_wraps_before_index` is never used
    --> src/player/handlers/manager.rs:3090:4
     |
3090 | fn count_wraps_before_index(
     |    ^^^^^^^^^^^^^^^^^^^^^^^^

warning: function `wraps_in_line` is never used
    --> src/player/handlers/manager.rs:3131:4
     |
3131 | fn wraps_in_line(
     |    ^^^^^^^^^^^^^

warning: function `wraps_in_line_up_to` is never used
    --> src/player/handlers/manager.rs:3146:4
     |
3146 | fn wraps_in_line_up_to(
     |    ^^^^^^^^^^^^^^^^^^^

warning: field `block_ends` is never read
  --> src/player/js_lingo/decompiler.rs:70:5
   |
50 | struct DecompState<'a> {
   |        ----------- field in this struct
...
70 |     block_ends: std::collections::HashMap<usize, BlockKind>,
   |     ^^^^^^^^^^

warning: variants `IfThen`, `Else`, and `Loop` are never constructed
   --> src/player/js_lingo/decompiler.rs:132:5
    |
131 | enum BlockKind {
    |      --------- variants in this enum
132 |     IfThen,
    |     ^^^^^^
133 |     Else,
    |     ^^^^
134 |     Loop,
    |     ^^^^
    |
    = note: `BlockKind` has derived impls for the traits `Clone` and `Debug`, but these are intentionally ignored during dead code analysis

warning: field `word_wrap` is never read
   --> src/player/keyboard_events.rs:385:17
    |
377 |             Field {
    |             ----- field in this variant
...
385 |                 word_wrap: bool,
    |                 ^^^^^^^^^

warning: method `discard_pending` is never used
   --> src/player/ownership.rs:125:19
    |
 69 | impl OwnerToken {
    | --------------- method in this implementation
...
125 |     pub(crate) fn discard_pending(&self) {
    |                   ^^^^^^^^^^^^^^^

warning: function `get_sprite_rect` is never used
   --> src/player/score.rs:165:4
    |
165 | fn get_sprite_rect(player: &DirPlayer, sprite_id: i16) -> IntRectTuple {
    |    ^^^^^^^^^^^^^^^

warning: field `auto_detach` is never read
  --> src/player/xtra/curl/mod.rs:58:5
   |
57 | struct CurlInstance {
   |        ------------ field in this struct
58 |     auto_detach: bool,
   |     ^^^^^^^^^^^
   |
   = note: `CurlInstance` has a derived impl for the trait `Clone`, but this is intentionally ignored during dead code analysis

warning: fields `name` and `sub_menu_pos` are never read
  --> src/player/xtra/sysmenu/mod.rs:19:5
   |
18 | struct MenuItem {
   |        -------- fields in this struct
19 |     name: String,
   |     ^^^^
...
23 |     sub_menu_pos: Option<i32>,
   |     ^^^^^^^^^^^^
   |
   = note: `MenuItem` has a derived impl for the trait `Clone`, but this is intentionally ignored during dead code analysis

warning: associated function `text_node_to_prop_list` is never used
   --> src/player/xtra/xmlparser/mod.rs:307:8
    |
 31 | impl XmlParserXtraInstance {
    | -------------------------- associated function in this implementation
...
307 |     fn text_node_to_prop_list(text: &str) -> Result<DatumRef, ScriptError> {
    |        ^^^^^^^^^^^^^^^^^^^^^^

warning: function `apply_easing` is never used
   --> src/player/score_keyframes.rs:499:4
    |
499 | fn apply_easing(t: f64, ease_in: u32, ease_out: u32, smooth_speed: bool) -> f64 {
    |    ^^^^^^^^^^^^

warning: function `apply_curvature` is never used
   --> src/player/score_keyframes.rs:526:4
    |
526 | fn apply_curvature(t: f64, curvature: CurvatureType) -> f64 {
    |    ^^^^^^^^^^^^^^^

warning: associated function `sleep_ms` is never used
   --> src/player/testing_browser.rs:223:14
    |
 16 | impl BrowserTestPlayer {
    | ---------------------- associated function in this implementation
...
223 |     async fn sleep_ms(ms: u32) {
    |              ^^^^^^^^

warning: method `draw_debug_text_overlay` is never used
    --> src/rendering_gpu/webgl2/mod.rs:1159:8
     |
 149 | impl WebGL2Renderer {
     | ------------------- method in this implementation
...
1159 |     fn draw_debug_text_overlay(&mut self, player: &mut DirPlayer) {
     |        ^^^^^^^^^^^^^^^^^^^^^^^

warning: variant `SolidColor` is never constructed
    --> src/rendering_gpu/webgl2/mod.rs:1644:13
     |
1631 |         enum TextureSource {
     |              ------------- variant in this enum
...
1644 |             SolidColor { r: u8, g: u8, b: u8 },
     |             ^^^^^^^^^^

warning: field `width` is never read
    --> src/rendering_gpu/webgl2/mod.rs:6711:21
     |
6709 |                 struct PfrLineRun {
     |                        ---------- field in this struct
6710 |                     text: String,
6711 |                     width: i32,
     |                     ^^^^^
     |
     = note: `PfrLineRun` has a derived impl for the trait `Clone`, but this is intentionally ignored during dead code analysis

warning: field `inverse_bind_cache` is never read
  --> src/rendering_gpu/webgl2/scene3d.rs:47:5
   |
35 | struct MemberGpuData {
   |        ------------- field in this struct
...
47 |     inverse_bind_cache: HashMap<Symbol, Vec<[f32; 16]>>,
   |     ^^^^^^^^^^^^^^^^^^

warning: field `wrap` is never read
   --> src/rendering_gpu/webgl2/scene3d.rs:144:5
    |
140 | struct TextureLayerBinding<'a> {
    |        ------------------- field in this struct
...
144 |     wrap: (u8, u8),   // (repeat_s, repeat_t): 0=clamp, 1=repeat
    |     ^^^^

warning: field `u_color_matrix` is never read
   --> src/rendering_gpu/webgl2/scene3d.rs:183:5
    |
175 | struct PostProcessShader {
    |        ----------------- field in this struct
...
183 |     u_color_matrix: Option<WebGlUniformLocation>,
    |     ^^^^^^^^^^^^^^

warning: function `mat4_multiply_row_major` is never used
    --> src/rendering_gpu/webgl2/scene3d.rs:5792:4
     |
5792 | fn mat4_multiply_row_major(a: &[f32; 16], b: &[f32; 16]) -> [f32; 16] {
     |    ^^^^^^^^^^^^^^^^^^^^^^^

warning: function `row_major_to_column_major` is never used
    --> src/rendering_gpu/webgl2/scene3d.rs:5808:4
     |
5808 | fn row_major_to_column_major(m: &[f32; 16]) -> [f32; 16] {
     |    ^^^^^^^^^^^^^^^^^^^^^^^^^

warning: associated functions `read_u16_safe` and `read_u32_safe` are never used
  --> src/director/chunks/cast_member.rs:26:8
   |
24 | impl CastMemberChunk {
   | -------------------- associated functions in this implementation
25 |     // Helper to read u16 safely
26 |     fn read_u16_safe(reader: &mut BinaryReader) -> Option<u16> {
   |        ^^^^^^^^^^^^^
...
31 |     fn read_u32_safe(reader: &mut BinaryReader) -> Option<u32> {
   |        ^^^^^^^^^^^^^

warning: associated function `get_mp3_sample_rate` is never used
   --> src/director/chunks/media.rs:170:8
    |
 15 | impl MediaChunk {
    | --------------- associated function in this implementation
...
170 |     fn get_mp3_sample_rate(frame_header: &[u8]) -> Option<u32> {
    |        ^^^^^^^^^^^^^^^^^^^

warning: methods `init_transform_flags`, `read_nibble_raw`, and `merge_transformed_glyph` are never used
    --> src/director/chunks/pfr1/glyph.rs:375:8
     |
 185 | impl<'a> Pfr1HeaderParser<'a> {
     | ----------------------------- methods in this implementation
...
 375 |     fn init_transform_flags(&mut self) {
     |        ^^^^^^^^^^^^^^^^^^^^
...
1172 |     fn read_nibble_raw(&mut self) -> i32 {
     |        ^^^^^^^^^^^^^^^
...
2623 |     fn merge_transformed_glyph(&mut self, source: &OutlineGlyph, x_offset: i16, y_offset: i16, x_scale: i16, y_scale: i16) {
     |        ^^^^^^^^^^^^^^^^^^^^^^^

warning: function `rasterize_glyph_to_bitmap` is never used
   --> src/director/chunks/pfr1/rasterizer.rs:182:4
    |
182 | fn rasterize_glyph_to_bitmap(
    |    ^^^^^^^^^^^^^^^^^^^^^^^^^

warning: function `rasterize_glyph_to_bitmap_oversampled` is never used
   --> src/director/chunks/pfr1/rasterizer.rs:268:4
    |
268 | fn rasterize_glyph_to_bitmap_oversampled(
    |    ^^^^^^^^^^^^^^^^^^^^^^^^^^^^^^^^^^^^^

warning: associated function `decode_scaled` is never used
   --> src/director/chunks/score.rs:435:8
    |
 94 | impl ScoreFrameChannelData {
    | -------------------------- associated function in this implementation
...
435 |     fn decode_scaled(value: u8, scale: u8) -> u8 {
    |        ^^^^^^^^^^^^^

warning: associated function `parse_sprite_details` is never used
    --> src/director/chunks/score.rs:1592:8
     |
1305 | impl ScoreChunk {
     | --------------- associated function in this implementation
...
1592 |     fn parse_sprite_details(entries: &Vec<Vec<u8>>) -> std::collections::HashMap<u32, SpriteDetailInfo> {
     |        ^^^^^^^^^^^^^^^^^^^^

warning: struct `Aabb` is never constructed
   --> src/director/chunks/w3d/raycast.rs:571:8
    |
571 | struct Aabb {
    |        ^^^^

warning: associated items `new`, `expand_point`, `merge`, `largest_axis`, `centroid`, and `ray_intersect` are never used
   --> src/director/chunks/w3d/raycast.rs:577:8
    |
576 | impl Aabb {
    | --------- associated items in this implementation
577 |     fn new() -> Self {
    |        ^^^
...
584 |     fn expand_point(&mut self, p: &[f32; 3]) {
    |        ^^^^^^^^^^^^
...
591 |     fn merge(&mut self, other: &Aabb) {
    |        ^^^^^
...
598 |     fn largest_axis(&self) -> usize {
    |        ^^^^^^^^^^^^
...
605 |     fn centroid(&self) -> [f32; 3] {
    |        ^^^^^^^^
...
614 |     fn ray_intersect(&self, ray: &Ray, max_dist: f32) -> bool {
    |        ^^^^^^^^^^^^^

warning: enum `BvhNode` is never used
   --> src/director/chunks/w3d/raycast.rs:630:6
    |
630 | enum BvhNode {
    |      ^^^^^^^

warning: function `build_bvh` is never used
   --> src/director/chunks/w3d/raycast.rs:636:4
    |
636 | fn build_bvh(positions: &[[f32; 3]], faces: &[[u32; 3]], indices: &mut [usize]) -> BvhNode {
    |    ^^^^^^^^^

warning: function `face_centroid` is never used
   --> src/director/chunks/w3d/raycast.rs:676:4
    |
676 | fn face_centroid(positions: &[[f32; 3]], face: &[u32; 3]) -> [f32; 3] {
    |    ^^^^^^^^^^^^^

warning: function `raycast_bvh` is never used
   --> src/director/chunks/w3d/raycast.rs:691:4
    |
691 | fn raycast_bvh(
    |    ^^^^^^^^^^^

warning: fields `name`, `kerning`, and `anti_alias` are never read
    --> src/director/chunks/xmedia_styled_text.rs:1819:5
     |
1818 | struct FontInfo {
     |        -------- fields in this struct
1819 |     name: String,
     |     ^^^^
1820 |     kerning: bool,
     |     ^^^^^^^
1821 |     anti_alias: bool,
     |     ^^^^^^^^^^
     |
     = note: `FontInfo` has derived impls for the traits `Clone` and `Debug`, but these are intentionally ignored during dead code analysis

warning: variant `Root` is never constructed
  --> src/director/lingo/decompiler/handler.rs:52:5
   |
51 | enum BlockContext {
   |      ------------ variant in this enum
52 |     Root,
   |     ^^^^
   |
   = note: `BlockContext` has a derived impl for the trait `Clone`, but this is intentionally ignored during dead code analysis

warning: methods `push` and `read_var` are never used
    --> src/director/lingo/decompiler/handler.rs:163:8
     |
  89 | impl<'a> DecompilerState<'a> {
     | ---------------------------- methods in this implementation
...
 163 |     fn push(&mut self, node: AstNode) {
     |        ^^^^
...
1359 |     fn read_var(&mut self, var_type: i64) -> Rc<AstNode> {
     |        ^^^^^^^^

warning: calls to `std::mem::drop` with a reference instead of an owned value does nothing
    --> src/player/mod.rs:6632:5
     |
6632 |     drop(member);
     |     ^^^^^------^
     |          |
     |          argument has type `&player::cast_member::CastMember`
     |
     = note: `#[warn(dropping_references)]` on by default
help: use `let _ = ...` to ignore the expression or result
     |
6632 -     drop(member);
6632 +     let _ = member;
     |

warning: unused return value of `clone` that must be used
  --> src/player/bytecode/expression_tracker.rs:91:21
   |
91 |                     self.push_expr(format!("CONST[{}]", literal_id)).clone();
   |                     ^^^^^^^^^^^^^^^^^^^^^^^^^^^^^^^^^^^^^^^^^^^^^^^^^^^^^^^^
   |
   = note: cloning is often expensive and is not expected to have side effects
   = note: `#[warn(unused_must_use)]` (part of `#[warn(unused)]`) on by default
help: use `let _ = ...` to ignore the resulting value
   |
91 |                     let _ = self.push_expr(format!("CONST[{}]", literal_id)).clone();
   |                     +++++++

warning: hiding a lifetime that's elided elsewhere is confusing
   --> src/player/cast_manager.rs:832:30
    |
832 |     pub fn get_movie_scripts(&self) -> Ref<Option<Vec<Rc<Script>>>> {
    |                              ^^^^^     ^^^^^^^^^^^^^^^^^^^^^^^^^^^^ the same lifetime is hidden here
    |                              |
    |                              the lifetime is elided here
    |
    = help: the same lifetime is referred to in inconsistent ways, making the signature confusing
    = note: `#[warn(mismatched_lifetime_syntaxes)]` on by default
help: use `'_` for type paths
    |
832 |     pub fn get_movie_scripts(&self) -> Ref<'_, Option<Vec<Rc<Script>>>> {
    |                                            +++

warning: unused `Result` that must be used
    --> src/player/commands.rs:1108:17
     |
1108 | /                 player_invoke_frame_and_movie_scripts(
1109 | |                     Symbol::builtin(BuiltInSymbol::MouseUp),
1110 | |                     &vec![]
1111 | |                 ).await;
     | |_______________________^
     |
     = note: this `Result` may be an `Err` variant, which should be handled
help: use `let _ = ...` to ignore the resulting value
     |
1108 |                 let _ = player_invoke_frame_and_movie_scripts(
     |                 +++++++

warning: unused `Result` that must be used
    --> src/player/commands.rs:1276:17
     |
1276 | /                 player_invoke_frame_and_movie_scripts(
1277 | |                     Symbol::builtin(BuiltInSymbol::RightMouseDown),
1278 | |                     &vec![],
1279 | |                 ).await;
     | |_______________________^
     |
     = note: this `Result` may be an `Err` variant, which should be handled
help: use `let _ = ...` to ignore the resulting value
     |
1276 |                 let _ = player_invoke_frame_and_movie_scripts(
     |                 +++++++

warning: unused `Result` that must be used
    --> src/player/commands.rs:1296:17
     |
1296 | /                 player_invoke_frame_and_movie_scripts(
1297 | |                     Symbol::builtin(BuiltInSymbol::RightMouseUp),
1298 | |                     &vec![],
1299 | |                 ).await;
     | |_______________________^
     |
     = note: this `Result` may be an `Err` variant, which should be handled
help: use `let _ = ...` to ignore the resulting value
     |
1296 |                 let _ = player_invoke_frame_and_movie_scripts(
     |                 +++++++

warning: calls to `std::mem::drop` with a reference instead of an owned value does nothing
   --> src/player/handlers/datum_handlers/cast_member/field.rs:139:17
    |
139 |                 drop(field);
    |                 ^^^^^-----^
    |                      |
    |                      argument has type `&FieldMember`
    |
help: use `let _ = ...` to ignore the expression or result
    |
139 -                 drop(field);
139 +                 let _ = field;
    |

warning: calls to `std::mem::drop` with a reference instead of an owned value does nothing
   --> src/player/handlers/datum_handlers/cast_member/field.rs:140:17
    |
140 |                 drop(member);
    |                 ^^^^^------^
    |                      |
    |                      argument has type `&player::cast_member::CastMember`
    |
help: use `let _ = ...` to ignore the expression or result
    |
140 -                 drop(member);
140 +                 let _ = member;
    |

warning: calls to `std::mem::drop` with a reference instead of an owned value does nothing
   --> src/player/handlers/datum_handlers/cast_member/havok.rs:237:17
    |
237 |                 drop(member);  // Release borrow
    |                 ^^^^^------^
    |                      |
    |                      argument has type `&player::cast_member::CastMember`
    |
help: use `let _ = ...` to ignore the expression or result
    |
237 -                 drop(member);  // Release borrow
237 +                 let _ = member;  // Release borrow
    |

warning: calls to `std::mem::drop` with a value that implements `Copy` does nothing
   --> src/player/handlers/datum_handlers/cast_member/havok.rs:481:13
    |
481 |             drop(member);
    |             ^^^^^------^
    |                  |
    |                  argument has type `std::option::Option<&player::cast_member::CastMember>`
    |
    = note: `#[warn(dropping_copy_types)]` on by default
help: use `let _ = ...` to ignore the expression or result
    |
481 -             drop(member);
481 +             let _ = member;
    |

warning: calls to `std::mem::drop` with a reference instead of an owned value does nothing
    --> src/player/handlers/datum_handlers/cast_member/havok.rs:1292:9
     |
1292 |         drop(member);
     |         ^^^^^------^
     |              |
     |              argument has type `&mut player::cast_member::CastMember`
     |
help: use `let _ = ...` to ignore the expression or result
     |
1292 -         drop(member);
1292 +         let _ = member;
     |

warning: calls to `std::mem::drop` with a reference instead of an owned value does nothing
    --> src/player/handlers/datum_handlers/cast_member/havok.rs:1340:9
     |
1340 |         drop(member);
     |         ^^^^^------^
     |              |
     |              argument has type `&mut player::cast_member::CastMember`
     |
help: use `let _ = ...` to ignore the expression or result
     |
1340 -         drop(member);
1340 +         let _ = member;
     |

warning: unused `Result` that must be used
   --> src/player/handlers/datum_handlers/sound_channel.rs:758:9
    |
758 |         channel.set_volume(vol);
    |         ^^^^^^^^^^^^^^^^^^^^^^^
    |
    = note: this `Result` may be an `Err` variant, which should be handled
help: use `let _ = ...` to ignore the resulting value
    |
758 |         let _ = channel.set_volume(vol);
    |         +++++++

warning: unused `Result` that must be used
   --> src/player/handlers/datum_handlers/sound_channel.rs:769:9
    |
769 |         channel.set_pan(pan);
    |         ^^^^^^^^^^^^^^^^^^^^
    |
    = note: this `Result` may be an `Err` variant, which should be handled
help: use `let _ = ...` to ignore the resulting value
    |
769 |         let _ = channel.set_pan(pan);
    |         +++++++

warning: unused `Promise` that must be used
    --> src/player/handlers/datum_handlers/sound_channel.rs:1029:9
     |
1029 | /         self.context
1030 | |             .resume()
1031 | |             .map_err(|e| format!("Failed to resume context: {:?}", e))?;
     | |_______________________________________________________________________^
     |
help: use `let _ = ...` to ignore the resulting value
     |
1029 |         let _ = self.context
     |         +++++++

warning: unused `Promise` that must be used
    --> src/player/handlers/datum_handlers/sound_channel.rs:3346:9
     |
3346 | /         audio.play().map_err(|e| {
3347 | |             error!("Failed to play audio: {:?}", e);
3348 | |             e
3349 | |         })?;
     | |___________^
     |
help: use `let _ = ...` to ignore the resulting value
     |
3346 |         let _ = audio.play().map_err(|e| {
     |         +++++++

warning: unused `Result` that must be used
    --> src/player/handlers/datum_handlers/sound_channel.rs:3823:13
     |
3823 |             self.set_volume(self.fade_target_volume);
     |             ^^^^^^^^^^^^^^^^^^^^^^^^^^^^^^^^^^^^^^^^
     |
     = note: this `Result` may be an `Err` variant, which should be handled
help: use `let _ = ...` to ignore the resulting value
     |
3823 |             let _ = self.set_volume(self.fade_target_volume);
     |             +++++++

warning: unused `Result` that must be used
    --> src/player/handlers/datum_handlers/sound_channel.rs:3833:13
     |
3833 |             self.set_volume(new_volume);
     |             ^^^^^^^^^^^^^^^^^^^^^^^^^^^
     |
     = note: this `Result` may be an `Err` variant, which should be handled
help: use `let _ = ...` to ignore the resulting value
     |
3833 |             let _ = self.set_volume(new_volume);
     |             +++++++

warning: unused `Promise` that must be used
    --> src/player/handlers/datum_handlers/sound_channel.rs:4238:13
     |
4238 |             audio.play()?;
     |             ^^^^^^^^^^^^^
     |
help: use `let _ = ...` to ignore the resulting value
     |
4238 |             let _ = audio.play()?;
     |             +++++++

warning: call to `.clone()` on a reference in this situation does nothing
  --> src/player/net_task.rs:54:21
   |
54 |             url: url.clone().to_owned(),
   |                     ^^^^^^^^ help: remove this redundant call
   |
   = note: the type `str` does not implement `Clone`, so calling `clone` on `&str` copies the reference, which does not do anything and can be removed
   = note: `#[warn(noop_method_call)]` on by default

warning: hiding a lifetime that's elided elsewhere is confusing
   --> src/player/script.rs:118:24
    |
118 |     pub fn get_handler(&self, name: Symbol) -> Option<ScriptHandlerRefDef> {
    |                        ^^^^^                          ^^^^^^^^^^^^^^^^^^^ the same lifetime is hidden here
    |                        |
    |                        the lifetime is elided here
    |
    = help: the same lifetime is referred to in inconsistent ways, making the signature confusing
help: use `'_` for type paths
    |
118 |     pub fn get_handler(&self, name: Symbol) -> Option<ScriptHandlerRefDef<'_>> {
    |                                                                          ++++

warning: calls to `std::mem::drop` with a reference instead of an owned value does nothing
    --> src/player/script.rs:1086:21
     |
1086 |                     drop(member);
     |                     ^^^^^------^
     |                          |
     |                          argument has type `&player::cast_member::CastMember`
     |
help: use `let _ = ...` to ignore the expression or result
     |
1086 -                     drop(member);
1086 +                     let _ = member;
     |

warning: use of `async fn` in public traits is discouraged as auto trait bounds cannot be specified
   --> src/player/testing_shared/mod.rs:156:5
    |
156 |     async fn load_movie(&mut self, locator: &str);
    |     ^^^^^
    |
    = note: you can suppress this lint if you plan to use the trait only in your own code, or do not care about auto traits like `Send` on the `Future`
    = note: `#[warn(async_fn_in_trait)]` on by default
help: you can alternatively desugar to a normal `fn` that returns `impl Future` and add any desired bounds such as `Send`, but these cannot be relaxed without a breaking API change
    |
156 -     async fn load_movie(&mut self, locator: &str);
156 +     fn load_movie(&mut self, locator: &str) -> impl std::future::Future<Output = ()> + Send;
    |

warning: use of `async fn` in public traits is discouraged as auto trait bounds cannot be specified
   --> src/player/testing_shared/mod.rs:160:5
    |
160 |     async fn step_frame(&mut self) -> bool;
    |     ^^^^^
    |
    = note: you can suppress this lint if you plan to use the trait only in your own code, or do not care about auto traits like `Send` on the `Future`
help: you can alternatively desugar to a normal `fn` that returns `impl Future` and add any desired bounds such as `Send`, but these cannot be relaxed without a breaking API change
    |
160 -     async fn step_frame(&mut self) -> bool;
160 +     fn step_frame(&mut self) -> impl std::future::Future<Output = bool> + Send;
    |

warning: use of `async fn` in public traits is discouraged as auto trait bounds cannot be specified
   --> src/player/testing_shared/mod.rs:167:5
    |
167 |     async fn init_movie(&mut self) {
    |     ^^^^^
    |
    = note: you can suppress this lint if you plan to use the trait only in your own code, or do not care about auto traits like `Send` on the `Future`
help: you can alternatively desugar to a normal `fn` that returns `impl Future` and add any desired bounds such as `Send`, but these cannot be relaxed without a breaking API change
    |
167 ~     fn init_movie(&mut self) -> impl std::future::Future<Output = ()> + Send {async {
168 |         log_test_action("Init movie");
169 |         run_movie_init_sequence().await;
170 ~     } }
    |

warning: use of `async fn` in public traits is discouraged as auto trait bounds cannot be specified
   --> src/player/testing_shared/mod.rs:172:5
    |
172 |     async fn step_frames(&mut self, n: usize) {
    |     ^^^^^
    |
    = note: you can suppress this lint if you plan to use the trait only in your own code, or do not care about auto traits like `Send` on the `Future`
help: you can alternatively desugar to a normal `fn` that returns `impl Future` and add any desired bounds such as `Send`, but these cannot be relaxed without a breaking API change
    |
172 ~     fn step_frames(&mut self, n: usize) -> impl std::future::Future<Output = ()> + Send {async {
173 |         log_test_action(&format!("Step {} frames", n));
...
178 |         }
179 ~     } }
    |

warning: use of `async fn` in public traits is discouraged as auto trait bounds cannot be specified
   --> src/player/testing_shared/mod.rs:181:5
    |
181 |     async fn eval(&self, command: &str) -> Result<DatumRef, ScriptError> {
    |     ^^^^^
    |
    = note: you can suppress this lint if you plan to use the trait only in your own code, or do not care about auto traits like `Send` on the `Future`
help: you can alternatively desugar to a normal `fn` that returns `impl Future` and add any desired bounds such as `Send`, but these cannot be relaxed without a breaking API change
    |
181 ~     fn eval(&self, command: &str) -> impl std::future::Future<Output = Result<DatumRef, ScriptError>> + Send {async {
182 |         eval_lingo_command(command.to_string()).await
183 ~     } }
    |

warning: use of `async fn` in public traits is discouraged as auto trait bounds cannot be specified
   --> src/player/testing_shared/mod.rs:185:5
    |
185 |     async fn eval_datum(&self, command: &str) -> Result<StaticDatum, ScriptError> {
    |     ^^^^^
    |
    = note: you can suppress this lint if you plan to use the trait only in your own code, or do not care about auto traits like `Send` on the `Future`
help: you can alternatively desugar to a normal `fn` that returns `impl Future` and add any desired bounds such as `Send`, but these cannot be relaxed without a breaking API change
    |
185 ~     fn eval_datum(&self, command: &str) -> impl std::future::Future<Output = Result<StaticDatum, ScriptError>> + Send {async {
186 |         let result = self.eval(command).await?;
187 |         Ok(StaticDatum::from(&result))
188 ~     } }
    |

warning: use of `async fn` in public traits is discouraged as auto trait bounds cannot be specified
   --> src/player/testing_shared/mod.rs:238:5
    |
238 |     async fn sprite_visibility(&self, sprite_num: usize) -> f64 {
    |     ^^^^^
    |
    = note: you can suppress this lint if you plan to use the trait only in your own code, or do not care about auto traits like `Send` on the `Future`
help: you can alternatively desugar to a normal `fn` that returns `impl Future` and add any desired bounds such as `Send`, but these cannot be relaxed without a breaking API change
    |
238 ~     fn sprite_visibility(&self, sprite_num: usize) -> impl std::future::Future<Output = f64> + Send {async {
239 |         let (stage_w, stage_h) = reserve_player_ref(|player| {
...
256 |         }
257 ~     } }
    |

warning: use of `async fn` in public traits is discouraged as auto trait bounds cannot be specified
   --> src/player/testing_shared/mod.rs:273:5
    |
273 |     async fn click(&mut self, x: i32, y: i32) {
    |     ^^^^^
    |
    = note: you can suppress this lint if you plan to use the trait only in your own code, or do not care about auto traits like `Send` on the `Future`
help: you can alternatively desugar to a normal `fn` that returns `impl Future` and add any desired bounds such as `Send`, but these cannot be relaxed without a breaking API change
    |
273 ~     fn click(&mut self, x: i32, y: i32) -> impl std::future::Future<Output = ()> + Send {async {
274 |         log_test_action(&format!("Click ({}, {})", x, y));
...
285 |         let _ = run_player_command(PlayerVMCommand::MouseUp((x, y))).await;
286 ~     } }
    |

warning: use of `async fn` in public traits is discouraged as auto trait bounds cannot be specified
   --> src/player/testing_shared/mod.rs:288:5
    |
288 |     async fn mouse_down(&mut self, x: i32, y: i32) {
    |     ^^^^^
    |
    = note: you can suppress this lint if you plan to use the trait only in your own code, or do not care about auto traits like `Send` on the `Future`
help: you can alternatively desugar to a normal `fn` that returns `impl Future` and add any desired bounds such as `Send`, but these cannot be relaxed without a breaking API change
    |
288 ~     fn mouse_down(&mut self, x: i32, y: i32) -> impl std::future::Future<Output = ()> + Send {async {
289 |         reserve_player_mut(|player| {
...
293 |         let _ = run_player_command(PlayerVMCommand::MouseDown((x, y))).await;
294 ~     } }
    |

warning: use of `async fn` in public traits is discouraged as auto trait bounds cannot be specified
   --> src/player/testing_shared/mod.rs:296:5
    |
296 |     async fn mouse_up(&mut self, x: i32, y: i32) {
    |     ^^^^^
    |
    = note: you can suppress this lint if you plan to use the trait only in your own code, or do not care about auto traits like `Send` on the `Future`
help: you can alternatively desugar to a normal `fn` that returns `impl Future` and add any desired bounds such as `Send`, but these cannot be relaxed without a breaking API change
    |
296 ~     fn mouse_up(&mut self, x: i32, y: i32) -> impl std::future::Future<Output = ()> + Send {async {
297 |         reserve_player_mut(|player| {
...
301 |         let _ = run_player_command(PlayerVMCommand::MouseUp((x, y))).await;
302 ~     } }
    |

warning: use of `async fn` in public traits is discouraged as auto trait bounds cannot be specified
   --> src/player/testing_shared/mod.rs:304:5
    |
304 |     async fn mouse_move(&mut self, x: i32, y: i32) {
    |     ^^^^^
    |
    = note: you can suppress this lint if you plan to use the trait only in your own code, or do not care about auto traits like `Send` on the `Future`
help: you can alternatively desugar to a normal `fn` that returns `impl Future` and add any desired bounds such as `Send`, but these cannot be relaxed without a breaking API change
    |
304 ~     fn mouse_move(&mut self, x: i32, y: i32) -> impl std::future::Future<Output = ()> + Send {async {
305 |         reserve_player_mut(|player| {
...
308 |         let _ = run_player_command(PlayerVMCommand::MouseMove((x, y))).await;
309 ~     } }
    |

warning: use of `async fn` in public traits is discouraged as auto trait bounds cannot be specified
   --> src/player/testing_shared/mod.rs:311:5
    |
311 |     async fn key_down(&mut self, key: &str, code: u16) {
    |     ^^^^^
    |
    = note: you can suppress this lint if you plan to use the trait only in your own code, or do not care about auto traits like `Send` on the `Future`
help: you can alternatively desugar to a normal `fn` that returns `impl Future` and add any desired bounds such as `Send`, but these cannot be relaxed without a breaking API change
    |
311 ~     fn key_down(&mut self, key: &str, code: u16) -> impl std::future::Future<Output = ()> + Send {async {
312 |         reserve_player_mut(|player| {
...
315 |         let _ = run_player_command(PlayerVMCommand::KeyDown(key.to_string(), code)).await;
316 ~     } }
    |

warning: use of `async fn` in public traits is discouraged as auto trait bounds cannot be specified
   --> src/player/testing_shared/mod.rs:318:5
    |
318 |     async fn key_up(&mut self, key: &str, code: u16) {
    |     ^^^^^
    |
    = note: you can suppress this lint if you plan to use the trait only in your own code, or do not care about auto traits like `Send` on the `Future`
help: you can alternatively desugar to a normal `fn` that returns `impl Future` and add any desired bounds such as `Send`, but these cannot be relaxed without a breaking API change
    |
318 ~     fn key_up(&mut self, key: &str, code: u16) -> impl std::future::Future<Output = ()> + Send {async {
319 |         reserve_player_mut(|player| {
...
322 |         let _ = run_player_command(PlayerVMCommand::KeyUp(key.to_string(), code)).await;
323 ~     } }
    |

warning: use of `async fn` in public traits is discouraged as auto trait bounds cannot be specified
   --> src/player/testing_shared/mod.rs:325:5
    |
325 |     async fn key_press(&mut self, key: &str, code: u16) {
    |     ^^^^^
    |
    = note: you can suppress this lint if you plan to use the trait only in your own code, or do not care about auto traits like `Send` on the `Future`
help: you can alternatively desugar to a normal `fn` that returns `impl Future` and add any desired bounds such as `Send`, but these cannot be relaxed without a breaking API change
    |
325 ~     fn key_press(&mut self, key: &str, code: u16) -> impl std::future::Future<Output = ()> + Send {async {
326 |         log_test_action(&format!("Key press"));
...
329 |         self.key_up(key, code).await;
330 ~     } }
    |

warning: use of `async fn` in public traits is discouraged as auto trait bounds cannot be specified
   --> src/player/testing_shared/mod.rs:332:5
    |
332 |     async fn type_text(&mut self, text: &str) {
    |     ^^^^^
    |
    = note: you can suppress this lint if you plan to use the trait only in your own code, or do not care about auto traits like `Send` on the `Future`
help: you can alternatively desugar to a normal `fn` that returns `impl Future` and add any desired bounds such as `Send`, but these cannot be relaxed without a breaking API change
    |
332 ~     fn type_text(&mut self, text: &str) -> impl std::future::Future<Output = ()> + Send {async {
333 |         log_test_action(&format!("Type: {:?}", text.chars().map(|_| '*').collect::<String>()));
...
336 |         }
337 ~     } }
    |

warning: use of `async fn` in public traits is discouraged as auto trait bounds cannot be specified
   --> src/player/testing_shared/mod.rs:340:5
    |
340 |     async fn sprite_rect(&self, sprite_num: usize) -> Result<(i32, i32, i32, i32), String> {
    |     ^^^^^
    |
    = note: you can suppress this lint if you plan to use the trait only in your own code, or do not care about auto traits like `Send` on the `Future`
help: you can alternatively desugar to a normal `fn` that returns `impl Future` and add any desired bounds such as `Send`, but these cannot be relaxed without a breaking API change
    |
340 ~     fn sprite_rect(&self, sprite_num: usize) -> impl std::future::Future<Output = Result<(i32, i32, i32, i32), String>> + Send {async {
341 |         let rect = self.eval_datum(&format!("sprite({}).rect", sprite_num)).await?;
...
345 |         }
346 ~     } }
    |

warning: use of `async fn` in public traits is discouraged as auto trait bounds cannot be specified
   --> src/player/testing_shared/mod.rs:355:5
    |
355 |     async fn snapshot_sprite(&self, query: impl Into<SpriteQuery>) -> Result<SnapshotOutput, String> {
    |     ^^^^^
    |
    = note: you can suppress this lint if you plan to use the trait only in your own code, or do not care about auto traits like `Send` on the `Future`
help: you can alternatively desugar to a normal `fn` that returns `impl Future` and add any desired bounds such as `Send`, but these cannot be relaxed without a breaking API change
    |
355 ~     fn snapshot_sprite(&self, query: impl Into<SpriteQuery>) -> impl std::future::Future<Output = Result<SnapshotOutput, String>> + Send {async {
356 |         let query = query.into();
...
360 |         Ok(self.snapshot_stage().crop(l, t, r, b))
361 ~     } }
    |

warning: use of `async fn` in public traits is discouraged as auto trait bounds cannot be specified
   --> src/player/testing_shared/mod.rs:370:5
    |
370 |     async fn snapshot_sprite_isolated(&self, query: impl Into<SpriteQuery>) -> Result<SnapshotOutput, String> {
    |     ^^^^^
    |
    = note: you can suppress this lint if you plan to use the trait only in your own code, or do not care about auto traits like `Send` on the `Future`
help: you can alternatively desugar to a normal `fn` that returns `impl Future` and add any desired bounds such as `Send`, but these cannot be relaxed without a breaking API change
    |
370 ~     fn snapshot_sprite_isolated(&self, query: impl Into<SpriteQuery>) -> impl std::future::Future<Output = Result<SnapshotOutput, String>> + Send {async {
371 |         // Default: fall back to the crop approach. Browser harness overrides
372 |         // this with a true isolated render.
373 |         self.snapshot_sprite(query).await
374 ~     } }
    |

warning: use of `async fn` in public traits is discouraged as auto trait bounds cannot be specified
   --> src/player/testing_shared/mod.rs:383:5
    |
383 |     async fn click_sprite(&mut self, query: impl Into<SpriteQuery>) -> Result<(), String> {
    |     ^^^^^
    |
    = note: you can suppress this lint if you plan to use the trait only in your own code, or do not care about auto traits like `Send` on the `Future`
help: you can alternatively desugar to a normal `fn` that returns `impl Future` and add any desired bounds such as `Send`, but these cannot be relaxed without a breaking API change
    |
383 ~     fn click_sprite(&mut self, query: impl Into<SpriteQuery>) -> impl std::future::Future<Output = Result<(), String>> + Send {async {
384 |         let query = query.into();
...
390 |         Ok(())
391 ~     } }
    |

warning: use of `async fn` in public traits is discouraged as auto trait bounds cannot be specified
   --> src/player/testing_shared/mod.rs:398:5
    |
398 |     async fn click_sprite_at(&mut self, query: impl Into<SpriteQuery>, dx: i32, dy: i32) -> Result<(), String> {
    |     ^^^^^
    |
    = note: you can suppress this lint if you plan to use the trait only in your own code, or do not care about auto traits like `Send` on the `Future`
help: you can alternatively desugar to a normal `fn` that returns `impl Future` and add any desired bounds such as `Send`, but these cannot be relaxed without a breaking API change
    |
398 ~     fn click_sprite_at(&mut self, query: impl Into<SpriteQuery>, dx: i32, dy: i32) -> impl std::future::Future<Output = Result<(), String>> + Send {async {
399 |         let query = query.into();
...
405 |         Ok(())
406 ~     } }
    |

For more information about this error, try `rustc --explain E0133`.
warning: `vm-rust` (lib) generated 517 warnings (run `cargo fix --lib -p vm-rust` to apply 340 suggestions)
warning: unused import: `datum`
 --> tests/e2e/sulake/shared.rs:2:47
  |
2 | use vm_rust::player::testing_shared::{sprite, datum, SnapshotContext, TestHarness};
  |                                               ^^^^^
  |
  = note: `#[warn(unused_imports)]` (part of `#[warn(unused)]`) on by default

warning: unused import: `sprite`
 --> tests/e2e/sulake/v31.rs:2:81
  |
2 | use vm_rust::player::testing_shared::{SnapshotContext, TestConfig, TestHarness, sprite};
  |                                                                                 ^^^^^^

warning: unused variable: `suite`
  --> tests/e2e/sulake/shared.rs:93:5
   |
93 |     suite: &str,
   |     ^^^^^ help: if this is intentional, prefix it with an underscore: `_suite`
   |
   = note: `#[warn(unused_variables)]` (part of `#[warn(unused)]`) on by default

warning: unused variable: `test_name`
  --> tests/e2e/sulake/shared.rs:94:5
   |
94 |     test_name: &str,
   |     ^^^^^^^^^ help: if this is intentional, prefix it with an underscore: `_test_name`

warning: unused variable: `movie_asset`
   --> tests/e2e/sulake/shared.rs:113:5
    |
113 |     movie_asset: &str,
    |     ^^^^^^^^^^^ help: if this is intentional, prefix it with an underscore: `_movie_asset`

warning: unused variable: `movie_asset`
   --> tests/e2e/sulake/shared.rs:139:5
    |
139 |     movie_asset: &str,
    |     ^^^^^^^^^^^ help: if this is intentional, prefix it with an underscore: `_movie_asset`

warning: `vm-rust` (test "mod") generated 6 warnings (run `cargo fix --test "mod" -p vm-rust` to apply 6 suggestions)
    Finished `release` profile [optimized] target(s) in 2m 18s

  vm-rust/target/browser_runner/flashPlayerManager.bundle.js  43.1kb

⚡ Done in 25ms
Generated test runner in /Users/clliaw/Projects/dirplayer-rs/vm-rust/target/browser_runner
Running Playwright tests...
[1A[2K[2m[WebServer] [22m(node:52744) Warning: The 'NO_COLOR' env is ignored due to the 'FORCE_COLOR' env being set.
[2m[WebServer] [22m(Use `node --trace-warnings ...` to show where the warning was created)


Running 1 test using 1 worker

[1A[2K(node:52745) Warning: The 'NO_COLOR' env is ignored due to the 'FORCE_COLOR' env being set.
(Use `node --trace-warnings ...` to show where the warning was created)


[1A[2K(node:52745) Warning: The 'NO_COLOR' env is ignored due to the 'FORCE_COLOR' env being set.
(Use `node --trace-warnings ...` to show where the warning was created)


[1A[2K[1/1] vm-rust/tests/browser/e2e.spec.ts:133:1 › browser e2e tests
[1A[2Kvm-rust/tests/browser/e2e.spec.ts:133:1 › browser e2e tests
Saved: dirplayer_test_movies/browser/shapes/init.png

[1A[2K✓ test_dpt_shapes_load

[1A[2K1 passed, 0 failed

[1A[2K  1 passed (6.4s)
Report written to /Users/clliaw/Projects/dirplayer-rs/test-results/snapshot-report (1 suites, 0 changed, 1 snapshots)
